row_id,order_id,order_date,ship_date,ship_mode,customer_id,customer_name,segment,country,city,state,postal_code,region,product_id,category,sub_category,product_name,sales,quantity,discount,profit,sales_outlier
1,CA-2016-152156,2016-11-08,2016-11-11,Second Class,CG-12520,Claire Gute,Consumer,United States,Henderson,Kentucky,42420,South,FUR-BO-10001798,Furniture,Bookcases,Bush Somerset Collection Bookcase,261.96,2,0.0,41.9136,False
2,CA-2016-152156,2016-11-08,2016-11-11,Second Class,CG-12520,Claire Gute,Consumer,United States,Henderson,Kentucky,42420,South,FUR-CH-10000454,Furniture,Chairs,"Hon Deluxe Fabric Upholstered Stacking Chairs, Rounded Back",731.94,3,0.0,219.582,True
14,CA-2016-161389,2016-12-05,2016-12-10,Standard Class,IM-15070,Irene Maddox,Consumer,United States,Seattle,Washington,98103,West,OFF-BI-10003656,Office Supplies,Binders,Fellowes PB200 Plastic Comb Binding Machine,407.976,3,0.2,132.5922,False
36,CA-2016-117590,2016-12-08,2016-12-10,First Class,GH-14485,Gene Hale,Corporate,United States,Richardson,Texas,75080,Central,TEC-PH-10004977,Technology,Phones,GE 30524EE4,1097.544,7,0.2,123.4737,True
37,CA-2016-117590,2016-12-08,2016-12-10,First Class,GH-14485,Gene Hale,Corporate,United States,Richardson,Texas,75080,Central,FUR-FU-10003664,Furniture,Furnishings,"Electrix Architect's Clamp-On Swing Arm Lamp, Black",190.92,5,0.6,-147.963,False
68,CA-2014-106376,2014-12-05,2014-12-10,Standard Class,BS-11590,Brendan Sweed,Corporate,United States,Gilbert,Arizona,85234,West,OFF-AR-10002671,Office Supplies,Art,"Hunt BOSTON Model 1606 High-Volume Electric Pencil Sharpener, Beige",1113.024,8,0.2,111.3024,True
69,CA-2014-106376,2014-12-05,2014-12-10,Standard Class,BS-11590,Brendan Sweed,Corporate,United States,Gilbert,Arizona,85234,West,TEC-PH-10002726,Technology,Phones,netTALK DUO VoIP Telephone Service,167.968,4,0.2,62.988,False
70,CA-2016-119823,2016-06-04,2016-06-06,First Class,KD-16270,Karen Daniels,Consumer,United States,Springfield,Virginia,22153,South,OFF-PA-10000482,Office Supplies,Paper,"Snap-A-Way Black Print Carbonless Ruled Speed Letter, Triplicate",75.88,2,0.0,35.6636,False
76,US-2017-118038,2017-12-09,2017-12-11,First Class,KB-16600,Ken Brennan,Corporate,United States,Houston,Texas,77041,Central,OFF-BI-10004182,Office Supplies,Binders,Economy Binders,1.248,3,0.8,-1.9344,False
77,US-2017-118038,2017-12-09,2017-12-11,First Class,KB-16600,Ken Brennan,Corporate,United States,Houston,Texas,77041,Central,FUR-FU-10000260,Furniture,Furnishings,"6"" Cubicle Wall Clock, Black",9.708,3,0.6,-5.8248,False
78,US-2017-118038,2017-12-09,2017-12-11,First Class,KB-16600,Ken Brennan,Corporate,United States,Houston,Texas,77041,Central,OFF-ST-10000615,Office Supplies,Storage,"SimpliFile Personal File, Black Granite, 15w x 6-15/16d x 11-1/4h",27.24,3,0.2,2.724,False
84,CA-2015-149734,2015-09-03,2015-09-08,Standard Class,JC-16105,Julie Creighton,Corporate,United States,Durham,North Carolina,27707,South,OFF-EN-10000927,Office Supplies,Envelopes,Jet-Pak Recycled Peel 'N' Seal Padded Mailers,200.984,7,0.2,62.8075,False
89,CA-2016-159695,2016-04-05,2016-04-10,Second Class,GM-14455,Gary Mitchum,Home Office,United States,Houston,Texas,77095,Central,OFF-ST-10003442,Office Supplies,Storage,Eldon Portable Mobile Manager,158.368,7,0.2,13.8572,False
96,US-2017-109484,2017-11-06,2017-11-12,Standard Class,RB-19705,Roger Barcio,Home Office,United States,Portland,Oregon,97206,West,OFF-BI-10004738,Office Supplies,Binders,Flexible Leather- Look Classic Collection Ring Binder,5.682,1,0.7,-3.788,False
97,CA-2017-161018,2017-11-09,2017-11-11,Second Class,PN-18775,Parhena Norris,Home Office,United States,New York City,New York,10009,East,FUR-FU-10000629,Furniture,Furnishings,9-3/4 Diameter Round Wall Clock,96.53,7,0.0,40.5426,False
99,CA-2016-149223,2016-09-06,2016-09-11,Standard Class,ER-13855,Elpida Rittenbach,Corporate,United States,Saint Paul,Minnesota,55106,Central,OFF-AP-10000358,Office Supplies,Appliances,Fellowes Basic Home/Office Series Surge Protectors,77.88,6,0.0,22.5852,False
103,CA-2016-129903,2016-12-01,2016-12-04,Second Class,GZ-14470,Gary Zandusky,Consumer,United States,Rochester,Minnesota,55901,Central,OFF-PA-10004040,Office Supplies,Paper,Universal Premium White Copier/Laser Paper (20Lb. and 87 Bright),23.92,4,0.0,11.7208,False
112,CA-2016-128867,2016-11-03,2016-11-10,Standard Class,CL-12565,Clay Ludtke,Consumer,United States,Urbandale,Iowa,50322,Central,OFF-AR-10000380,Office Supplies,Art,"Hunt PowerHouse Electric Pencil Sharpener, Blue",75.96,2,0.0,22.788,False
113,CA-2016-128867,2016-11-03,2016-11-10,Standard Class,CL-12565,Clay Ludtke,Consumer,United States,Urbandale,Iowa,50322,Central,OFF-BI-10003981,Office Supplies,Binders,"Avery Durable Plastic 1"" Binders",27.24,6,0.0,13.3476,False
118,CA-2015-110457,2015-03-02,2015-03-06,Standard Class,DK-13090,Dave Kipp,Consumer,United States,Seattle,Washington,98103,West,FUR-TA-10001768,Furniture,Tables,Hon Racetrack Conference Tables,787.53,3,0.0,165.3813,True
119,US-2015-136476,2015-04-05,2015-04-10,Standard Class,GG-14650,Greg Guthrie,Corporate,United States,Bristol,Tennessee,37620,South,OFF-BI-10003650,Office Supplies,Binders,GBC DocuBind 300 Electric Binding Machine,157.794,1,0.7,-115.7156,False
127,US-2017-107272,2017-11-05,2017-11-12,Standard Class,TS-21610,Troy Staebel,Consumer,United States,Phoenix,Arizona,85023,West,OFF-BI-10003274,Office Supplies,Binders,"Avery Durable Slant Ring Binders, No Labels",2.388,2,0.7,-1.8308,False
128,US-2017-107272,2017-11-05,2017-11-12,Standard Class,TS-21610,Troy Staebel,Consumer,United States,Phoenix,Arizona,85023,West,OFF-ST-10002974,Office Supplies,Storage,"Trav-L-File Heavy-Duty Shuttle II, Black",243.992,7,0.2,30.499,False
129,US-2016-125969,2016-11-06,2016-11-10,Second Class,LS-16975,Lindsay Shagiari,Home Office,United States,Los Angeles,California,90004,West,FUR-CH-10001146,Furniture,Chairs,"Global Task Chair, Black",81.424,2,0.2,-9.1602,False
130,US-2016-125969,2016-11-06,2016-11-10,Second Class,LS-16975,Lindsay Shagiari,Home Office,United States,Los Angeles,California,90004,West,FUR-FU-10003773,Furniture,Furnishings,Eldon Cleatmat Plus Chair Mats for High Pile Carpets,238.56,3,0.0,26.2416,False
131,US-2017-164147,2017-02-02,2017-02-05,First Class,DW-13585,Dorothy Wardle,Corporate,United States,Columbus,Ohio,43229,East,TEC-PH-10002293,Technology,Phones,Anker 36W 4-Port USB Wall Charger Travel Power Adapter for iPhone 5s 5c 5,59.97,5,0.4,-11.994,False
132,US-2017-164147,2017-02-02,2017-02-05,First Class,DW-13585,Dorothy Wardle,Corporate,United States,Columbus,Ohio,43229,East,OFF-PA-10002377,Office Supplies,Paper,Xerox 1916,78.304,2,0.2,29.364,False
133,US-2017-164147,2017-02-02,2017-02-05,First Class,DW-13585,Dorothy Wardle,Corporate,United States,Columbus,Ohio,43229,East,OFF-FA-10002780,Office Supplies,Fasteners,Staples,21.456,9,0.2,6.9732,False
141,CA-2016-110366,2016-09-05,2016-09-07,Second Class,JD-15895,Jonathan Doherty,Corporate,United States,Philadelphia,Pennsylvania,19140,East,FUR-FU-10004848,Furniture,Furnishings,"Howard Miller 13-3/4"" Diameter Brushed Chrome Round Wall Clock",82.8,2,0.2,10.35,False
146,CA-2015-110744,2015-09-07,2015-09-12,Standard Class,HA-14920,Helen Andreada,Consumer,United States,Pasadena,California,91104,West,OFF-ST-10003656,Office Supplies,Storage,Safco Industrial Wire Shelving,671.93,7,0.0,20.1579,True
148,CA-2016-114489,2016-12-05,2016-12-09,Standard Class,JE-16165,Justin Ellison,Corporate,United States,Franklin,Wisconsin,53132,Central,TEC-PH-10000215,Technology,Phones,Plantronics Cordlessï¿½Phone Headsetï¿½with In-line Volume - M214C,384.45,11,0.0,103.8015,False
149,CA-2016-114489,2016-12-05,2016-12-09,Standard Class,JE-16165,Justin Ellison,Corporate,United States,Franklin,Wisconsin,53132,Central,TEC-PH-10001448,Technology,Phones,Anker Astro 15000mAh USB Portable Charger,149.97,3,0.0,5.9988,False
150,CA-2016-114489,2016-12-05,2016-12-09,Standard Class,JE-16165,Justin Ellison,Corporate,United States,Franklin,Wisconsin,53132,Central,FUR-CH-10000454,Furniture,Chairs,"Hon Deluxe Fabric Upholstered Stacking Chairs, Rounded Back",1951.84,8,0.0,585.552,True
151,CA-2016-114489,2016-12-05,2016-12-09,Standard Class,JE-16165,Justin Ellison,Corporate,United States,Franklin,Wisconsin,53132,Central,OFF-BI-10002735,Office Supplies,Binders,GBC Prestige Therm-A-Bind Covers,171.55,5,0.0,80.6285,False
158,CA-2014-104269,2014-03-01,2014-03-06,Second Class,DB-13060,Dave Brooks,Consumer,United States,Seattle,Washington,98115,West,FUR-CH-10004063,Furniture,Chairs,Global Deluxe High-Back Manager's Chair,457.568,2,0.2,51.4764,False
161,CA-2016-162733,2016-05-11,2016-05-12,First Class,TT-21070,Ted Trevino,Consumer,United States,Los Angeles,California,90045,West,OFF-PA-10002751,Office Supplies,Paper,Xerox 1920,5.98,1,0.0,2.691,False
164,CA-2016-113817,2016-11-07,2016-11-11,Standard Class,MJ-17740,Max Jones,Consumer,United States,Seattle,Washington,98115,West,OFF-BI-10004002,Office Supplies,Binders,Wilson Jones International Size A4 Ring Binders,27.68,2,0.2,9.688,False
165,CA-2014-139892,2014-09-08,2014-09-12,Standard Class,BM-11140,Becky Martin,Consumer,United States,San Antonio,Texas,78207,Central,OFF-AR-10004441,Office Supplies,Art,BIC Brite Liner Highlighters,9.936,3,0.2,2.7324,False
166,CA-2014-139892,2014-09-08,2014-09-12,Standard Class,BM-11140,Becky Martin,Consumer,United States,San Antonio,Texas,78207,Central,TEC-MA-10000822,Technology,Machines,Lexmark MX611dhe Monochrome Laser Printer,8159.952,8,0.4,-1359.992,True
167,CA-2014-139892,2014-09-08,2014-09-12,Standard Class,BM-11140,Becky Martin,Consumer,United States,San Antonio,Texas,78207,Central,OFF-ST-10000991,Office Supplies,Storage,Space Solutions HD Industrial Steel Shelving.,275.928,3,0.2,-58.6347,False
168,CA-2014-139892,2014-09-08,2014-09-12,Standard Class,BM-11140,Becky Martin,Consumer,United States,San Antonio,Texas,78207,Central,FUR-CH-10004287,Furniture,Chairs,SAFCO Arco Folding Chair,1740.06,9,0.3,-24.858,True
169,CA-2014-139892,2014-09-08,2014-09-12,Standard Class,BM-11140,Becky Martin,Consumer,United States,San Antonio,Texas,78207,Central,OFF-AR-10002656,Office Supplies,Art,Sanford Liquid Accent Highlighters,32.064,6,0.2,6.8136,False
170,CA-2014-139892,2014-09-08,2014-09-12,Standard Class,BM-11140,Becky Martin,Consumer,United States,San Antonio,Texas,78207,Central,OFF-AP-10002518,Office Supplies,Appliances,Kensington 7 Outlet MasterPiece Power Center,177.98,5,0.8,-453.849,False
171,CA-2014-139892,2014-09-08,2014-09-12,Standard Class,BM-11140,Becky Martin,Consumer,United States,San Antonio,Texas,78207,Central,TEC-PH-10003931,Technology,Phones,JBL Micro Wireless Portable Bluetooth Speaker,143.976,3,0.2,8.9985,False
172,CA-2014-118962,2014-08-05,2014-08-09,Standard Class,CS-12130,Chad Sievert,Consumer,United States,Los Angeles,California,90004,West,OFF-PA-10000659,Office Supplies,Paper,"Adams Phone Message Book, Professional, 400 Message Capacity, 5 3/6ï¿½ x 11ï¿½",20.94,3,0.0,9.8418,False
173,CA-2014-118962,2014-08-05,2014-08-09,Standard Class,CS-12130,Chad Sievert,Consumer,United States,Los Angeles,California,90004,West,OFF-PA-10001144,Office Supplies,Paper,Xerox 1913,110.96,2,0.0,53.2608,False
174,CA-2014-118962,2014-08-05,2014-08-09,Standard Class,CS-12130,Chad Sievert,Consumer,United States,Los Angeles,California,90004,West,FUR-CH-10003817,Furniture,Chairs,"Global Value Steno Chair, Gray",340.144,7,0.2,21.259,False
181,CA-2014-166191,2014-12-05,2014-12-09,Second Class,DK-13150,David Kendrick,Corporate,United States,Decatur,Illinois,62521,Central,OFF-ST-10003455,Office Supplies,Storage,"Tenex File Box, Personal Filing Tote with Lid, Black",24.816,2,0.2,1.8612,False
182,CA-2014-166191,2014-12-05,2014-12-09,Second Class,DK-13150,David Kendrick,Corporate,United States,Decatur,Illinois,62521,Central,TEC-AC-10004659,Technology,Accessories,Imationï¿½Secure+ Hardware Encrypted USB 2.0ï¿½Flash Drive; 16GB,408.744,7,0.2,76.6395,False
202,CA-2014-133690,2014-08-03,2014-08-05,First Class,BS-11755,Bruce Stewart,Consumer,United States,Denver,Colorado,80219,West,FUR-TA-10004289,Furniture,Tables,BoxOffice By Design Rectangular and Half-Moon Meeting Room Tables,218.75,2,0.5,-161.875,False
203,CA-2014-133690,2014-08-03,2014-08-05,First Class,BS-11755,Bruce Stewart,Consumer,United States,Denver,Colorado,80219,West,OFF-AP-10003622,Office Supplies,Appliances,"Bravo II Megaboss 12-Amp Hard Body Upright, Replacement Belts, 2 Belts per Pack",2.6,1,0.2,0.2925,False
205,CA-2017-126382,2017-06-03,2017-06-07,Standard Class,HK-14890,Heather Kirkland,Corporate,United States,Franklin,Tennessee,37064,South,FUR-FU-10002960,Furniture,Furnishings,"Eldon 200 Class Desk Accessories, Burgundy",35.168,7,0.2,9.6712,False
207,CA-2017-135860,2017-12-01,2017-12-07,Standard Class,JH-15985,Joseph Holt,Consumer,United States,Saginaw,Michigan,48601,Central,OFF-ST-10000642,Office Supplies,Storage,"Tennsco Lockers, Gray",83.92,4,0.0,5.8744,False
208,CA-2017-135860,2017-12-01,2017-12-07,Standard Class,JH-15985,Joseph Holt,Consumer,United States,Saginaw,Michigan,48601,Central,TEC-PH-10001700,Technology,Phones,Panasonic KX-TG6844B Expandable Digital Cordless Telephone,131.98,2,0.0,35.6346,False
209,CA-2017-135860,2017-12-01,2017-12-07,Standard Class,JH-15985,Joseph Holt,Consumer,United States,Saginaw,Michigan,48601,Central,OFF-BI-10003274,Office Supplies,Binders,"Avery Durable Slant Ring Binders, No Labels",15.92,4,0.0,7.4824,False
210,CA-2017-135860,2017-12-01,2017-12-07,Standard Class,JH-15985,Joseph Holt,Consumer,United States,Saginaw,Michigan,48601,Central,OFF-FA-10000134,Office Supplies,Fasteners,"Advantus Push Pins, Aluminum Head",52.29,9,0.0,16.2099,False
211,CA-2017-135860,2017-12-01,2017-12-07,Standard Class,JH-15985,Joseph Holt,Consumer,United States,Saginaw,Michigan,48601,Central,OFF-ST-10001522,Office Supplies,Storage,"Gould Plastics 18-Pocket Panel Bin, 34w x 5-1/4d x 20-1/2h",91.99,1,0.0,3.6796,False
213,CA-2015-146262,2015-01-02,2015-01-09,Standard Class,VW-21775,Victoria Wilson,Corporate,United States,Medina,Ohio,44256,East,OFF-LA-10004544,Office Supplies,Labels,Avery 505,23.68,2,0.2,8.88,False
214,CA-2015-146262,2015-01-02,2015-01-09,Standard Class,VW-21775,Victoria Wilson,Corporate,United States,Medina,Ohio,44256,East,FUR-BO-10004695,Furniture,Bookcases,O'Sullivan 2-Door Barrister Bookcase in Odessa Pine,452.45,5,0.5,-244.323,False
215,CA-2015-146262,2015-01-02,2015-01-09,Standard Class,VW-21775,Victoria Wilson,Corporate,United States,Medina,Ohio,44256,East,TEC-PH-10002844,Technology,Phones,Speck Products Candyshell Flip Case,62.982,3,0.4,-14.6958,False
216,CA-2015-146262,2015-01-02,2015-01-09,Standard Class,VW-21775,Victoria Wilson,Corporate,United States,Medina,Ohio,44256,East,TEC-MA-10000864,Technology,Machines,Cisco 9971 IP Video Phone Charcoal,1188.0,9,0.7,-950.4,True
217,CA-2015-146262,2015-01-02,2015-01-09,Standard Class,VW-21775,Victoria Wilson,Corporate,United States,Medina,Ohio,44256,East,TEC-AC-10000109,Technology,Accessories,Sony Micro Vault Click 16 GB USB 2.0 Flash Drive,89.584,2,0.2,4.4792,False
232,US-2017-100930,2017-04-07,2017-04-12,Standard Class,CS-12400,Christopher Schild,Home Office,United States,Tampa,Florida,33614,South,FUR-TA-10001705,Furniture,Tables,Bush Advantage Collection Round Conference Table,233.86,2,0.45,-102.048,False
233,US-2017-100930,2017-04-07,2017-04-12,Standard Class,CS-12400,Christopher Schild,Home Office,United States,Tampa,Florida,33614,South,FUR-TA-10003473,Furniture,Tables,Bretford Rectangular Conference Table Tops,620.6145,3,0.45,-248.2458,True
234,US-2017-100930,2017-04-07,2017-04-12,Standard Class,CS-12400,Christopher Schild,Home Office,United States,Tampa,Florida,33614,South,OFF-BI-10001679,Office Supplies,Binders,GBC Instant Index System for Binding Systems,5.328,2,0.7,-3.552,False
235,US-2017-100930,2017-04-07,2017-04-12,Standard Class,CS-12400,Christopher Schild,Home Office,United States,Tampa,Florida,33614,South,FUR-FU-10004017,Furniture,Furnishings,"Tenex Contemporary Contur Chairmats for Low and Medium Pile Carpet, Computer, 39"" x 49""",258.072,3,0.2,0.0,False
236,US-2017-100930,2017-04-07,2017-04-12,Standard Class,CS-12400,Christopher Schild,Home Office,United States,Tampa,Florida,33614,South,TEC-AC-10003832,Technology,Accessories,Logitechï¿½P710e Mobile Speakerphone,617.976,3,0.2,-7.7247,True
238,CA-2016-157749,2016-06-04,2016-06-09,Second Class,KL-16645,Ken Lonsdale,Consumer,United States,Chicago,Illinois,60610,Central,OFF-PA-10003349,Office Supplies,Paper,Xerox 1957,25.92,5,0.2,9.396,False
239,CA-2016-157749,2016-06-04,2016-06-09,Second Class,KL-16645,Ken Lonsdale,Consumer,United States,Chicago,Illinois,60610,Central,FUR-FU-10000576,Furniture,Furnishings,Luxo Professional Fluorescent Magnifier Lamp with Clamp-Mount Base,419.68,5,0.6,-356.728,False
240,CA-2016-157749,2016-06-04,2016-06-09,Second Class,KL-16645,Ken Lonsdale,Consumer,United States,Chicago,Illinois,60610,Central,FUR-FU-10004351,Furniture,Furnishings,Staple-based wall hangings,11.688,3,0.6,-4.6752,False
241,CA-2016-157749,2016-06-04,2016-06-09,Second Class,KL-16645,Ken Lonsdale,Consumer,United States,Chicago,Illinois,60610,Central,TEC-PH-10000011,Technology,Phones,PureGear Roll-On Screen Protector,31.984,2,0.2,11.1944,False
242,CA-2016-157749,2016-06-04,2016-06-09,Second Class,KL-16645,Ken Lonsdale,Consumer,United States,Chicago,Illinois,60610,Central,FUR-TA-10002607,Furniture,Tables,KI Conference Tables,177.225,5,0.5,-120.513,False
243,CA-2016-157749,2016-06-04,2016-06-09,Second Class,KL-16645,Ken Lonsdale,Consumer,United States,Chicago,Illinois,60610,Central,FUR-FU-10002505,Furniture,Furnishings,Eldon 100 Class Desk Accessories,4.044,3,0.6,-2.8308,False
244,CA-2016-157749,2016-06-04,2016-06-09,Second Class,KL-16645,Ken Lonsdale,Consumer,United States,Chicago,Illinois,60610,Central,OFF-AR-10004685,Office Supplies,Art,"Binney & Smith Crayola Metallic Colored Pencils, 8-Color Set",7.408,2,0.2,1.2038,False
245,CA-2014-131926,2014-06-01,2014-06-06,Second Class,DW-13480,Dianna Wilson,Home Office,United States,Lakeville,Minnesota,55044,Central,FUR-CH-10004063,Furniture,Chairs,Global Deluxe High-Back Manager's Chair,2001.86,7,0.0,580.5394,True
246,CA-2014-131926,2014-06-01,2014-06-06,Second Class,DW-13480,Dianna Wilson,Home Office,United States,Lakeville,Minnesota,55044,Central,OFF-ST-10002276,Office Supplies,Storage,Safco Steel Mobile File Cart,166.72,2,0.0,41.68,False
247,CA-2014-131926,2014-06-01,2014-06-06,Second Class,DW-13480,Dianna Wilson,Home Office,United States,Lakeville,Minnesota,55044,Central,OFF-PA-10004082,Office Supplies,Paper,"Adams Telephone Message Book w/Frequently-Called Numbers Space, 400 Messages per Book",47.88,6,0.0,23.94,False
248,CA-2014-131926,2014-06-01,2014-06-06,Second Class,DW-13480,Dianna Wilson,Home Office,United States,Lakeville,Minnesota,55044,Central,OFF-AP-10002945,Office Supplies,Appliances,Honeywell Enviracaire Portable HEPA Air Cleaner for 17' x 22' Room,1503.25,5,0.0,496.0725,True
249,CA-2014-131926,2014-06-01,2014-06-06,Second Class,DW-13480,Dianna Wilson,Home Office,United States,Lakeville,Minnesota,55044,Central,OFF-PA-10000061,Office Supplies,Paper,Xerox 205,25.92,4,0.0,12.4416,False
259,CA-2017-163139,2017-12-01,2017-12-03,Second Class,CC-12670,Craig Carreira,Consumer,United States,New York City,New York,10009,East,TEC-AC-10000290,Technology,Accessories,Sabrent 4-Port USB 2.0 Hub,20.37,3,0.0,6.9258,False
260,CA-2017-163139,2017-12-01,2017-12-03,Second Class,CC-12670,Craig Carreira,Consumer,United States,New York City,New York,10009,East,OFF-ST-10002790,Office Supplies,Storage,Safco Industrial Shelving,221.55,3,0.0,6.6465,False
261,CA-2017-163139,2017-12-01,2017-12-03,Second Class,CC-12670,Craig Carreira,Consumer,United States,New York City,New York,10009,East,OFF-BI-10003460,Office Supplies,Binders,Acco 3-Hole Punch,17.52,5,0.2,6.132,False
262,US-2017-155299,2017-06-08,2017-06-12,Standard Class,Dl-13600,Dorris liebe,Corporate,United States,Pasadena,Texas,77506,Central,OFF-AP-10002203,Office Supplies,Appliances,Eureka Disposable Bags for Sanitaire Vibra Groomer I Upright Vac,1.624,2,0.8,-4.466,False
283,CA-2015-130890,2015-11-02,2015-11-06,Standard Class,JO-15280,Jas O'Carroll,Consumer,United States,Los Angeles,California,90004,West,FUR-TA-10002903,Furniture,Tables,"Bevis Round Bullnose 29"" High Table Top",1038.84,5,0.2,51.942,True
305,CA-2015-144253,2015-05-04,2015-05-09,Second Class,AS-10225,Alan Schoenberger,Corporate,United States,New York City,New York,10024,East,FUR-FU-10002671,Furniture,Furnishings,Electrix 20W Halogen Replacement Bulb for Zoom-In Desk Lamp,26.8,2,0.0,12.864,False
307,CA-2014-111003,2014-06-01,2014-06-06,Standard Class,CR-12625,Corey Roper,Home Office,United States,Lakewood,New Jersey,8701,East,OFF-BI-10001072,Office Supplies,Binders,"GBC Clear Cover, 8-1/2 x 11, unpunched, 25 covers per pack",45.48,3,0.0,20.9208,False
308,CA-2014-111003,2014-06-01,2014-06-06,Standard Class,CR-12625,Corey Roper,Home Office,United States,Lakewood,New Jersey,8701,East,OFF-AR-10002135,Office Supplies,Art,Boston Heavy-Duty Trimline Electric Pencil Sharpeners,289.2,6,0.0,83.868,False
318,CA-2014-164973,2014-11-04,2014-11-09,Standard Class,NM-18445,Nathan Mautz,Home Office,United States,New York City,New York,10024,East,FUR-CH-10002602,Furniture,Chairs,DMI Arturo Collection Mission-style Design Wood Chair,135.882,1,0.1,24.1568,False
319,CA-2014-164973,2014-11-04,2014-11-09,Standard Class,NM-18445,Nathan Mautz,Home Office,United States,New York City,New York,10024,East,TEC-MA-10002927,Technology,Machines,Canon imageCLASS MF7460 Monochrome Digital Laser Multifunction Copier,3991.98,2,0.0,1995.99,True
320,CA-2014-164973,2014-11-04,2014-11-09,Standard Class,NM-18445,Nathan Mautz,Home Office,United States,New York City,New York,10024,East,TEC-PH-10004093,Technology,Phones,Panasonic Kx-TS550,275.94,6,0.0,80.0226,False
321,CA-2014-164973,2014-11-04,2014-11-09,Standard Class,NM-18445,Nathan Mautz,Home Office,United States,New York City,New York,10024,East,TEC-AC-10000892,Technology,Accessories,NETGEAR N750 Dual Band Wi-Fi Gigabit Router,360.0,4,0.0,129.6,False
322,CA-2014-164973,2014-11-04,2014-11-09,Standard Class,NM-18445,Nathan Mautz,Home Office,United States,New York City,New York,10024,East,OFF-ST-10002974,Office Supplies,Storage,"Trav-L-File Heavy-Duty Shuttle II, Black",43.57,1,0.0,13.071,False
326,CA-2017-153339,2017-11-03,2017-11-05,Second Class,DJ-13510,Don Jones,Corporate,United States,Murfreesboro,Tennessee,37130,South,FUR-FU-10001967,Furniture,Furnishings,Telescoping Adjustable Floor Lamp,15.992,1,0.2,0.9995,False
335,CA-2015-137946,2015-09-01,2015-09-04,Second Class,DB-13615,Doug Bickford,Consumer,United States,Los Angeles,California,90045,West,OFF-BI-10001922,Office Supplies,Binders,Storex Dura Pro Binders,4.752,1,0.2,1.6038,False
336,CA-2015-137946,2015-09-01,2015-09-04,Second Class,DB-13615,Doug Bickford,Consumer,United States,Los Angeles,California,90045,West,TEC-CO-10001449,Technology,Copiers,Hewlett Packard LaserJet 3310 Copier,959.984,2,0.2,335.9944,True
337,CA-2015-137946,2015-09-01,2015-09-04,Second Class,DB-13615,Doug Bickford,Consumer,United States,Los Angeles,California,90045,West,OFF-BI-10004140,Office Supplies,Binders,Avery Non-Stick Binders,14.368,4,0.2,4.49,False
347,CA-2017-134306,2017-07-08,2017-07-12,Standard Class,TD-20995,Tamara Dahlen,Consumer,United States,Lowell,Massachusetts,1852,East,OFF-AR-10004027,Office Supplies,Art,"Binney & Smith inkTank Erasable Desk Highlighter, Chisel Tip, Yellow, 12/Box",7.56,3,0.0,3.0996,False
348,CA-2017-134306,2017-07-08,2017-07-12,Standard Class,TD-20995,Tamara Dahlen,Consumer,United States,Lowell,Massachusetts,1852,East,OFF-PA-10000249,Office Supplies,Paper,Easy-staple paper,24.56,2,0.0,11.5432,False
349,CA-2017-134306,2017-07-08,2017-07-12,Standard Class,TD-20995,Tamara Dahlen,Consumer,United States,Lowell,Massachusetts,1852,East,OFF-AR-10001374,Office Supplies,Art,"BIC Brite Liner Highlighters, Chisel Tip",12.96,2,0.0,4.1472,False
350,CA-2016-129714,2016-09-01,2016-09-03,First Class,AB-10060,Adam Bellavance,Home Office,United States,New York City,New York,10009,East,TEC-AC-10000290,Technology,Accessories,Sabrent 4-Port USB 2.0 Hub,6.79,1,0.0,2.3086,False
351,CA-2016-129714,2016-09-01,2016-09-03,First Class,AB-10060,Adam Bellavance,Home Office,United States,New York City,New York,10009,East,OFF-PA-10001970,Office Supplies,Paper,Xerox 1881,24.56,2,0.0,11.5432,False
352,CA-2016-129714,2016-09-01,2016-09-03,First Class,AB-10060,Adam Bellavance,Home Office,United States,New York City,New York,10009,East,OFF-BI-10002160,Office Supplies,Binders,Acco Hanging Data Binders,3.048,1,0.2,1.0668,False
353,CA-2016-129714,2016-09-01,2016-09-03,First Class,AB-10060,Adam Bellavance,Home Office,United States,New York City,New York,10009,East,OFF-PA-10001970,Office Supplies,Paper,Xerox 1881,49.12,4,0.0,23.0864,False
354,CA-2016-129714,2016-09-01,2016-09-03,First Class,AB-10060,Adam Bellavance,Home Office,United States,New York City,New York,10009,East,OFF-BI-10004995,Office Supplies,Binders,GBC DocuBind P400 Electric Binding System,4355.168,4,0.2,1415.4296,True
360,CA-2017-155698,2017-03-08,2017-03-11,First Class,VB-21745,Victoria Brennan,Corporate,United States,Columbus,Georgia,31907,South,OFF-AP-10001124,Office Supplies,Appliances,Belkin 8 Outlet SurgeMaster II Gold Surge Protector with Phone Protection,647.84,8,0.0,168.4384,True
361,CA-2017-155698,2017-03-08,2017-03-11,First Class,VB-21745,Victoria Brennan,Corporate,United States,Columbus,Georgia,31907,South,OFF-LA-10001158,Office Supplies,Labels,"Avery Address/Shipping Labels for Typewriters, 4"" x 2""",20.7,2,0.0,9.936,False
387,CA-2015-122756,2015-12-03,2015-12-07,Standard Class,DK-13225,Dean Katz,Corporate,United States,Philadelphia,Pennsylvania,19140,East,TEC-MA-10001681,Technology,Machines,Lexmark MarkNet N8150 Wireless Print Server,482.34,4,0.7,-337.638,True
388,CA-2015-122756,2015-12-03,2015-12-07,Standard Class,DK-13225,Dean Katz,Corporate,United States,Philadelphia,Pennsylvania,19140,East,FUR-FU-10001935,Furniture,Furnishings,3M Hangers With Command Adhesive,2.96,1,0.2,0.777,False
394,US-2014-134971,2014-06-07,2014-06-10,Second Class,BP-11095,Bart Pistole,Corporate,United States,Peoria,Illinois,61604,Central,OFF-BI-10003982,Office Supplies,Binders,Wilson Jones Century Plastic Molded Ring Binders,12.462,3,0.8,-20.5623,False
399,CA-2016-108987,2016-09-08,2016-09-10,Second Class,AG-10675,Anna Gayman,Consumer,United States,Houston,Texas,77036,Central,OFF-ST-10001580,Office Supplies,Storage,Super Decoflex Portable Personal File,35.952,3,0.2,3.5952,False
400,CA-2016-108987,2016-09-08,2016-09-10,Second Class,AG-10675,Anna Gayman,Consumer,United States,Houston,Texas,77036,Central,FUR-BO-10004834,Furniture,Bookcases,"Riverside Palais Royal Lawyers Bookcase, Royale Cherry Finish",2396.2656,4,0.32,-317.1528,True
401,CA-2016-108987,2016-09-08,2016-09-10,Second Class,AG-10675,Anna Gayman,Consumer,United States,Houston,Texas,77036,Central,OFF-ST-10000934,Office Supplies,Storage,"Contico 72""H Heavy-Duty Storage System",131.136,4,0.2,-32.784,False
402,CA-2016-108987,2016-09-08,2016-09-10,Second Class,AG-10675,Anna Gayman,Consumer,United States,Houston,Texas,77036,Central,TEC-AC-10000158,Technology,Accessories,Sony 64GB Class 10 Micro SDHC R40 Memory Card,57.584,2,0.2,0.7198,False
406,CA-2017-117457,2017-12-08,2017-12-12,Standard Class,KH-16510,Keith Herrera,Consumer,United States,San Francisco,California,94110,West,TEC-AC-10000158,Technology,Accessories,Sony 64GB Class 10 Micro SDHC R40 Memory Card,179.95,5,0.0,37.7895,False
407,CA-2017-117457,2017-12-08,2017-12-12,Standard Class,KH-16510,Keith Herrera,Consumer,United States,San Francisco,California,94110,West,TEC-CO-10004115,Technology,Copiers,Sharp AL-1530CS Digital Copier,1199.976,3,0.2,434.9913,True
408,CA-2017-117457,2017-12-08,2017-12-12,Standard Class,KH-16510,Keith Herrera,Consumer,United States,San Francisco,California,94110,West,OFF-PA-10003724,Office Supplies,Paper,"Wirebound Message Book, 4 per Page",27.15,5,0.0,13.3035,False
409,CA-2017-117457,2017-12-08,2017-12-12,Standard Class,KH-16510,Keith Herrera,Consumer,United States,San Francisco,California,94110,West,FUR-TA-10002041,Furniture,Tables,"Bevis Round Conference Table Top, X-Base",1004.024,7,0.2,-112.9527,True
410,CA-2017-117457,2017-12-08,2017-12-12,Standard Class,KH-16510,Keith Herrera,Consumer,United States,San Francisco,California,94110,West,OFF-PA-10002893,Office Supplies,Paper,"Wirebound Service Call Books, 5 1/2"" x 4""",9.68,1,0.0,4.6464,False
411,CA-2017-117457,2017-12-08,2017-12-12,Standard Class,KH-16510,Keith Herrera,Consumer,United States,San Francisco,California,94110,West,OFF-LA-10003766,Office Supplies,Labels,Self-Adhesive Removable Labels,28.35,9,0.0,13.608,False
412,CA-2017-117457,2017-12-08,2017-12-12,Standard Class,KH-16510,Keith Herrera,Consumer,United States,San Francisco,California,94110,West,OFF-PA-10001970,Office Supplies,Paper,Xerox 1908,55.98,1,0.0,27.4302,False
413,CA-2017-117457,2017-12-08,2017-12-12,Standard Class,KH-16510,Keith Herrera,Consumer,United States,San Francisco,California,94110,West,FUR-BO-10001972,Furniture,Bookcases,O'Sullivan 4-Shelf Bookcase in Odessa Pine,1336.829,13,0.15,31.4548,True
414,CA-2017-117457,2017-12-08,2017-12-12,Standard Class,KH-16510,Keith Herrera,Consumer,United States,San Francisco,California,94110,West,FUR-CH-10003956,Furniture,Chairs,Novimex High-Tech Fabric Mesh Task Chair,113.568,2,0.2,-18.4548,False
415,CA-2017-142636,2017-11-03,2017-11-07,Standard Class,KC-16675,Kimberly Carter,Corporate,United States,Seattle,Washington,98105,West,OFF-PA-10000157,Office Supplies,Paper,Xerox 191,139.86,7,0.0,65.7342,False
416,CA-2017-142636,2017-11-03,2017-11-07,Standard Class,KC-16675,Kimberly Carter,Corporate,United States,Seattle,Washington,98105,West,FUR-CH-10001891,Furniture,Chairs,Global Deluxe Office Fabric Chairs,307.136,4,0.2,26.8744,False
419,CA-2017-154816,2017-11-06,2017-11-10,Standard Class,VB-21745,Victoria Brennan,Corporate,United States,Richmond,Kentucky,40475,South,OFF-PA-10003845,Office Supplies,Paper,Xerox 1987,5.78,1,0.0,2.8322,False
420,CA-2017-110478,2017-03-04,2017-03-09,Standard Class,SP-20860,Sung Pak,Corporate,United States,Los Angeles,California,90045,West,OFF-AR-10001573,Office Supplies,Art,American Pencil,9.32,4,0.0,2.7028,False
421,CA-2017-110478,2017-03-04,2017-03-09,Standard Class,SP-20860,Sung Pak,Corporate,United States,Los Angeles,California,90045,West,OFF-EN-10000483,Office Supplies,Envelopes,"White Envelopes, White Envelopes with Clear Poly Window",15.25,1,0.0,7.015,False
429,CA-2017-152275,2017-10-01,2017-10-08,Standard Class,KH-16630,Ken Heidel,Corporate,United States,San Antonio,Texas,78207,Central,OFF-AR-10000369,Office Supplies,Art,Design Ebony Sketching Pencil,6.672,6,0.2,0.5004,False
434,CA-2016-127369,2016-06-06,2016-06-07,First Class,DB-13060,Dave Brooks,Consumer,United States,Lowell,Massachusetts,1852,East,OFF-ST-10003306,Office Supplies,Storage,Letter Size Cart,714.3,5,0.0,207.147,True
441,CA-2016-115756,2016-09-05,2016-09-07,Second Class,PK-19075,Pete Kriz,Consumer,United States,Detroit,Michigan,48227,Central,FUR-FU-10000246,Furniture,Furnishings,Aluminum Document Frame,12.22,1,0.0,3.666,False
442,CA-2016-115756,2016-09-05,2016-09-07,Second Class,PK-19075,Pete Kriz,Consumer,United States,Detroit,Michigan,48227,Central,OFF-ST-10000060,Office Supplies,Storage,Fellowes Bankers Box Staxonsteel Drawer File/Stacking System,194.94,3,0.0,23.3928,False
443,CA-2016-115756,2016-09-05,2016-09-07,Second Class,PK-19075,Pete Kriz,Consumer,United States,Detroit,Michigan,48227,Central,OFF-ST-10003058,Office Supplies,Storage,Eldon Mobile Mega Data Cart  Mega Stackable  Add-On Trays,70.95,3,0.0,20.5755,False
444,CA-2016-115756,2016-09-05,2016-09-07,Second Class,PK-19075,Pete Kriz,Consumer,United States,Detroit,Michigan,48227,Central,OFF-PA-10002222,Office Supplies,Paper,"Xerox Color Copier Paper, 11"" x 17"", Ream",91.36,4,0.0,42.0256,False
445,CA-2016-115756,2016-09-05,2016-09-07,Second Class,PK-19075,Pete Kriz,Consumer,United States,Detroit,Michigan,48227,Central,FUR-CH-10002372,Furniture,Chairs,Office Star - Ergonomically Designed Knee Chair,242.94,3,0.0,29.1528,False
446,CA-2016-115756,2016-09-05,2016-09-07,Second Class,PK-19075,Pete Kriz,Consumer,United States,Detroit,Michigan,48227,Central,OFF-LA-10001317,Office Supplies,Labels,Avery 520,22.05,7,0.0,10.584,False
448,CA-2016-166674,2016-04-01,2016-04-03,Second Class,RB-19360,Raymond Buch,Consumer,United States,Auburn,New York,13021,East,OFF-AR-10000588,Office Supplies,Art,Newell 345,59.52,3,0.0,15.4752,False
449,CA-2016-166674,2016-04-01,2016-04-03,Second Class,RB-19360,Raymond Buch,Consumer,United States,Auburn,New York,13021,East,OFF-ST-10001469,Office Supplies,Storage,Fellowes Bankers Box Recycled Super Stor/Drawer,161.94,3,0.0,9.7164,False
450,CA-2016-166674,2016-04-01,2016-04-03,Second Class,RB-19360,Raymond Buch,Consumer,United States,Auburn,New York,13021,East,OFF-AR-10001953,Office Supplies,Art,Boston 1645 Deluxe Heavier-Duty Electric Pencil Sharpener,263.88,6,0.0,71.2476,False
451,CA-2016-166674,2016-04-01,2016-04-03,Second Class,RB-19360,Raymond Buch,Consumer,United States,Auburn,New York,13021,East,OFF-AR-10003156,Office Supplies,Art,50 Colored Long Pencils,30.48,3,0.0,7.9248,False
452,CA-2016-166674,2016-04-01,2016-04-03,Second Class,RB-19360,Raymond Buch,Consumer,United States,Auburn,New York,13021,East,OFF-AR-10004974,Office Supplies,Art,Newell 342,9.84,3,0.0,2.8536,False
453,CA-2016-166674,2016-04-01,2016-04-03,Second Class,RB-19360,Raymond Buch,Consumer,United States,Auburn,New York,13021,East,TEC-PH-10002365,Technology,Phones,Belkin Grip Candy Sheer Case / Cover for iPhone 5 and 5S,35.12,4,0.0,9.1312,False
472,CA-2014-144666,2014-11-09,2014-11-11,Second Class,JP-15520,Jeremy Pistek,Consumer,United States,San Francisco,California,94110,West,OFF-ST-10002743,Office Supplies,Storage,SAFCO Boltless Steel Shelving,340.92,3,0.0,3.4092,False
473,CA-2014-144666,2014-11-09,2014-11-11,Second Class,JP-15520,Jeremy Pistek,Consumer,United States,San Francisco,California,94110,West,FUR-BO-10001601,Furniture,Bookcases,"Sauder Mission Library with Doors, Fruitwood Finish",222.666,2,0.15,10.4784,False
474,CA-2014-144666,2014-11-09,2014-11-11,Second Class,JP-15520,Jeremy Pistek,Consumer,United States,San Francisco,California,94110,West,TEC-PH-10002680,Technology,Phones,Samsung Galaxy Note 3,703.968,4,0.2,87.996,True
475,CA-2014-144666,2014-11-09,2014-11-11,Second Class,JP-15520,Jeremy Pistek,Consumer,United States,San Francisco,California,94110,West,OFF-ST-10001321,Office Supplies,Storage,"Decoflex Hanging Personal Folder File, Blue",92.52,6,0.0,24.9804,False
476,CA-2014-144666,2014-11-09,2014-11-11,Second Class,JP-15520,Jeremy Pistek,Consumer,United States,San Francisco,California,94110,West,OFF-PA-10001509,Office Supplies,Paper,"Recycled Desk Saver Line ""While You Were Out"" Book, 5 1/2"" X 4""",62.65,7,0.0,28.819,False
477,CA-2014-144666,2014-11-09,2014-11-11,Second Class,JP-15520,Jeremy Pistek,Consumer,United States,San Francisco,California,94110,West,OFF-PA-10003465,Office Supplies,Paper,Xerox 1912,94.85,5,0.0,45.528,False
482,CA-2014-134677,2014-10-06,2014-10-10,Standard Class,XP-21865,Xylona Preis,Consumer,United States,San Diego,California,92024,West,TEC-AC-10001445,Technology,Accessories,Imationï¿½USB 2.0 Swivelï¿½Flash Driveï¿½USBï¿½flash driveï¿½- 4 GB - Pink,9.09,3,0.0,1.9089,False
529,US-2015-138303,2015-09-03,2015-09-07,Standard Class,MG-18145,Mike Gockenbach,Consumer,United States,Philadelphia,Pennsylvania,19134,East,OFF-ST-10004963,Office Supplies,Storage,Eldon Gobal File Keepers,36.336,3,0.2,-7.2672,False
530,US-2015-138303,2015-09-03,2015-09-07,Standard Class,MG-18145,Mike Gockenbach,Consumer,United States,Philadelphia,Pennsylvania,19134,East,OFF-SU-10002881,Office Supplies,Supplies,Martin Yale Chadless Opener Electric Letter Opener,666.248,1,0.2,-149.9058,True
531,US-2015-138303,2015-09-03,2015-09-07,Standard Class,MG-18145,Mike Gockenbach,Consumer,United States,Philadelphia,Pennsylvania,19134,East,OFF-EN-10001335,Office Supplies,Envelopes,"White Business Envelopes with Contemporary Seam, Recycled White Business Envelopes",52.512,6,0.2,19.692,False
532,CA-2015-102848,2015-11-07,2015-11-09,Second Class,KB-16240,Karen Bern,Corporate,United States,Los Angeles,California,90036,West,FUR-CH-10000595,Furniture,Chairs,Safco Contoured Stacking Chairs,190.72,1,0.2,11.92,False
533,US-2017-129441,2017-09-07,2017-09-11,Standard Class,JC-15340,Jasper Cacioppo,Consumer,United States,Los Angeles,California,90032,West,FUR-FU-10000448,Furniture,Furnishings,Tenex Chairmats For Use With Carpeted Floors,47.94,3,0.0,2.397,False
537,US-2017-122637,2017-09-03,2017-09-08,Second Class,EP-13915,Emily Phan,Consumer,United States,Chicago,Illinois,60653,Central,OFF-BI-10002429,Office Supplies,Binders,"Premier Elliptical Ring Binder, Black",42.616,7,0.8,-68.1856,False
538,CA-2015-147851,2015-12-03,2015-12-08,Standard Class,MP-17470,Mark Packer,Home Office,United States,New York City,New York,10009,East,OFF-BI-10004528,Office Supplies,Binders,Cardinal Poly Pocket Divider Pockets for Ring Binders,10.752,4,0.2,3.36,False
539,CA-2015-134894,2015-12-07,2015-12-11,Standard Class,DK-12985,Darren Koutras,Consumer,United States,Henderson,Kentucky,42420,South,OFF-AP-10001271,Office Supplies,Appliances,Eureka The Boss Cordless Rechargeable Stick Vac,152.94,3,0.0,41.2938,False
540,CA-2015-134894,2015-12-07,2015-12-11,Standard Class,DK-12985,Darren Koutras,Consumer,United States,Henderson,Kentucky,42420,South,FUR-CH-10002647,Furniture,Chairs,"Situations Contoured Folding Chairs, 4/Set",283.92,4,0.0,70.98,False
541,CA-2014-140795,2014-02-01,2014-02-03,First Class,BD-11500,Bradley Drucker,Consumer,United States,Green Bay,Wisconsin,54302,Central,TEC-AC-10001432,Technology,Accessories,Enermax Aurora Lite Keyboard,468.9,6,0.0,206.316,False
553,CA-2017-112774,2017-09-11,2017-09-12,First Class,RC-19960,Ryan Crowe,Consumer,United States,Jacksonville,Florida,32216,South,FUR-FU-10003039,Furniture,Furnishings,"Howard Miller 11-1/2"" Diameter Grantwood Wall Clock",34.504,1,0.2,6.0382,False
556,CA-2014-155852,2014-03-03,2014-03-07,Second Class,AJ-10945,Ashley Jarboe,Consumer,United States,Wilmington,North Carolina,28403,South,OFF-AR-10003560,Office Supplies,Art,Zebra Zazzle Fluorescent Highlighters,19.456,4,0.2,3.4048,False
564,CA-2015-130736,2015-12-07,2015-12-09,First Class,JF-15490,Jeremy Farry,Consumer,United States,Seattle,Washington,98105,West,OFF-FA-10003467,Office Supplies,Fasteners,"Alliance Big Bands Rubber Bands, 12/Pack",3.96,2,0.0,0.0,False
565,CA-2015-130736,2015-12-07,2015-12-09,First Class,JF-15490,Jeremy Farry,Consumer,United States,Seattle,Washington,98105,West,OFF-LA-10000634,Office Supplies,Labels,Avery 509,2.61,1,0.0,1.2006,False
566,CA-2017-137099,2017-12-07,2017-12-10,First Class,FP-14320,Frank Preis,Consumer,United States,Los Angeles,California,90008,West,TEC-PH-10002496,Technology,Phones,Cisco SPA301,374.376,3,0.2,46.797,False
567,CA-2017-156951,2017-10-01,2017-10-08,Standard Class,EB-13840,Ellis Ballard,Corporate,United States,Seattle,Washington,98105,West,OFF-PA-10004530,Office Supplies,Paper,Personal Creations Ink Jet Cards and Labels,91.84,8,0.0,45.0016,False
568,CA-2017-156951,2017-10-01,2017-10-08,Standard Class,EB-13840,Ellis Ballard,Corporate,United States,Seattle,Washington,98105,West,OFF-BI-10001107,Office Supplies,Binders,"GBC White Gloss Covers, Plain Front",81.088,7,0.2,27.3672,False
569,CA-2017-156951,2017-10-01,2017-10-08,Standard Class,EB-13840,Ellis Ballard,Corporate,United States,Seattle,Washington,98105,West,OFF-PA-10004451,Office Supplies,Paper,Xerox 222,19.44,3,0.0,9.3312,False
570,CA-2017-156951,2017-10-01,2017-10-08,Standard Class,EB-13840,Ellis Ballard,Corporate,United States,Seattle,Washington,98105,West,FUR-CH-10004997,Furniture,Chairs,Hon Every-Day Series Multi-Task Chairs,451.152,3,0.2,0.0,False
575,CA-2016-127250,2016-11-03,2016-11-07,Standard Class,SF-20200,Sarah Foster,Consumer,United States,Marysville,Washington,98270,West,OFF-AR-10003394,Office Supplies,Art,Newell 332,8.82,3,0.0,2.3814,False
582,CA-2017-145233,2017-12-01,2017-12-05,Standard Class,DV-13465,Dianna Vittorini,Consumer,United States,Denver,Colorado,80219,West,TEC-PH-10004977,Technology,Phones,GE 30524EE4,470.376,3,0.2,52.9173,False
583,CA-2017-145233,2017-12-01,2017-12-05,Standard Class,DV-13465,Dianna Vittorini,Consumer,United States,Denver,Colorado,80219,West,TEC-PH-10000586,Technology,Phones,AT&T SB67148 SynJ,105.584,2,0.2,9.2386,False
584,CA-2017-145233,2017-12-01,2017-12-05,Standard Class,DV-13465,Dianna Vittorini,Consumer,United States,Denver,Colorado,80219,West,OFF-AP-10000358,Office Supplies,Appliances,Fellowes Basic Home/Office Series Surge Protectors,31.152,3,0.2,3.5046,False
585,CA-2017-145233,2017-12-01,2017-12-05,Standard Class,DV-13465,Dianna Vittorini,Consumer,United States,Denver,Colorado,80219,West,OFF-BI-10002764,Office Supplies,Binders,Recycled Pressboard Report Cover with Reinforced Top Hinge,6.783,7,0.7,-4.7481,False
586,CA-2017-145233,2017-12-01,2017-12-05,Standard Class,DV-13465,Dianna Vittorini,Consumer,United States,Denver,Colorado,80219,West,TEC-PH-10001254,Technology,Phones,Jabra BIZ 2300 Duo QD Duo Cordedï¿½Headset,406.368,4,0.2,30.4776,False
587,CA-2015-128139,2015-07-03,2015-07-09,Standard Class,BD-11725,Bruce Degenhardt,Consumer,United States,Richmond,Kentucky,40475,South,FUR-CH-10003956,Furniture,Chairs,Novimex High-Tech Fabric Mesh Task Chair,70.98,1,0.0,4.9686,False
588,CA-2015-128139,2015-07-03,2015-07-09,Standard Class,BD-11725,Bruce Degenhardt,Consumer,United States,Richmond,Kentucky,40475,South,OFF-LA-10003930,Office Supplies,Labels,"Dot Matrix Printer Tape Reel Labels, White, 5000/Box",294.93,3,0.0,144.5157,False
636,CA-2015-168004,2015-10-04,2015-10-09,Second Class,DJ-13420,Denny Joy,Corporate,United States,Warner Robins,Georgia,31088,South,FUR-CH-10001482,Furniture,Chairs,Office Star - Mesh Screen back chair with Vinyl seat,392.94,3,0.0,43.2234,False
647,CA-2016-103947,2016-04-01,2016-04-08,Standard Class,BB-10990,Barry Blumstein,Corporate,United States,Sierra Vista,Arizona,85635,West,OFF-FA-10003112,Office Supplies,Fasteners,Staples,31.56,5,0.2,9.8625,False
648,CA-2016-103947,2016-04-01,2016-04-08,Standard Class,BB-10990,Barry Blumstein,Corporate,United States,Sierra Vista,Arizona,85635,West,OFF-AP-10002350,Office Supplies,Appliances,Belkin F9H710-06 7 Outlet SurgeMaster Surge Protector,30.144,2,0.2,3.0144,False
665,CA-2016-143308,2016-11-04,2016-11-04,Same Day,RC-19825,Roy Collins,Consumer,United States,Louisville,Kentucky,40214,South,OFF-FA-10000621,Office Supplies,Fasteners,"OIC Colored Binder Clips, Assorted Sizes",10.74,3,0.0,5.2626,False
666,CA-2017-132682,2017-06-08,2017-06-10,Second Class,TH-21235,Tiffany House,Corporate,United States,Dallas,Texas,75081,Central,OFF-SU-10004231,Office Supplies,Supplies,Acme Tagit Stainless Steel Antibacterial Scissors,23.76,3,0.2,2.079,False
667,CA-2017-132682,2017-06-08,2017-06-10,Second Class,TH-21235,Tiffany House,Corporate,United States,Dallas,Texas,75081,Central,OFF-PA-10000474,Office Supplies,Paper,Easy-staple paper,85.056,3,0.2,28.7064,False
668,CA-2017-132682,2017-06-08,2017-06-10,Second Class,TH-21235,Tiffany House,Corporate,United States,Dallas,Texas,75081,Central,TEC-PH-10004042,Technology,Phones,ClearOne Communications CHAT 70 OCï¿½Speaker Phone,381.576,3,0.2,28.6182,False
674,CA-2017-130351,2017-12-05,2017-12-08,First Class,RB-19570,Rob Beeghly,Consumer,United States,Columbus,Indiana,47201,Central,OFF-AP-10004532,Office Supplies,Appliances,Kensington 6 Outlet Guardian Standard Surge Protector,61.44,3,0.0,16.5888,False
675,CA-2017-130351,2017-12-05,2017-12-08,First Class,RB-19570,Rob Beeghly,Consumer,United States,Columbus,Indiana,47201,Central,OFF-PA-10002137,Office Supplies,Paper,"Southworth 100% Rï¿½sumï¿½ Paper, 24lb.",38.9,5,0.0,17.505,False
676,CA-2017-130351,2017-12-05,2017-12-08,First Class,RB-19570,Rob Beeghly,Consumer,United States,Columbus,Indiana,47201,Central,TEC-AC-10003832,Technology,Accessories,Imationï¿½16GB Mini TravelDrive USB 2.0ï¿½Flash Drive,99.39,3,0.0,40.7499,False
684,US-2017-168116,2017-11-04,2017-11-04,Same Day,GT-14635,Grant Thornton,Corporate,United States,Burlington,North Carolina,27217,South,TEC-MA-10004125,Technology,Machines,Cubify CubeX 3D Printer Triple Head Print,7999.98,4,0.5,-3839.9904,True
685,US-2017-168116,2017-11-04,2017-11-04,Same Day,GT-14635,Grant Thornton,Corporate,United States,Burlington,North Carolina,27217,South,OFF-AP-10002457,Office Supplies,Appliances,"Eureka The Boss Plus 12-Amp Hard Box Upright Vacuum, Red",167.44,2,0.2,14.651,False
686,CA-2014-157784,2014-07-05,2014-07-08,First Class,MC-17845,Michael Chen,Consumer,United States,Jackson,Mississippi,39212,South,TEC-AC-10003911,Technology,Accessories,NETGEAR AC1750 Dual Band Gigabitï¿½Smart WiFi Router,479.97,3,0.0,163.1898,True
687,CA-2014-157784,2014-07-05,2014-07-08,First Class,MC-17845,Michael Chen,Consumer,United States,Jackson,Mississippi,39212,South,OFF-LA-10001934,Office Supplies,Labels,Avery 516,14.62,2,0.0,6.8714,False
688,CA-2014-157784,2014-07-05,2014-07-08,First Class,MC-17845,Michael Chen,Consumer,United States,Jackson,Mississippi,39212,South,OFF-PA-10000304,Office Supplies,Paper,Xerox 1995,19.44,3,0.0,9.3312,False
702,CA-2017-114552,2017-09-02,2017-09-08,Standard Class,Dl-13600,Dorris liebe,Corporate,United States,Cleveland,Ohio,44105,East,FUR-FU-10002960,Furniture,Furnishings,"Eldon 200 Class Desk Accessories, Burgundy",15.072,3,0.2,4.1448,False
703,CA-2016-163755,2016-11-04,2016-11-08,Second Class,AS-10285,Alejandro Savely,Corporate,United States,Seattle,Washington,98103,West,FUR-FU-10003394,Furniture,Furnishings,"Tenex ""The Solids"" Textured Chair Mats",209.88,3,0.0,35.6796,False
708,CA-2014-112158,2014-12-02,2014-12-04,First Class,DP-13165,David Philippe,Consumer,United States,New York City,New York,10035,East,TEC-AC-10003628,Technology,Accessories,Logitech 910-002974 M325 Wireless Mouse for Web Scrolling,119.96,4,0.0,52.7824,False
709,CA-2014-112158,2014-12-02,2014-12-04,First Class,DP-13165,David Philippe,Consumer,United States,New York City,New York,10035,East,FUR-BO-10003272,Furniture,Bookcases,O'Sullivan Living Dimensions 5-Shelf Bookcases,883.92,5,0.2,-110.49,True
710,CA-2014-112158,2014-12-02,2014-12-04,First Class,DP-13165,David Philippe,Consumer,United States,New York City,New York,10035,East,OFF-BI-10000050,Office Supplies,Binders,"Angle-D Binders with Locking Rings, Label Holders",46.72,8,0.2,15.768,False
711,CA-2014-113887,2014-04-05,2014-04-07,First Class,TH-21550,Tracy Hopkins,Home Office,United States,New York City,New York,10035,East,OFF-PA-10004071,Office Supplies,Paper,"Eaton Premium Continuous-Feed Paper, 25% Cotton, Letter Size, White, 1000 Shts/Box",55.48,1,0.0,26.6304,False
712,CA-2017-146136,2017-09-03,2017-09-07,Standard Class,AP-10915,Arthur Prichep,Consumer,United States,Palm Coast,Florida,32137,South,OFF-EN-10001219,Office Supplies,Envelopes,"#10- 4 1/8"" x 9 1/2"" Security-Tint Envelopes",24.448,4,0.2,8.8624,False
716,CA-2014-153150,2014-07-01,2014-07-06,Second Class,Dl-13600,Dorris liebe,Corporate,United States,Seattle,Washington,98105,West,OFF-BI-10003355,Office Supplies,Binders,Cardinal Holdit Business Card Pockets,19.92,5,0.2,6.972,False
719,CA-2014-104472,2014-06-02,2014-06-07,Standard Class,CK-12325,Christine Kargatis,Home Office,United States,Orem,Utah,84057,West,OFF-BI-10001658,Office Supplies,Binders,GBC Standard Therm-A-Bind Covers,59.808,3,0.2,19.4376,False
720,CA-2014-104472,2014-06-02,2014-06-07,Standard Class,CK-12325,Christine Kargatis,Home Office,United States,Orem,Utah,84057,West,FUR-FU-10000246,Furniture,Furnishings,Aluminum Document Frame,73.32,6,0.0,21.996,False
725,CA-2016-114713,2016-07-07,2016-07-12,Standard Class,SC-20695,Steve Chapman,Corporate,United States,Hialeah,Florida,33012,South,OFF-SU-10004664,Office Supplies,Supplies,Acme Softgrip Scissors,45.584,7,0.2,5.1282,False
728,US-2016-150861,2016-12-03,2016-12-06,First Class,EG-13900,Emily Grady,Consumer,United States,Oceanside,New York,11572,East,OFF-PA-10001954,Office Supplies,Paper,Xerox 1964,182.72,8,0.0,84.0512,False
729,US-2016-150861,2016-12-03,2016-12-06,First Class,EG-13900,Emily Grady,Consumer,United States,Oceanside,New York,11572,East,FUR-TA-10002228,Furniture,Tables,"Bevis Traditional Conference Table Top, Plinth Base",400.032,2,0.4,-153.3456,False
730,US-2016-150861,2016-12-03,2016-12-06,First Class,EG-13900,Emily Grady,Consumer,United States,Oceanside,New York,11572,East,OFF-ST-10004634,Office Supplies,Storage,"Personal Folder Holder, Ebony",33.63,3,0.0,10.089,False
731,US-2016-150861,2016-12-03,2016-12-06,First Class,EG-13900,Emily Grady,Consumer,United States,Oceanside,New York,11572,East,FUR-CH-10002965,Furniture,Chairs,"Global Leather Highback Executive Chair with Pneumatic Height Adjustment, Black",542.646,3,0.1,102.4998,True
732,US-2016-150861,2016-12-03,2016-12-06,First Class,EG-13900,Emily Grady,Consumer,United States,Oceanside,New York,11572,East,OFF-LA-10001317,Office Supplies,Labels,Avery 520,6.3,2,0.0,3.024,False
739,CA-2014-132500,2014-09-08,2014-09-12,Standard Class,GZ-14470,Gary Zandusky,Consumer,United States,San Francisco,California,94110,West,TEC-AC-10001383,Technology,Accessories,Logitech Wireless Touch Keyboard K400,49.98,2,0.0,8.4966,False
740,CA-2014-112326,2014-01-04,2014-01-08,Standard Class,PO-19195,Phillina Ober,Home Office,United States,Naperville,Illinois,60540,Central,OFF-LA-10003223,Office Supplies,Labels,Avery 508,11.784,3,0.2,4.2717,False
741,CA-2014-112326,2014-01-04,2014-01-08,Standard Class,PO-19195,Phillina Ober,Home Office,United States,Naperville,Illinois,60540,Central,OFF-ST-10002743,Office Supplies,Storage,SAFCO Boltless Steel Shelving,272.736,3,0.2,-64.7748,False
742,CA-2014-112326,2014-01-04,2014-01-08,Standard Class,PO-19195,Phillina Ober,Home Office,United States,Naperville,Illinois,60540,Central,OFF-BI-10004094,Office Supplies,Binders,GBC Standard Plastic Binding Systems Combs,3.54,2,0.8,-5.487,False
750,CA-2017-126074,2017-10-02,2017-10-06,Standard Class,RF-19735,Roland Fjeld,Consumer,United States,Trenton,Michigan,48183,Central,OFF-BI-10003638,Office Supplies,Binders,GBC Durable Plastic Covers,58.05,3,0.0,26.703,False
751,CA-2017-126074,2017-10-02,2017-10-06,Standard Class,RF-19735,Roland Fjeld,Consumer,United States,Trenton,Michigan,48183,Central,FUR-FU-10003577,Furniture,Furnishings,Nu-Dell Leatherette Frames,157.74,11,0.0,56.7864,False
752,CA-2017-126074,2017-10-02,2017-10-06,Standard Class,RF-19735,Roland Fjeld,Consumer,United States,Trenton,Michigan,48183,Central,OFF-AR-10003478,Office Supplies,Art,"Avery Hi-Liter EverBold Pen Style Fluorescent Highlighters, 4/Pack",56.98,7,0.0,22.792,False
753,CA-2017-126074,2017-10-02,2017-10-06,Standard Class,RF-19735,Roland Fjeld,Consumer,United States,Trenton,Michigan,48183,Central,OFF-BI-10000546,Office Supplies,Binders,Avery Durable Binders,2.88,1,0.0,1.4112,False
754,CA-2016-110499,2016-04-07,2016-04-09,First Class,YC-21895,Yoseph Carroll,Corporate,United States,San Francisco,California,94110,West,TEC-CO-10002095,Technology,Copiers,Hewlett Packard 610 Color Digital Copier / Printer,1199.976,3,0.2,374.9925,True
755,CA-2015-135272,2015-12-07,2015-12-12,Standard Class,MS-17830,Melanie Seite,Consumer,United States,Los Angeles,California,90036,West,FUR-FU-10002759,Furniture,Furnishings,12-1/2 Diameter Round Wall Clock,79.92,4,0.0,28.7712,False
762,CA-2017-126046,2017-11-03,2017-11-07,Standard Class,JC-16105,Julie Creighton,Corporate,United States,Atlanta,Georgia,30318,South,OFF-LA-10004484,Office Supplies,Labels,Avery 476,12.39,3,0.0,5.6994,False
782,US-2015-157014,2015-10-03,2015-10-06,Second Class,BM-11785,Bryan Mills,Consumer,United States,Columbus,Ohio,43229,East,OFF-BI-10001098,Office Supplies,Binders,Acco D-Ring Binder w/DublLock,32.07,5,0.7,-22.449,False
783,US-2015-157014,2015-10-03,2015-10-06,Second Class,BM-11785,Bryan Mills,Consumer,United States,Columbus,Ohio,43229,East,TEC-AC-10002167,Technology,Accessories,Imationï¿½8gb Micro Traveldrive Usb 2.0ï¿½Flash Drive,24.0,2,0.2,-2.7,False
784,US-2015-157014,2015-10-03,2015-10-06,Second Class,BM-11785,Bryan Mills,Consumer,United States,Columbus,Ohio,43229,East,FUR-BO-10004409,Furniture,Bookcases,"Safco Value Mate Series Steel Bookcases, Baked Enamel Finish on Steel, Gray",35.49,1,0.5,-15.6156,False
785,US-2015-157014,2015-10-03,2015-10-06,Second Class,BM-11785,Bryan Mills,Consumer,United States,Columbus,Ohio,43229,East,TEC-AC-10000057,Technology,Accessories,Microsoft Natural Ergonomic Keyboard 4000,47.984,2,0.2,0.5998,False
806,CA-2014-134313,2014-11-01,2014-11-07,Standard Class,RA-19915,Russell Applegate,Consumer,United States,Denver,Colorado,80219,West,OFF-AR-10001897,Office Supplies,Art,Model L Table or Wall-Mount Pencil Sharpener,43.176,3,0.2,4.3176,False
807,CA-2014-134313,2014-11-01,2014-11-07,Standard Class,RA-19915,Russell Applegate,Consumer,United States,Denver,Colorado,80219,West,TEC-PH-10001795,Technology,Phones,ClearOne CHATAttach 160 -ï¿½speaker phone,1983.968,4,0.2,247.996,True
808,CA-2015-140921,2015-02-03,2015-02-05,First Class,AA-10375,Allen Armold,Consumer,United States,Omaha,Nebraska,68104,Central,FUR-FU-10003347,Furniture,Furnishings,Coloredge Poster Frame,28.4,2,0.0,11.076,False
809,CA-2015-140921,2015-02-03,2015-02-05,First Class,AA-10375,Allen Armold,Consumer,United States,Omaha,Nebraska,68104,Central,TEC-AC-10004901,Technology,Accessories,Kensington SlimBlade Notebook Wireless Mouse with Nano Receiver ,149.97,3,0.0,50.9898,False
838,US-2017-156083,2017-11-04,2017-11-11,Standard Class,JL-15175,James Lanier,Home Office,United States,Columbia,Tennessee,38401,South,OFF-PA-10001560,Office Supplies,Paper,"Adams Telephone Message Books, 5 1/4ï¿½ x 11ï¿½",9.664,2,0.2,3.2616,False
839,US-2016-137547,2016-03-07,2016-03-12,Standard Class,EB-13705,Ed Braxton,Corporate,United States,Fort Worth,Texas,76106,Central,TEC-PH-10002365,Technology,Phones,Belkin Grip Candy Sheer Case / Cover for iPhone 5 and 5S,21.072,3,0.2,1.5804,False
843,CA-2016-161669,2016-11-07,2016-11-09,First Class,EM-14095,Eudokia Martin,Corporate,United States,Los Angeles,California,90036,West,OFF-BI-10001294,Office Supplies,Binders,Fellowes Binding Cases,37.44,4,0.2,11.7,False
844,CA-2016-161669,2016-11-07,2016-11-09,First Class,EM-14095,Eudokia Martin,Corporate,United States,Los Angeles,California,90036,West,OFF-BI-10001636,Office Supplies,Binders,Ibico Plastic and Wire Spiral Binding Combs,26.976,4,0.2,8.7672,False
845,CA-2016-161669,2016-11-07,2016-11-09,First Class,EM-14095,Eudokia Martin,Corporate,United States,Los Angeles,California,90036,West,OFF-SU-10002503,Office Supplies,Supplies,Acme Preferred Stainless Steel Scissors,11.36,2,0.0,3.2944,False
846,CA-2016-161669,2016-11-07,2016-11-09,First Class,EM-14095,Eudokia Martin,Corporate,United States,Los Angeles,California,90036,West,OFF-LA-10004093,Office Supplies,Labels,Avery 486,14.62,2,0.0,6.8714,False
849,CA-2017-107503,2017-01-01,2017-01-06,Standard Class,GA-14725,Guy Armstrong,Consumer,United States,Lorain,Ohio,44052,East,FUR-FU-10003878,Furniture,Furnishings,"Linden 10"" Round Wall Clock, Black",48.896,4,0.2,8.5568,False
850,CA-2014-107755,2014-02-07,2014-02-12,Standard Class,CK-12760,Cyma Kinney,Corporate,United States,Linden,New Jersey,7036,East,TEC-AC-10000710,Technology,Accessories,Maxell DVD-RAM Discs,115.36,7,0.0,49.6048,False
856,CA-2014-125612,2014-08-03,2014-08-08,Standard Class,BK-11260,Berenike Kampe,Consumer,United States,New York City,New York,10035,East,OFF-PA-10001019,Office Supplies,Paper,Xerox 1884,39.96,2,0.0,18.7812,False
857,CA-2014-125612,2014-08-03,2014-08-08,Standard Class,BK-11260,Berenike Kampe,Consumer,United States,New York City,New York,10035,East,OFF-SU-10002537,Office Supplies,Supplies,Acme Box Cutter Scissors,102.3,10,0.0,26.598,False
858,CA-2014-125612,2014-08-03,2014-08-08,Standard Class,BK-11260,Berenike Kampe,Consumer,United States,New York City,New York,10035,East,OFF-ST-10003221,Office Supplies,Storage,Staple magnet,21.36,2,0.0,5.7672,False
863,CA-2016-134474,2016-01-05,2016-01-07,Second Class,AJ-10795,Anthony Johnson,Corporate,United States,Jacksonville,Florida,32216,South,TEC-AC-10001714,Technology,Accessories,Logitechï¿½MX Performance Wireless Mouse,191.472,6,0.2,40.6878,False
864,CA-2016-134474,2016-01-05,2016-01-07,Second Class,AJ-10795,Anthony Johnson,Corporate,United States,Jacksonville,Florida,32216,South,OFF-AR-10003958,Office Supplies,Art,Newell 337,5.248,2,0.2,0.5904,False
865,CA-2016-134474,2016-01-05,2016-01-07,Second Class,AJ-10795,Anthony Johnson,Corporate,United States,Jacksonville,Florida,32216,South,TEC-PH-10002923,Technology,Phones,"Logitech B530 USBï¿½Headsetï¿½-ï¿½headsetï¿½- Full size, Binaural",59.184,2,0.2,5.1786,False
869,CA-2014-136742,2014-04-06,2014-04-10,Standard Class,GP-14740,Guy Phonely,Corporate,United States,Lancaster,Pennsylvania,17602,East,OFF-BI-10003719,Office Supplies,Binders,Large Capacity Hanging Post Binders,44.91,6,0.7,-35.928,False
870,CA-2016-158099,2016-09-03,2016-09-05,First Class,PK-18910,Paul Knutson,Home Office,United States,Philadelphia,Pennsylvania,19143,East,OFF-BI-10000545,Office Supplies,Binders,GBC Ibimaster 500 Manual ProClick Binding System,1141.47,5,0.7,-760.98,True
871,CA-2016-158099,2016-09-03,2016-09-05,First Class,PK-18910,Paul Knutson,Home Office,United States,Philadelphia,Pennsylvania,19143,East,TEC-PH-10002496,Technology,Phones,Cisco SPA301,280.782,3,0.4,-46.797,False
895,CA-2016-105494,2016-11-10,2016-11-12,First Class,PC-18745,Pamela Coakley,Corporate,United States,San Francisco,California,94122,West,OFF-ST-10002205,Office Supplies,Storage,File Shuttle I and Handi-File,155.82,7,0.0,42.0714,False
896,CA-2016-105494,2016-11-10,2016-11-12,First Class,PC-18745,Pamela Coakley,Corporate,United States,San Francisco,California,94122,West,OFF-BI-10003364,Office Supplies,Binders,Binding Machine Supplies,70.008,3,0.2,24.5028,False
897,CA-2016-140634,2016-10-03,2016-10-06,Second Class,HL-15040,Hunter Lopez,Consumer,United States,Houston,Texas,77095,Central,OFF-EN-10001099,Office Supplies,Envelopes,Staple envelope,15.648,2,0.2,5.0856,False
900,US-2016-114622,2016-04-10,2016-04-12,First Class,JR-16210,Justin Ritter,Corporate,United States,Springfield,Ohio,45503,East,OFF-BI-10004716,Office Supplies,Binders,Wilson Jones Hanging Recycled Pressboard Data Binders,8.904,2,0.7,-6.5296,False
904,CA-2016-130477,2016-04-08,2016-04-12,Standard Class,LC-17140,Logan Currie,Consumer,United States,Los Angeles,California,90032,West,OFF-PA-10002947,Office Supplies,Paper,Xerox 1923,20.04,3,0.0,9.6192,False
905,CA-2016-130477,2016-04-08,2016-04-12,Standard Class,LC-17140,Logan Currie,Consumer,United States,Los Angeles,California,90032,West,OFF-ST-10002583,Office Supplies,Storage,Fellowes Neat Ideas Storage Cubes,64.96,2,0.0,2.5984,False
906,CA-2016-130477,2016-04-08,2016-04-12,Standard Class,LC-17140,Logan Currie,Consumer,United States,Los Angeles,California,90032,West,OFF-PA-10000019,Office Supplies,Paper,Xerox 1931,12.96,2,0.0,6.2208,False
910,CA-2017-137596,2017-09-02,2017-09-07,Standard Class,BE-11335,Bill Eplett,Home Office,United States,Jackson,Michigan,49201,Central,TEC-PH-10001494,Technology,Phones,Polycom CX600 IP Phone VoIP phone,1199.8,4,0.0,323.946,True
911,CA-2017-137596,2017-09-02,2017-09-07,Standard Class,BE-11335,Bill Eplett,Home Office,United States,Jackson,Michigan,49201,Central,TEC-AC-10004666,Technology,Accessories,Maxellï¿½iVDR EX 500GB Cartridge,1928.78,7,0.0,829.3754,True
912,CA-2017-137596,2017-09-02,2017-09-07,Standard Class,BE-11335,Bill Eplett,Home Office,United States,Jackson,Michigan,49201,Central,OFF-ST-10003816,Office Supplies,Storage,Fellowes High-Stak Drawer Files,352.38,2,0.0,81.0474,False
919,CA-2016-165218,2016-03-05,2016-03-11,Standard Class,RW-19630,Rob Williams,Corporate,United States,Dallas,Texas,75220,Central,OFF-EN-10000056,Office Supplies,Envelopes,Cameo Buff Policy Envelopes,149.352,3,0.2,50.4063,False
920,CA-2016-165218,2016-03-05,2016-03-11,Standard Class,RW-19630,Rob Williams,Corporate,United States,Dallas,Texas,75220,Central,OFF-ST-10001558,Office Supplies,Storage,Acco Perma 4000 Stacking Storage Drawers,12.992,1,0.2,-0.812,False
921,CA-2014-138296,2014-12-05,2014-12-12,Standard Class,RC-19825,Roy Collins,Consumer,United States,Alexandria,Virginia,22304,South,OFF-ST-10002444,Office Supplies,Storage,Recycled Eldon Regeneration Jumbo File,24.56,2,0.0,6.8768,False
928,CA-2015-115091,2015-10-05,2015-10-09,Standard Class,JJ-15760,Joel Jenkins,Home Office,United States,Springfield,Virginia,22153,South,OFF-AR-10000658,Office Supplies,Art,Newell 324,46.2,4,0.0,12.936,False
929,CA-2015-115091,2015-10-05,2015-10-09,Standard Class,JJ-15760,Joel Jenkins,Home Office,United States,Springfield,Virginia,22153,South,OFF-AP-10000696,Office Supplies,Appliances,Holmes Odor Grabber,28.84,2,0.0,9.5172,False
933,CA-2017-114216,2017-09-02,2017-09-06,Standard Class,RK-19300,Ralph Kennedy,Consumer,United States,Philadelphia,Pennsylvania,19140,East,OFF-PA-10002195,Office Supplies,Paper,"RSVP Cards & Envelopes, Blank White, 8-1/2"" X 11"", 24 Cards/25 Envelopes/Set",12.192,3,0.2,4.1148,False
938,US-2017-111745,2017-11-05,2017-11-06,First Class,RA-19885,Ruben Ausman,Corporate,United States,Farmington,New Mexico,87401,West,TEC-AC-10003911,Technology,Accessories,NETGEAR AC1750 Dual Band Gigabitï¿½Smart WiFi Router,159.99,1,0.0,54.3966,False
953,CA-2017-131156,2017-04-03,2017-04-07,Standard Class,KH-16360,Katherine Hughes,Consumer,United States,Philadelphia,Pennsylvania,19143,East,FUR-FU-10001940,Furniture,Furnishings,Staple-based wall hangings,25.472,4,0.2,7.6416,False
963,CA-2016-120859,2016-09-01,2016-09-04,First Class,CV-12805,Cynthia Voltz,Corporate,United States,San Francisco,California,94110,West,OFF-EN-10001335,Office Supplies,Envelopes,"White Business Envelopes with Contemporary Seam, Recycled White Business Envelopes",21.88,2,0.0,10.94,False
965,CA-2017-135279,2017-04-09,2017-04-11,First Class,BS-11800,Bryan Spruell,Home Office,United States,New York City,New York,10011,East,OFF-LA-10004055,Office Supplies,Labels,Color-Coded Legal Exhibit Labels,9.82,2,0.0,4.8118,False
966,CA-2017-135279,2017-04-09,2017-04-11,First Class,BS-11800,Bryan Spruell,Home Office,United States,New York City,New York,10011,East,OFF-AR-10004344,Office Supplies,Art,Bulldog Vacuum Base Pencil Sharpener,35.97,3,0.0,9.7119,False
967,CA-2017-135279,2017-04-09,2017-04-11,First Class,BS-11800,Bryan Spruell,Home Office,United States,New York City,New York,10011,East,OFF-PA-10004621,Office Supplies,Paper,Xerox 212,12.96,2,0.0,6.2208,False
968,CA-2017-135279,2017-04-09,2017-04-11,First Class,BS-11800,Bryan Spruell,Home Office,United States,New York City,New York,10011,East,OFF-PA-10001281,Office Supplies,Paper,Computer Printout Paper with Letter-Trim Fine Perforations,191.6,4,0.0,91.968,False
969,CA-2017-135279,2017-04-09,2017-04-11,First Class,BS-11800,Bryan Spruell,Home Office,United States,New York City,New York,10011,East,OFF-LA-10001613,Office Supplies,Labels,Avery File Folder Labels,8.64,3,0.0,4.2336,False
970,CA-2017-135279,2017-04-09,2017-04-11,First Class,BS-11800,Bryan Spruell,Home Office,United States,New York City,New York,10011,East,OFF-ST-10001097,Office Supplies,Storage,Office Impressions Heavy Duty Welded Shelving & Multimedia Storage Drawers,501.81,3,0.0,0.0,True
975,US-2017-103247,2017-10-05,2017-10-08,Second Class,PO-19195,Phillina Ober,Home Office,United States,New York City,New York,10011,East,TEC-PH-10003555,Technology,Phones,Motorola HK250 Universal Bluetooth Headset,160.93,7,0.0,3.2186,False
976,US-2017-103247,2017-10-05,2017-10-08,Second Class,PO-19195,Phillina Ober,Home Office,United States,New York City,New York,10011,East,OFF-BI-10004492,Office Supplies,Binders,Tuf-Vin Binders,75.792,3,0.2,25.5798,False
978,CA-2017-159366,2017-01-07,2017-01-10,First Class,BW-11110,Bart Watters,Corporate,United States,Detroit,Michigan,48205,Central,TEC-MA-10000822,Technology,Machines,Lexmark MX611dhe Monochrome Laser Printer,3059.982,2,0.1,679.996,True
980,CA-2015-157035,2015-12-09,2015-12-12,First Class,KB-16600,Ken Brennan,Corporate,United States,Columbus,Indiana,47201,Central,OFF-PA-10004156,Office Supplies,Paper,Xerox 188,34.02,3,0.0,16.6698,False
981,CA-2016-144939,2016-10-03,2016-10-08,Standard Class,EB-13870,Emily Burns,Consumer,United States,New York City,New York,10035,East,FUR-CH-10003199,Furniture,Chairs,Office Star - Contemporary Task Swivel Chair,599.292,6,0.1,93.2232,True
988,CA-2015-146829,2015-03-10,2015-03-10,Same Day,TS-21340,Toby Swindell,Consumer,United States,Houston,Texas,77041,Central,OFF-BI-10004022,Office Supplies,Binders,Acco Suede Grain Vinyl Round Ring Binder,1.112,2,0.8,-1.8904,False
992,CA-2016-110023,2016-09-09,2016-09-11,First Class,TS-21610,Troy Staebel,Consumer,United States,New York City,New York,10024,East,OFF-BI-10001036,Office Supplies,Binders,Cardinal EasyOpen D-Ring Binders,14.624,2,0.2,5.484,False
1007,CA-2015-105312,2015-11-06,2015-11-09,First Class,MT-17815,Meg Tillman,Consumer,United States,Scottsdale,Arizona,85254,West,OFF-EN-10002600,Office Supplies,Envelopes,"Redi-Strip #10 Envelopes, 4 1/8 x 9 1/2",7.08,3,0.2,2.478,False
1008,CA-2015-105312,2015-11-06,2015-11-09,First Class,MT-17815,Meg Tillman,Consumer,United States,Scottsdale,Arizona,85254,West,OFF-BI-10002049,Office Supplies,Binders,UniKeep View Case Binders,4.401,3,0.7,-3.5208,False
1010,CA-2017-135034,2017-08-01,2017-08-03,First Class,AT-10735,Annie Thurman,Consumer,United States,Chicago,Illinois,60653,Central,TEC-PH-10003931,Technology,Phones,JBL Micro Wireless Portable Bluetooth Speaker,95.984,2,0.2,5.999,False
1017,CA-2015-108665,2015-07-06,2015-07-10,Standard Class,KM-16225,Kalyca Meade,Corporate,United States,New York City,New York,10011,East,FUR-FU-10002191,Furniture,Furnishings,G.E. Halogen Desk Lamp Bulbs,13.96,2,0.0,6.7008,False
1018,CA-2015-108665,2015-07-06,2015-07-10,Standard Class,KM-16225,Kalyca Meade,Corporate,United States,New York City,New York,10011,East,FUR-FU-10000965,Furniture,Furnishings,"Howard Miller 11-1/2"" Diameter Ridgewood Wall Clock",155.82,3,0.0,63.8862,False
1019,CA-2015-108665,2015-07-06,2015-07-10,Standard Class,KM-16225,Kalyca Meade,Corporate,United States,New York City,New York,10011,East,TEC-PH-10004188,Technology,Phones,OtterBox Commuter Series Case - Samsung Galaxy S4,124.95,5,0.0,2.499,False
1020,CA-2015-108665,2015-07-06,2015-07-10,Standard Class,KM-16225,Kalyca Meade,Corporate,United States,New York City,New York,10011,East,OFF-ST-10001526,Office Supplies,Storage,Iceberg Mobile Mega Data/Printer Cart ,601.65,5,0.0,156.429,True
1042,CA-2016-102981,2016-09-06,2016-09-09,Second Class,MO-17500,Mary O'Rourke,Consumer,United States,New York City,New York,10035,East,TEC-AC-10004761,Technology,Accessories,Maxell 4.7GB DVD+RW 3/Pack,31.86,2,0.0,11.151,False
1043,CA-2016-102981,2016-09-06,2016-09-09,Second Class,MO-17500,Mary O'Rourke,Consumer,United States,New York City,New York,10035,East,FUR-BO-10001811,Furniture,Bookcases,"Atlantic Metals Mobile 5-Shelf Bookcases, Custom Colors",722.352,3,0.2,90.294,True
1044,CA-2017-115651,2017-07-09,2017-07-12,First Class,NS-18640,Noel Staavos,Corporate,United States,Chicago,Illinois,60610,Central,OFF-AR-10001130,Office Supplies,Art,"Quartet Alpha White Chalk, 12/Pack",8.84,5,0.2,2.9835,False
1045,CA-2017-115651,2017-07-09,2017-07-12,First Class,NS-18640,Noel Staavos,Corporate,United States,Chicago,Illinois,60610,Central,OFF-AP-10000055,Office Supplies,Appliances,Belkin F9S820V06 8 Outlet Surge,58.464,9,0.8,-146.16,False
1051,US-2015-153500,2015-07-03,2015-07-05,First Class,DG-13300,Deirdre Greer,Corporate,United States,Philadelphia,Pennsylvania,19134,East,FUR-FU-10000293,Furniture,Furnishings,Eldon Antistatic Chair Mats for Low to Medium Pile Carpets,168.464,2,0.2,-29.4812,False
1052,US-2015-153500,2015-07-03,2015-07-05,First Class,DG-13300,Deirdre Greer,Corporate,United States,Philadelphia,Pennsylvania,19134,East,OFF-PA-10001307,Office Supplies,Paper,"Important Message Pads, 50 4-1/4 x 5-1/2 Forms per Pad",6.72,2,0.2,2.436,False
1053,US-2015-153500,2015-07-03,2015-07-05,First Class,DG-13300,Deirdre Greer,Corporate,United States,Philadelphia,Pennsylvania,19134,East,FUR-FU-10004460,Furniture,Furnishings,"Howard Miller 12"" Round Wall Clock",282.888,9,0.2,56.5776,False
1054,CA-2015-110667,2015-04-04,2015-04-08,Standard Class,NF-18595,Nicole Fjeld,Home Office,United States,New York City,New York,10009,East,OFF-AR-10000716,Office Supplies,Art,DIXON Ticonderoga Erasable Checking Pencils,11.16,2,0.0,4.3524,False
1055,CA-2015-110667,2015-04-04,2015-04-08,Standard Class,NF-18595,Nicole Fjeld,Home Office,United States,New York City,New York,10009,East,FUR-FU-10004622,Furniture,Furnishings,Eldon Advantage Foldable Chair Mats for Low Pile Carpets,108.4,2,0.0,22.764,False
1056,CA-2015-110667,2015-04-04,2015-04-08,Standard Class,NF-18595,Nicole Fjeld,Home Office,United States,New York City,New York,10009,East,OFF-BI-10002735,Office Supplies,Binders,GBC Prestige Therm-A-Bind Covers,82.344,3,0.2,27.7911,False
1057,CA-2015-110667,2015-04-04,2015-04-08,Standard Class,NF-18595,Nicole Fjeld,Home Office,United States,New York City,New York,10009,East,OFF-BI-10003529,Office Supplies,Binders,Avery Round Ring Poly Binders,9.088,4,0.2,3.2944,False
1068,CA-2016-157686,2016-10-01,2016-10-02,First Class,BD-11620,Brian DeCherney,Consumer,United States,San Francisco,California,94122,West,FUR-CH-10001146,Furniture,Chairs,"Global Value Mid-Back Manager's Chair, Gray",194.848,4,0.2,12.178,False
1083,US-2016-143819,2016-03-01,2016-03-05,Standard Class,KD-16270,Karen Daniels,Consumer,United States,Yonkers,New York,10701,East,FUR-TA-10001095,Furniture,Tables,Chromcraft Round Conference Tables,836.592,8,0.4,-264.9208,True
1084,US-2016-143819,2016-03-01,2016-03-05,Standard Class,KD-16270,Karen Daniels,Consumer,United States,Yonkers,New York,10701,East,OFF-PA-10003127,Office Supplies,Paper,Easy-staple paper,26.38,1,0.0,12.1348,False
1085,US-2016-143819,2016-03-01,2016-03-05,Standard Class,KD-16270,Karen Daniels,Consumer,United States,Yonkers,New York,10701,East,OFF-ST-10003208,Office Supplies,Storage,Adjustable Depth Letter/Legal Cart,362.92,2,0.0,105.2468,False
1086,US-2016-143819,2016-03-01,2016-03-05,Standard Class,KD-16270,Karen Daniels,Consumer,United States,Yonkers,New York,10701,East,TEC-MA-10003979,Technology,Machines,Ativa V4110MDD Micro-Cut Shredder,4899.93,7,0.0,2400.9657,True
1087,CA-2016-167584,2016-08-12,2016-08-12,Same Day,LC-16870,Lena Cacioppo,Consumer,United States,Des Moines,Iowa,50315,Central,OFF-PA-10000029,Office Supplies,Paper,Xerox 224,6.48,1,0.0,3.1104,False
1090,CA-2017-158407,2017-06-04,2017-06-10,Standard Class,LW-16990,Lindsay Williams,Corporate,United States,Monroe,North Carolina,28110,South,FUR-FU-10001967,Furniture,Furnishings,Telescoping Adjustable Floor Lamp,31.984,2,0.2,1.999,False
1091,CA-2017-158407,2017-06-04,2017-06-10,Standard Class,LW-16990,Lindsay Williams,Corporate,United States,Monroe,North Carolina,28110,South,TEC-PH-10001819,Technology,Phones,Innergie mMini Combo Duo USB Travel Charging Kit,71.984,2,0.2,25.1944,False
1118,CA-2015-142755,2015-09-04,2015-09-08,Standard Class,CS-12355,Christine Sundaresam,Consumer,United States,Roswell,Georgia,30076,South,OFF-PA-10001970,Office Supplies,Paper,Xerox 1908,279.9,5,0.0,137.151,False
1119,CA-2015-142755,2015-09-04,2015-09-08,Standard Class,CS-12355,Christine Sundaresam,Consumer,United States,Roswell,Georgia,30076,South,TEC-AC-10002049,Technology,Accessories,Logitech G19 Programmable Gaming Keyboard,619.95,5,0.0,111.591,True
1120,CA-2015-142755,2015-09-04,2015-09-08,Standard Class,CS-12355,Christine Sundaresam,Consumer,United States,Roswell,Georgia,30076,South,OFF-PA-10000141,Office Supplies,Paper,"Ampad Evidence Wirebond Steno Books, 6"" x 9""",4.36,2,0.0,2.0492,False
1121,CA-2015-142755,2015-09-04,2015-09-08,Standard Class,CS-12355,Christine Sundaresam,Consumer,United States,Roswell,Georgia,30076,South,OFF-EN-10004459,Office Supplies,Envelopes,Security-Tint Envelopes,15.28,2,0.0,7.4872,False
1128,CA-2015-105970,2015-03-02,2015-03-07,Standard Class,PA-19060,Pete Armstrong,Home Office,United States,Richmond,Indiana,47374,Central,OFF-AR-10003156,Office Supplies,Art,50 Colored Long Pencils,10.16,1,0.0,2.6416,False
1129,CA-2015-105970,2015-03-02,2015-03-07,Standard Class,PA-19060,Pete Armstrong,Home Office,United States,Richmond,Indiana,47374,Central,OFF-EN-10001532,Office Supplies,Envelopes,Brown Kraft Recycled Envelopes,101.88,6,0.0,50.94,False
1133,US-2016-114776,2016-12-06,2016-12-07,First Class,GG-14650,Greg Guthrie,Corporate,United States,Antioch,California,94509,West,OFF-PA-10004100,Office Supplies,Paper,Xerox 216,19.44,3,0.0,9.3312,False
1134,US-2016-134908,2016-06-05,2016-06-09,Standard Class,JS-15940,Joni Sundaresam,Home Office,United States,Philadelphia,Pennsylvania,19134,East,OFF-ST-10003479,Office Supplies,Storage,"Eldon Base for stackable storage shelf, platinum",124.608,4,0.2,-23.364,False
1135,US-2016-134908,2016-06-05,2016-06-09,Standard Class,JS-15940,Joni Sundaresam,Home Office,United States,Philadelphia,Pennsylvania,19134,East,OFF-LA-10000973,Office Supplies,Labels,Avery 502,7.56,3,0.2,2.646,False
1136,US-2016-148803,2016-12-11,2016-12-11,Same Day,LR-16915,Lena Radford,Consumer,United States,Homestead,Florida,33030,South,OFF-ST-10001476,Office Supplies,Storage,Steel Personal Filing/Posting Tote,85.224,3,0.2,7.4571,False
1147,CA-2015-112452,2015-04-04,2015-04-04,Same Day,NC-18340,Nat Carroll,Consumer,United States,Lansing,Michigan,48911,Central,OFF-AP-10003849,Office Supplies,Appliances,Hoover Shoulder Vac Commercial Portable Vacuum,644.076,2,0.1,107.346,True
1148,CA-2015-112452,2015-04-04,2015-04-04,Same Day,NC-18340,Nat Carroll,Consumer,United States,Lansing,Michigan,48911,Central,OFF-FA-10000735,Office Supplies,Fasteners,Staples,5.84,2,0.0,2.628,False
1149,CA-2015-112452,2015-04-04,2015-04-04,Same Day,NC-18340,Nat Carroll,Consumer,United States,Lansing,Michigan,48911,Central,OFF-BI-10003350,Office Supplies,Binders,Acco Expandable Hanging Binders,12.76,2,0.0,5.8696,False
1150,CA-2015-112452,2015-04-04,2015-04-04,Same Day,NC-18340,Nat Carroll,Consumer,United States,Lansing,Michigan,48911,Central,TEC-PH-10000307,Technology,Phones,Shocksock Galaxy S4 Armband,10.95,1,0.0,0.438,False
1151,CA-2015-112452,2015-04-04,2015-04-04,Same Day,NC-18340,Nat Carroll,Consumer,United States,Lansing,Michigan,48911,Central,TEC-CO-10004202,Technology,Copiers,Brother DCP1000 Digital 3 in 1 Multifunction Machine,599.98,2,0.0,209.993,True
1159,CA-2016-149314,2016-07-02,2016-07-07,Second Class,GB-14530,George Bell,Corporate,United States,Los Angeles,California,90004,West,FUR-CH-10002126,Furniture,Chairs,Hon Deluxe Fabric Upholstered Stacking Chairs,195.184,1,0.2,19.5184,False
1162,CA-2014-126522,2014-09-01,2014-09-05,Second Class,LT-16765,Larry Tron,Consumer,United States,Escondido,California,92025,West,OFF-AR-10004042,Office Supplies,Art,"BOSTON Model 1800 Electric Pencil Sharpeners, Putty/Woodgrain",53.94,3,0.0,15.6426,False
1163,CA-2014-127964,2014-03-03,2014-03-08,Standard Class,AP-10720,Anne Pryor,Home Office,United States,New York City,New York,10035,East,TEC-PH-10004700,Technology,Phones,PowerGen Dual USB Car Charger,9.99,1,0.0,4.5954,False
1164,CA-2014-127964,2014-03-03,2014-03-08,Standard Class,AP-10720,Anne Pryor,Home Office,United States,New York City,New York,10035,East,OFF-BI-10004593,Office Supplies,Binders,Ibico Laser Imprintable Binding System Covers,125.76,3,0.2,40.872,False
1165,CA-2014-127964,2014-03-03,2014-03-08,Standard Class,AP-10720,Anne Pryor,Home Office,United States,New York City,New York,10035,East,OFF-BI-10003429,Office Supplies,Binders,"Cardinal HOLDit! Binder Insert Strips,Extra Strips",25.32,5,0.2,9.1785,False
1166,CA-2014-117709,2014-05-04,2014-05-08,Standard Class,PM-18940,Paul MacIntyre,Consumer,United States,Jackson,Michigan,49201,Central,OFF-BI-10001294,Office Supplies,Binders,Fellowes Binding Cases,46.8,4,0.0,21.06,False
1167,CA-2015-125416,2015-11-02,2015-11-02,Same Day,KC-16540,Kelly Collister,Consumer,United States,Seattle,Washington,98115,West,TEC-AC-10001552,Technology,Accessories,Logitech K350 2.4Ghz Wireless Keyboard,447.93,9,0.0,49.2723,False
1168,CA-2017-145226,2017-12-08,2017-12-10,Second Class,DL-13315,Delfina Latchford,Consumer,United States,New York City,New York,10035,East,FUR-FU-10004952,Furniture,Furnishings,"C-Line Cubicle Keepers Polyproplyene Holder w/Velcro Back, 8-1/2x11, 25/Bx",109.48,2,0.0,33.9388,False
1169,CA-2017-145226,2017-12-08,2017-12-10,Second Class,DL-13315,Delfina Latchford,Consumer,United States,New York City,New York,10035,East,OFF-ST-10004123,Office Supplies,Storage,Safco Industrial Wire Shelving System,272.94,3,0.0,0.0,False
1170,CA-2017-145226,2017-12-08,2017-12-10,Second Class,DL-13315,Delfina Latchford,Consumer,United States,New York City,New York,10035,East,OFF-PA-10003172,Office Supplies,Paper,Xerox 1996,19.44,3,0.0,9.3312,False
1171,CA-2017-145226,2017-12-08,2017-12-10,Second Class,DL-13315,Delfina Latchford,Consumer,United States,New York City,New York,10035,East,OFF-ST-10002352,Office Supplies,Storage,Iris Project Case,31.92,4,0.0,8.2992,False
1178,CA-2016-113621,2016-12-01,2016-12-05,Standard Class,JE-15745,Joel Eaton,Consumer,United States,Rockville,Maryland,20852,East,FUR-CH-10001270,Furniture,Chairs,Harbour Creations Steel Folding Chair,172.5,2,0.0,51.75,False
1179,CA-2016-113621,2016-12-01,2016-12-05,Standard Class,JE-15745,Joel Eaton,Consumer,United States,Rockville,Maryland,20852,East,TEC-PH-10003931,Technology,Phones,JBL Micro Wireless Portable Bluetooth Speaker,179.97,3,0.0,44.9925,False
1198,CA-2016-130946,2016-04-08,2016-04-12,Standard Class,ZC-21910,Zuschuss Carroll,Consumer,United States,Houston,Texas,77041,Central,TEC-AC-10001990,Technology,Accessories,Kensington Orbit Wireless Mobile Trackball for PC and Mac,431.928,9,0.2,64.7892,False
1199,CA-2016-130946,2016-04-08,2016-04-12,Standard Class,ZC-21910,Zuschuss Carroll,Consumer,United States,Houston,Texas,77041,Central,FUR-CH-10004540,Furniture,Chairs,Global Chrome Stack Chair,95.984,4,0.3,-4.1136,False
1200,CA-2016-130946,2016-04-08,2016-04-12,Standard Class,ZC-21910,Zuschuss Carroll,Consumer,United States,Houston,Texas,77041,Central,OFF-BI-10004995,Office Supplies,Binders,GBC DocuBind P400 Electric Binding System,1088.792,4,0.8,-1850.9464,True
1206,CA-2017-133235,2017-08-01,2017-08-04,First Class,LH-16750,Larry Hughes,Consumer,United States,Charlotte,North Carolina,28205,South,TEC-PH-10002660,Technology,Phones,Nortel Networks T7316 E Nt8 B27,271.96,5,0.2,16.9975,False
1223,CA-2016-126004,2016-12-04,2016-12-05,First Class,BM-11140,Becky Martin,Consumer,United States,New York City,New York,10024,East,FUR-FU-10001602,Furniture,Furnishings,"Eldon Delta Triangular Chair Mat, 52"" x 58"", Clear",113.79,3,0.0,20.4822,False
1224,CA-2016-126004,2016-12-04,2016-12-05,First Class,BM-11140,Becky Martin,Consumer,United States,New York City,New York,10024,East,TEC-AC-10001432,Technology,Accessories,Enermax Aurora Lite Keyboard,78.15,1,0.0,34.386,False
1225,CA-2016-126004,2016-12-04,2016-12-05,First Class,BM-11140,Becky Martin,Consumer,United States,New York City,New York,10024,East,OFF-BI-10004656,Office Supplies,Binders,Peel & Stick Add-On Corner Pockets,1.728,1,0.2,0.6048,False
1226,CA-2016-126004,2016-12-04,2016-12-05,First Class,BM-11140,Becky Martin,Consumer,United States,New York City,New York,10024,East,OFF-PA-10001685,Office Supplies,Paper,Easy-staple paper,40.56,4,0.0,19.8744,False
1227,CA-2016-126004,2016-12-04,2016-12-05,First Class,BM-11140,Becky Martin,Consumer,United States,New York City,New York,10024,East,OFF-ST-10001418,Office Supplies,Storage,Carina Media Storage Towers in Natural & Black,182.94,3,0.0,3.6588,False
1228,CA-2016-126004,2016-12-04,2016-12-05,First Class,BM-11140,Becky Martin,Consumer,United States,New York City,New York,10024,East,OFF-ST-10000676,Office Supplies,Storage,Fellowes Econo/Stor Drawers,193.86,2,0.0,11.6316,False
1229,CA-2017-100013,2017-11-06,2017-11-11,Standard Class,ZC-21910,Zuschuss Carroll,Consumer,United States,Los Angeles,California,90045,West,OFF-EN-10001219,Office Supplies,Envelopes,"#10- 4 1/8"" x 9 1/2"" Security-Tint Envelopes",15.28,2,0.0,7.4872,False
1230,CA-2017-100013,2017-11-06,2017-11-11,Standard Class,ZC-21910,Zuschuss Carroll,Consumer,United States,Los Angeles,California,90045,West,FUR-FU-10001424,Furniture,Furnishings,Dax Clear Box Frame,8.73,1,0.0,2.9682,False
1231,CA-2017-100013,2017-11-06,2017-11-11,Standard Class,ZC-21910,Zuschuss Carroll,Consumer,United States,Los Angeles,California,90045,West,OFF-AR-10001022,Office Supplies,Art,SANFORD Liquid Accent Tank-Style Highlighters,5.68,2,0.0,1.7608,False
1253,CA-2015-154956,2015-07-04,2015-07-09,Standard Class,IM-15070,Irene Maddox,Consumer,United States,Milwaukee,Wisconsin,53209,Central,TEC-PH-10004165,Technology,Phones,Mitel MiVoice 5330e IP Phone,1099.96,4,0.0,285.9896,True
1263,CA-2017-105053,2017-07-07,2017-07-09,Second Class,CS-12355,Christine Sundaresam,Consumer,United States,Long Beach,New York,11561,East,OFF-BI-10001634,Office Supplies,Binders,Wilson Jones Active Use Binders,17.472,3,0.2,6.3336,False
1264,CA-2016-155992,2016-10-01,2016-10-02,First Class,CC-12220,Chris Cortes,Consumer,United States,La Porte,Indiana,46350,Central,TEC-PH-10000215,Technology,Phones,Plantronics Cordlessï¿½Phone Headsetï¿½with In-line Volume - M214C,69.9,2,0.0,18.873,False
1265,CA-2016-155992,2016-10-01,2016-10-02,First Class,CC-12220,Chris Cortes,Consumer,United States,La Porte,Indiana,46350,Central,FUR-FU-10003724,Furniture,Furnishings,Westinghouse Clip-On Gooseneck Lamps,41.85,5,0.0,10.881,False
1266,CA-2017-110380,2017-09-02,2017-09-07,Standard Class,PF-19225,Phillip Flathmann,Consumer,United States,San Francisco,California,94122,West,OFF-AR-10000422,Office Supplies,Art,Pencil and Crayon Sharpener,6.57,3,0.0,1.7739,False
1270,CA-2017-100426,2017-06-04,2017-06-08,Standard Class,DC-12850,Dan Campbell,Consumer,United States,Florence,Alabama,35630,South,OFF-PA-10002870,Office Supplies,Paper,"Ampad Phone Message Book, Recycled, 400 Message Capacity, 5 ï¿½ï¿½ x 11ï¿½",12.48,2,0.0,5.616,False
1278,CA-2016-148698,2016-05-02,2016-05-07,Standard Class,BD-11770,Bryan Davis,Consumer,United States,Houston,Texas,77070,Central,OFF-AR-10004022,Office Supplies,Art,Panasonic KP-380BK Classic Electric Pencil Sharpener,86.352,3,0.2,5.397,False
1279,CA-2014-163293,2014-09-08,2014-09-11,First Class,KC-16255,Karen Carlisle,Corporate,United States,Macon,Georgia,31204,South,TEC-AC-10004209,Technology,Accessories,Memorex Froggy Flash Drive 4 GB,32.97,3,0.0,12.8583,False
1280,CA-2014-163293,2014-09-08,2014-09-11,First Class,KC-16255,Karen Carlisle,Corporate,United States,Macon,Georgia,31204,South,TEC-AC-10000023,Technology,Accessories,"Maxell 74 Minute CD-R Spindle, 50/Pack",83.88,4,0.0,30.1968,False
1281,CA-2016-160815,2016-09-05,2016-09-06,First Class,TR-21325,Toby Ritter,Consumer,United States,Cedar Rapids,Iowa,52402,Central,TEC-PH-10003505,Technology,Phones,Geemarc AmpliPOWER60,278.4,3,0.0,80.736,False
1282,CA-2017-122154,2017-04-09,2017-04-11,First Class,SA-20830,Sue Ann Reed,Consumer,United States,Jacksonville,Florida,32216,South,OFF-LA-10000121,Office Supplies,Labels,Avery 48,15.12,3,0.2,4.914,False
1283,CA-2017-122154,2017-04-09,2017-04-11,First Class,SA-20830,Sue Ann Reed,Consumer,United States,Jacksonville,Florida,32216,South,OFF-BI-10002026,Office Supplies,Binders,Avery Arch Ring Binders,17.43,1,0.7,-13.363,False
1284,CA-2017-122154,2017-04-09,2017-04-11,First Class,SA-20830,Sue Ann Reed,Consumer,United States,Jacksonville,Florida,32216,South,OFF-PA-10000994,Office Supplies,Paper,Xerox 1915,251.64,3,0.2,88.074,False
1285,US-2015-149692,2015-12-06,2015-12-12,Standard Class,KW-16435,Katrina Willman,Consumer,United States,Austin,Texas,78745,Central,OFF-BI-10002813,Office Supplies,Binders,Avery Reinforcements for Hole-Punch Pages,2.772,7,0.8,-4.851,False
1287,CA-2015-124268,2015-07-04,2015-07-08,Standard Class,AD-10180,Alan Dominguez,Home Office,United States,New York City,New York,10035,East,OFF-AR-10004817,Office Supplies,Art,Colorific Watercolor Pencils,15.48,3,0.0,4.4892,False
1291,CA-2016-163384,2016-11-10,2016-11-12,First Class,CC-12430,Chuck Clark,Home Office,United States,San Francisco,California,94122,West,OFF-BI-10004970,Office Supplies,Binders,"ACCOHIDE 3-Ring Binder, Blue, 1""",13.216,4,0.2,4.4604,False
1292,CA-2016-163384,2016-11-10,2016-11-12,First Class,CC-12430,Chuck Clark,Home Office,United States,San Francisco,California,94122,West,OFF-PA-10003172,Office Supplies,Paper,Xerox 1996,32.4,5,0.0,15.552,False
1299,CA-2016-134425,2016-12-08,2016-12-12,Second Class,QJ-19255,Quincy Jones,Corporate,United States,Saint Paul,Minnesota,55106,Central,TEC-PH-10003555,Technology,Phones,Motorola HK250 Universal Bluetooth Headset,114.95,5,0.0,2.299,False
1300,CA-2015-121391,2015-10-04,2015-10-07,First Class,AA-10315,Alex Avila,Consumer,United States,San Francisco,California,94109,West,OFF-ST-10001590,Office Supplies,Storage,"Tenex Personal Project File with Scoop Front Design, Black",26.96,2,0.0,7.0096,False
1304,US-2017-126179,2017-07-03,2017-07-07,Standard Class,CS-12460,Chuck Sachs,Consumer,United States,Columbus,Georgia,31907,South,FUR-FU-10002554,Furniture,Furnishings,"Westinghouse Floor Lamp with Metal Mesh Shade, Black",23.99,1,0.0,5.5177,False
1305,US-2017-126179,2017-07-03,2017-07-07,Standard Class,CS-12460,Chuck Sachs,Consumer,United States,Columbus,Georgia,31907,South,TEC-PH-10001557,Technology,Phones,Pyle PMP37LED,287.97,3,0.0,77.7519,False
1319,CA-2014-160773,2014-07-01,2014-07-05,Standard Class,LW-16825,Laurel Workman,Corporate,United States,Deltona,Florida,32725,South,TEC-PH-10004586,Technology,Phones,Wilson SignalBoost 841262 DB PRO Amplifier Kit,575.92,2,0.2,71.99,True
1320,CA-2014-160773,2014-07-01,2014-07-05,Standard Class,LW-16825,Laurel Workman,Corporate,United States,Deltona,Florida,32725,South,OFF-BI-10000546,Office Supplies,Binders,Avery Durable Binders,5.184,6,0.7,-3.6288,False
1321,CA-2017-167703,2017-02-03,2017-02-08,Standard Class,MC-17575,Matt Collins,Consumer,United States,Cincinnati,Ohio,45231,East,OFF-BI-10002071,Office Supplies,Binders,Fellowes Black Plastic Comb Bindings,5.229,3,0.7,-4.1832,False
1322,CA-2017-167703,2017-02-03,2017-02-08,Standard Class,MC-17575,Matt Collins,Consumer,United States,Cincinnati,Ohio,45231,East,OFF-ST-10001490,Office Supplies,Storage,"Hot File 7-Pocket, Floor Stand",285.552,2,0.2,35.694,False
1323,CA-2017-121804,2017-03-03,2017-03-08,Standard Class,LP-17095,Liz Preis,Consumer,United States,Murray,Kentucky,42071,South,OFF-AP-10004859,Office Supplies,Appliances,Acco 6 Outlet Guardian Premium Surge Suppressor,72.8,5,0.0,19.656,False
1324,CA-2017-162635,2017-10-09,2017-10-10,First Class,EB-14170,Evan Bailliet,Consumer,United States,Wilmington,North Carolina,28403,South,OFF-PA-10002659,Office Supplies,Paper,Avoid Verbal Orders Carbonless Minifold Book,10.816,4,0.2,3.5152,False
1331,CA-2017-127705,2017-06-02,2017-06-06,Standard Class,AB-10255,Alejandro Ballentine,Home Office,United States,Lorain,Ohio,44052,East,TEC-PH-10000347,Technology,Phones,Cush Cases Heavy Duty Rugged Cover Case for Samsung Galaxy S5 - Purple,2.97,1,0.4,-0.6435,False
1332,CA-2017-127705,2017-06-02,2017-06-06,Standard Class,AB-10255,Alejandro Ballentine,Home Office,United States,Lorain,Ohio,44052,East,OFF-ST-10004507,Office Supplies,Storage,Advantus Rolling Storage Box,27.44,2,0.2,2.401,False
1335,CA-2014-121664,2014-05-06,2014-05-10,Standard Class,HP-14815,Harold Pawlan,Home Office,United States,Los Angeles,California,90049,West,OFF-BI-10003684,Office Supplies,Binders,Wilson Jones Legal Size Ring Binders,140.736,8,0.2,52.776,False
1337,US-2017-123281,2017-04-02,2017-04-07,Standard Class,JF-15190,Jamie Frazer,Consumer,United States,Los Angeles,California,90008,West,FUR-FU-10003724,Furniture,Furnishings,Westinghouse Clip-On Gooseneck Lamps,25.11,3,0.0,6.5286,False
1341,CA-2017-113481,2017-01-02,2017-01-04,First Class,AS-10045,Aaron Smayling,Corporate,United States,Jacksonville,North Carolina,28540,South,TEC-MA-10002178,Technology,Machines,Cisco CP-7937G Unified IP Conference Station Phone,695.7,2,0.5,-27.828,True
1342,CA-2017-113481,2017-01-02,2017-01-04,First Class,AS-10045,Aaron Smayling,Corporate,United States,Jacksonville,North Carolina,28540,South,OFF-BI-10003694,Office Supplies,Binders,"Avery 3 1/2"" Diskette Storage Pages, 10/Pack",15.66,5,0.7,-12.528,False
1343,CA-2017-113481,2017-01-02,2017-01-04,First Class,AS-10045,Aaron Smayling,Corporate,United States,Jacksonville,North Carolina,28540,South,OFF-BI-10000474,Office Supplies,Binders,Avery Recycled Flexi-View Covers for Binding Systems,28.854,6,0.7,-21.1596,False
1351,CA-2014-153976,2014-10-03,2014-10-08,Second Class,BP-11290,Beth Paige,Consumer,United States,Evanston,Illinois,60201,Central,FUR-CH-10002880,Furniture,Chairs,"Global High-Back Leather Tilter, Burgundy",258.279,3,0.3,-70.1043,False
1353,CA-2017-162978,2017-05-04,2017-05-09,Standard Class,LW-16990,Lindsay Williams,Corporate,United States,San Francisco,California,94109,West,TEC-PH-10003092,Technology,Phones,Motorola L804,183.96,5,0.2,20.6955,False
1354,CA-2017-162978,2017-05-04,2017-05-09,Standard Class,LW-16990,Lindsay Williams,Corporate,United States,San Francisco,California,94109,West,OFF-PA-10002250,Office Supplies,Paper,Things To Do Today Pad,17.61,3,0.0,8.4528,False
1355,CA-2017-162978,2017-05-04,2017-05-09,Standard Class,LW-16990,Lindsay Williams,Corporate,United States,San Francisco,California,94109,West,FUR-TA-10003473,Furniture,Tables,Bretford Rectangular Conference Table Tops,300.904,1,0.2,11.2839,False
1356,US-2014-160444,2014-07-05,2014-07-05,Same Day,DC-12850,Dan Campbell,Consumer,United States,Houston,Texas,77036,Central,OFF-ST-10001522,Office Supplies,Storage,"Gould Plastics 18-Pocket Panel Bin, 34w x 5-1/4d x 20-1/2h",220.776,3,0.2,-44.1552,False
1357,US-2014-160444,2014-07-05,2014-07-05,Same Day,DC-12850,Dan Campbell,Consumer,United States,Houston,Texas,77036,Central,OFF-ST-10000563,Office Supplies,Storage,Fellowes Bankers Box Stor/Drawer Steel Plus,281.424,11,0.2,-35.178,False
1358,CA-2016-145247,2016-05-05,2016-05-07,First Class,ND-18370,Natalie DeCherney,Consumer,United States,Louisville,Kentucky,40214,South,OFF-PA-10003641,Office Supplies,Paper,Xerox 1909,79.14,3,0.0,36.4044,False
1364,US-2017-155425,2017-11-10,2017-11-11,First Class,AB-10600,Ann Blume,Corporate,United States,Tucson,Arizona,85705,West,OFF-BI-10001036,Office Supplies,Binders,Cardinal EasyOpen D-Ring Binders,38.388,14,0.7,-25.592,False
1365,US-2017-155425,2017-11-10,2017-11-11,First Class,AB-10600,Ann Blume,Corporate,United States,Tucson,Arizona,85705,West,TEC-MA-10003183,Technology,Machines,DYMO CardScan Personal V9 Business Card Scanner,95.994,2,0.7,-63.996,False
1366,US-2017-155425,2017-11-10,2017-11-11,First Class,AB-10600,Ann Blume,Corporate,United States,Tucson,Arizona,85705,West,TEC-AC-10001314,Technology,Accessories,Case Logic 2.4GHz Wireless Keyboard,239.952,6,0.2,-35.9928,False
1367,US-2017-155425,2017-11-10,2017-11-11,First Class,AB-10600,Ann Blume,Corporate,United States,Tucson,Arizona,85705,West,TEC-PH-10002563,Technology,Phones,Adtran 1202752G1,201.584,2,0.2,15.1188,False
1368,US-2017-155425,2017-11-10,2017-11-11,First Class,AB-10600,Ann Blume,Corporate,United States,Tucson,Arizona,85705,West,FUR-CH-10003312,Furniture,Chairs,Hon 2090 ï¿½Pillow Softï¿½ Series Mid Back Swivel/Tilt Chairs,899.136,4,0.2,-146.1096,True
1369,CA-2017-133249,2017-07-08,2017-07-11,First Class,SZ-20035,Sam Zeldin,Home Office,United States,Pico Rivera,California,90660,West,FUR-FU-10001588,Furniture,Furnishings,"Deflect-o SuperTray Unbreakable Stackable Tray, Letter, Black",145.9,5,0.0,62.737,False
1372,CA-2017-136672,2017-03-07,2017-03-12,Standard Class,MG-17890,Michael Granlund,Home Office,United States,Clinton,Maryland,20735,East,TEC-AC-10004510,Technology,Accessories,Logitech Desktop MK120 Mouse and keyboard Combo,49.08,3,0.0,4.908,False
1373,US-2014-157021,2014-04-01,2014-04-06,Second Class,KM-16720,Kunst Miller,Consumer,United States,Vallejo,California,94591,West,OFF-LA-10002312,Office Supplies,Labels,Avery 490,29.6,2,0.0,14.8,False
1374,US-2014-157021,2014-04-01,2014-04-06,Second Class,KM-16720,Kunst Miller,Consumer,United States,Vallejo,California,94591,West,OFF-BI-10000042,Office Supplies,Binders,"Pressboard Data Binder, Crimson, 12"" X 8 1/2""",17.088,4,0.2,5.5536,False
1376,CA-2014-126361,2014-08-04,2014-08-09,Second Class,VD-21670,Valerie Dominguez,Consumer,United States,Pleasant Grove,Utah,84062,West,OFF-AP-10003590,Office Supplies,Appliances,Hoover WindTunnel Plus Canister Vacuum,1089.75,3,0.0,305.13,True
1377,CA-2014-126361,2014-08-04,2014-08-09,Second Class,VD-21670,Valerie Dominguez,Consumer,United States,Pleasant Grove,Utah,84062,West,OFF-PA-10000806,Office Supplies,Paper,Xerox 1934,447.84,8,0.0,219.4416,False
1378,CA-2014-126361,2014-08-04,2014-08-09,Second Class,VD-21670,Valerie Dominguez,Consumer,United States,Pleasant Grove,Utah,84062,West,OFF-AR-10000896,Office Supplies,Art,Newell 329,16.4,5,0.0,4.264,False
1379,CA-2014-126361,2014-08-04,2014-08-09,Second Class,VD-21670,Valerie Dominguez,Consumer,United States,Pleasant Grove,Utah,84062,West,TEC-PH-10002310,Technology,Phones,Panasonic KX T7731-B Digital phone,399.96,5,0.2,34.9965,False
1380,CA-2014-126361,2014-08-04,2014-08-09,Second Class,VD-21670,Valerie Dominguez,Consumer,United States,Pleasant Grove,Utah,84062,West,OFF-ST-10002289,Office Supplies,Storage,"Safco Wire Cube Shelving System, For Use as 4 or 5 14"" Cubes, Black",158.9,5,0.0,7.945,False
1381,CA-2014-126361,2014-08-04,2014-08-09,Second Class,VD-21670,Valerie Dominguez,Consumer,United States,Pleasant Grove,Utah,84062,West,OFF-BI-10002852,Office Supplies,Binders,Ibico Standard Transparent Covers,13.184,1,0.2,4.7792,False
1382,US-2016-100566,2016-09-03,2016-09-09,Standard Class,JK-16120,Julie Kriz,Home Office,United States,Aurora,Illinois,60505,Central,FUR-FU-10003394,Furniture,Furnishings,"Tenex ""The Solids"" Textured Chair Mats",83.952,3,0.6,-90.2484,False
1383,US-2016-108504,2016-02-05,2016-02-05,Same Day,PP-18955,Paul Prost,Home Office,United States,Smyrna,Georgia,30080,South,OFF-ST-10002344,Office Supplies,Storage,"Carina 42""Hx23 3/4""W Media Storage Unit",80.98,1,0.0,1.6196,False
1384,US-2016-108504,2016-02-05,2016-02-05,Same Day,PP-18955,Paul Prost,Home Office,United States,Smyrna,Georgia,30080,South,OFF-PA-10001289,Office Supplies,Paper,White Computer Printout Paper by Universal,348.84,9,0.0,170.9316,False
1385,US-2016-108504,2016-02-05,2016-02-05,Same Day,PP-18955,Paul Prost,Home Office,United States,Smyrna,Georgia,30080,South,OFF-FA-10000053,Office Supplies,Fasteners,Revere Boxed Rubber Bands by Revere,9.45,5,0.0,0.189,False
1386,US-2016-108504,2016-02-05,2016-02-05,Same Day,PP-18955,Paul Prost,Home Office,United States,Smyrna,Georgia,30080,South,FUR-FU-10004091,Furniture,Furnishings,"Eldon 200 Class Desk Accessories, Black",18.84,3,0.0,7.1592,False
1387,US-2016-108504,2016-02-05,2016-02-05,Same Day,PP-18955,Paul Prost,Home Office,United States,Smyrna,Georgia,30080,South,FUR-BO-10004015,Furniture,Bookcases,"Bush Andora Bookcase, Maple/Graphite Gray Finish",239.98,2,0.0,52.7956,False
1388,US-2016-108504,2016-02-05,2016-02-05,Same Day,PP-18955,Paul Prost,Home Office,United States,Smyrna,Georgia,30080,South,OFF-EN-10003001,Office Supplies,Envelopes,Ames Color-File Green Diamond Border X-ray Mailers,167.96,2,0.0,78.9412,False
1389,US-2016-108504,2016-02-05,2016-02-05,Same Day,PP-18955,Paul Prost,Home Office,United States,Smyrna,Georgia,30080,South,TEC-PH-10000215,Technology,Phones,Plantronics Cordlessï¿½Phone Headsetï¿½with In-line Volume - M214C,104.85,3,0.0,28.3095,False
1390,US-2016-108504,2016-02-05,2016-02-05,Same Day,PP-18955,Paul Prost,Home Office,United States,Smyrna,Georgia,30080,South,TEC-PH-10003645,Technology,Phones,Aastra 57i VoIP phone,484.83,3,0.0,126.0558,True
1391,US-2016-108504,2016-02-05,2016-02-05,Same Day,PP-18955,Paul Prost,Home Office,United States,Smyrna,Georgia,30080,South,OFF-PA-10000357,Office Supplies,Paper,"White Dual Perf Computer Printout Paper, 2700 Sheets, 1 Part, Heavyweight, 20 lbs., 14 7/8 x 11",122.97,3,0.0,60.2553,False
1392,US-2016-108504,2016-02-05,2016-02-05,Same Day,PP-18955,Paul Prost,Home Office,United States,Smyrna,Georgia,30080,South,OFF-ST-10004804,Office Supplies,Storage,"Belkin 19"" Vented Equipment Shelf, Black",154.44,3,0.0,1.5444,False
1393,US-2016-108504,2016-02-05,2016-02-05,Same Day,PP-18955,Paul Prost,Home Office,United States,Smyrna,Georgia,30080,South,OFF-PA-10003892,Office Supplies,Paper,Xerox 1943,342.37,7,0.0,160.9139,False
1394,CA-2017-124828,2017-07-03,2017-07-04,First Class,YS-21880,Yana Sorensen,Corporate,United States,Burlington,North Carolina,27217,South,OFF-AR-10003514,Office Supplies,Art,4009 Highlighters by Sanford,9.552,3,0.2,1.5522,False
1401,CA-2016-159212,2016-11-01,2016-11-05,Standard Class,KM-16375,Katherine Murray,Home Office,United States,Salem,Virginia,24153,South,TEC-PH-10003988,Technology,Phones,"LF Elite 3D Dazzle Designer Hard Case Cover, Lf Stylus Pen and Wiper For Apple Iphone 5c Mini Lite",21.8,2,0.0,6.104,False
1402,CA-2016-159212,2016-11-01,2016-11-05,Standard Class,KM-16375,Katherine Murray,Home Office,United States,Salem,Virginia,24153,South,OFF-EN-10002230,Office Supplies,Envelopes,Airmail Envelopes,251.79,3,0.0,118.3413,False
1405,US-2014-118486,2014-04-06,2014-04-08,First Class,SD-20485,Shirley Daniels,Home Office,United States,Philadelphia,Pennsylvania,19143,East,OFF-SU-10004498,Office Supplies,Supplies,Martin-Yale Premier Letter Opener,10.304,1,0.2,-2.1896,False
1406,US-2014-118486,2014-04-06,2014-04-08,First Class,SD-20485,Shirley Daniels,Home Office,United States,Philadelphia,Pennsylvania,19143,East,FUR-TA-10001039,Furniture,Tables,KI Adjustable-Height Table,154.764,3,0.4,-36.1116,False
1407,US-2014-118486,2014-04-06,2014-04-08,First Class,SD-20485,Shirley Daniels,Home Office,United States,Philadelphia,Pennsylvania,19143,East,TEC-AC-10004659,Technology,Accessories,Imationï¿½Secure+ Hardware Encrypted USB 2.0ï¿½Flash Drive; 16GB,116.784,2,0.2,21.897,False
1408,CA-2016-130407,2016-09-02,2016-09-06,Standard Class,KD-16270,Karen Daniels,Consumer,United States,New York City,New York,10024,East,OFF-AR-10002240,Office Supplies,Art,Panasonic KP-150 Electric Pencil Sharpener,75.48,2,0.0,19.6248,False
1409,CA-2016-130407,2016-09-02,2016-09-06,Standard Class,KD-16270,Karen Daniels,Consumer,United States,New York City,New York,10024,East,FUR-FU-10001967,Furniture,Furnishings,Telescoping Adjustable Floor Lamp,39.98,2,0.0,9.995,False
1411,CA-2017-105144,2017-11-04,2017-11-11,Standard Class,SZ-20035,Sam Zeldin,Home Office,United States,Grand Prairie,Texas,75051,Central,OFF-LA-10003923,Office Supplies,Labels,Alphabetical Labels for Top Tab Filing,23.68,2,0.2,8.88,False
1443,CA-2017-117695,2017-08-05,2017-08-08,First Class,PW-19030,Pauline Webber,Corporate,United States,Richmond,Kentucky,40475,South,OFF-PA-10002713,Office Supplies,Paper,"Adams Phone Message Book, 200 Message Capacity, 8 1/16ï¿½ x 11ï¿½",13.76,2,0.0,6.3296,False
1444,CA-2015-166135,2015-10-01,2015-10-06,Standard Class,SC-20440,Shaun Chance,Corporate,United States,Aurora,Colorado,80013,West,OFF-ST-10002974,Office Supplies,Storage,"Trav-L-File Heavy-Duty Shuttle II, Black",139.424,4,0.2,17.428,False
1450,CA-2015-145821,2015-05-01,2015-05-07,Standard Class,JB-15400,Jennifer Braxton,Corporate,United States,Los Angeles,California,90008,West,TEC-PH-10004348,Technology,Phones,OtterBox Defender Series Case - iPhone 5c,88.752,3,0.2,11.094,False
1460,CA-2014-155271,2014-05-04,2014-05-04,Same Day,AA-10480,Andrew Allen,Consumer,United States,Middletown,Connecticut,6457,East,FUR-FU-10001473,Furniture,Furnishings,DAX Wood Document Frame,27.46,2,0.0,9.8856,False
1461,CA-2015-119907,2015-12-01,2015-12-08,Standard Class,LC-17140,Logan Currie,Consumer,United States,Seattle,Washington,98103,West,OFF-BI-10001765,Office Supplies,Binders,Wilson Jones Heavy-Duty Casebound Ring Binders with Metal Hinges,55.424,2,0.2,19.3984,False
1474,US-2015-105676,2015-12-01,2015-12-02,Same Day,NM-18520,Neoma Murray,Consumer,United States,Houston,Texas,77036,Central,FUR-FU-10004270,Furniture,Furnishings,"Eldon Image Series Desk Accessories, Burgundy",6.688,4,0.6,-4.0128,False
1480,US-2016-108455,2016-12-02,2016-12-08,Standard Class,MK-18160,Mike Kennedy,Consumer,United States,San Francisco,California,94122,West,OFF-PA-10002262,Office Supplies,Paper,Xerox 192,25.92,4,0.0,12.4416,False
1481,US-2016-108455,2016-12-02,2016-12-08,Standard Class,MK-18160,Mike Kennedy,Consumer,United States,San Francisco,California,94122,West,OFF-PA-10002464,Office Supplies,Paper,HP Office Recycled Paper (20Lb. and 87 Bright),40.46,7,0.0,19.8254,False
1482,US-2016-108455,2016-12-02,2016-12-08,Standard Class,MK-18160,Mike Kennedy,Consumer,United States,San Francisco,California,94122,West,OFF-ST-10002214,Office Supplies,Storage,X-Rack File for Hanging Folders,33.87,3,0.0,8.8062,False
1487,CA-2015-140410,2015-11-03,2015-11-07,Standard Class,CM-12655,Corinna Mitchell,Home Office,United States,Los Angeles,California,90008,West,TEC-PH-10003580,Technology,Phones,Cisco IP Phone 7961G-GE VoIP phone,1212.848,7,0.2,106.1242,True
1488,CA-2015-140410,2015-11-03,2015-11-07,Standard Class,CM-12655,Corinna Mitchell,Home Office,United States,Los Angeles,California,90008,West,TEC-AC-10001109,Technology,Accessories,Logitech Trackman Marble Mouse,89.97,3,0.0,37.7874,False
1489,CA-2015-140410,2015-11-03,2015-11-07,Standard Class,CM-12655,Corinna Mitchell,Home Office,United States,Los Angeles,California,90008,West,FUR-FU-10003347,Furniture,Furnishings,Coloredge Poster Frame,42.6,3,0.0,16.614,False
1496,CA-2017-152485,2017-09-04,2017-09-08,Standard Class,JD-15790,John Dryer,Consumer,United States,Coppell,Texas,75019,Central,OFF-AR-10003759,Office Supplies,Art,"Crayola Anti Dust Chalk, 12/Pack",10.192,7,0.2,3.185,False
1497,CA-2017-152485,2017-09-04,2017-09-08,Standard Class,JD-15790,John Dryer,Consumer,United States,Coppell,Texas,75019,Central,OFF-ST-10004950,Office Supplies,Storage,Acco Perma 3000 Stacking Storage Drawers,16.784,1,0.2,-0.2098,False
1498,CA-2017-152485,2017-09-04,2017-09-08,Standard Class,JD-15790,John Dryer,Consumer,United States,Coppell,Texas,75019,Central,OFF-AR-10001940,Office Supplies,Art,"Sanford Colorific Eraseable Coloring Pencils, 12 Count",13.12,5,0.2,3.772,False
1505,CA-2015-153388,2015-08-01,2015-08-07,Standard Class,PC-19000,Pauline Chand,Home Office,United States,Los Angeles,California,90004,West,OFF-AR-10001868,Office Supplies,Art,Prang Dustless Chalk Sticks,6.72,4,0.0,3.36,False
1506,CA-2015-153388,2015-08-01,2015-08-07,Standard Class,PC-19000,Pauline Chand,Home Office,United States,Los Angeles,California,90004,West,FUR-TA-10003715,Furniture,Tables,Hon 2111 Invitation Series Corner Table,1004.976,6,0.2,-175.8708,True
1509,CA-2017-108294,2017-12-10,2017-12-10,Same Day,LS-16975,Lindsay Shagiari,Home Office,United States,Omaha,Nebraska,68104,Central,OFF-BI-10004965,Office Supplies,Binders,Ibico Covers for Plastic or Wire Binding Elements,34.5,3,0.0,15.525,False
1518,CA-2014-111059,2014-02-03,2014-02-06,Second Class,TB-21400,Tom Boeckenhauer,Consumer,United States,Seattle,Washington,98105,West,OFF-BI-10004593,Office Supplies,Binders,Ibico Laser Imprintable Binding System Covers,83.84,2,0.2,27.248,False
1519,CA-2014-111059,2014-02-03,2014-02-06,Second Class,TB-21400,Tom Boeckenhauer,Consumer,United States,Seattle,Washington,98105,West,OFF-BI-10002827,Office Supplies,Binders,Avery Durable Poly Binders,13.272,3,0.2,4.3134,False
1522,CA-2015-144806,2015-12-06,2015-12-11,Standard Class,GH-14425,Gary Hwang,Consumer,United States,Tucson,Arizona,85705,West,FUR-FU-10002253,Furniture,Furnishings,"Howard Miller 13"" Diameter Pewter Finish Round Wall Clock",206.112,6,0.2,48.9516,False
1523,CA-2015-144806,2015-12-06,2015-12-11,Standard Class,GH-14425,Gary Hwang,Consumer,United States,Tucson,Arizona,85705,West,OFF-PA-10002586,Office Supplies,Paper,Xerox 1970,19.92,5,0.2,6.723,False
1524,CA-2015-144806,2015-12-06,2015-12-11,Standard Class,GH-14425,Gary Hwang,Consumer,United States,Tucson,Arizona,85705,West,OFF-PA-10003039,Office Supplies,Paper,Xerox 1960,198.272,8,0.2,61.96,False
1525,CA-2015-144806,2015-12-06,2015-12-11,Standard Class,GH-14425,Gary Hwang,Consumer,United States,Tucson,Arizona,85705,West,OFF-ST-10004804,Office Supplies,Storage,"Belkin 19"" Vented Equipment Shelf, Black",247.104,6,0.2,-58.6872,False
1526,CA-2015-144806,2015-12-06,2015-12-11,Standard Class,GH-14425,Gary Hwang,Consumer,United States,Tucson,Arizona,85705,West,OFF-AR-10004042,Office Supplies,Art,"BOSTON Model 1800 Electric Pencil Sharpeners, Putty/Woodgrain",86.304,6,0.2,9.7092,False
1529,CA-2015-148432,2015-11-07,2015-11-10,Second Class,MC-18130,Mike Caudle,Corporate,United States,Newark,Delaware,19711,East,OFF-FA-10004968,Office Supplies,Fasteners,Rubber Band Ball,26.18,7,0.0,0.5236,False
1530,CA-2015-148432,2015-11-07,2015-11-10,Second Class,MC-18130,Mike Caudle,Corporate,United States,Newark,Delaware,19711,East,OFF-PA-10001274,Office Supplies,Paper,Loose Memo Sheets,7.3,2,0.0,3.431,False
1534,CA-2016-139885,2016-12-04,2016-12-08,Standard Class,EB-13840,Ellis Ballard,Corporate,United States,New York City,New York,10035,East,OFF-ST-10003324,Office Supplies,Storage,Belkin OmniView SE Rackmount Kit,212.88,6,0.0,0.0,False
1544,CA-2014-107181,2014-02-04,2014-02-08,Standard Class,DB-13270,Deborah Brumfield,Home Office,United States,San Diego,California,92024,West,OFF-BI-10004230,Office Supplies,Binders,GBC Recycled Grain Textured Covers,82.896,3,0.2,29.0136,False
1545,CA-2014-107181,2014-02-04,2014-02-08,Standard Class,DB-13270,Deborah Brumfield,Home Office,United States,San Diego,California,92024,West,OFF-PA-10000350,Office Supplies,Paper,"Message Book, Standard Line ""While You Were Out"", 5 1/2"" X 4"", 200 Sets/Book",34.24,4,0.0,16.0928,False
1550,CA-2014-134278,2014-07-06,2014-07-08,First Class,EP-13915,Emily Phan,Consumer,United States,New York City,New York,10011,East,TEC-CO-10001046,Technology,Copiers,Canon Imageclass D680 Copier / Fax,559.992,1,0.2,174.9975,True
1553,CA-2014-130274,2014-05-03,2014-05-05,First Class,JS-15940,Joni Sundaresam,Home Office,United States,Appleton,Wisconsin,54915,Central,OFF-LA-10002195,Office Supplies,Labels,Avery 481,21.56,7,0.0,10.3488,False
1556,CA-2017-120761,2017-09-04,2017-09-08,Standard Class,AB-10150,Aimee Bixby,Consumer,United States,Long Beach,New York,11561,East,TEC-AC-10000171,Technology,Accessories,"Verbatim 25 GB 6x Blu-ray Single Layer Recordable Disc, 25/Pack",91.96,4,0.0,39.5428,False
1561,CA-2014-105172,2014-04-04,2014-04-09,Standard Class,PK-18910,Paul Knutson,Home Office,United States,San Francisco,California,94109,West,OFF-LA-10001641,Office Supplies,Labels,Avery 518,18.9,6,0.0,9.072,False
1562,CA-2017-107293,2017-09-05,2017-09-06,First Class,CS-12400,Christopher Schild,Home Office,United States,Seattle,Washington,98115,West,OFF-AR-10003732,Office Supplies,Art,Newell 333,2.78,1,0.0,0.7228,False
1564,CA-2015-158554,2015-11-09,2015-11-09,Same Day,CM-12190,Charlotte Melton,Consumer,United States,Philadelphia,Pennsylvania,19134,East,OFF-PA-10004000,Office Supplies,Paper,"While You Were Out Pads, 50 per Pad, 4 x 5 1/4, Green Cycle",11.352,3,0.2,4.1151,False
1565,CA-2014-116239,2014-03-04,2014-03-04,Same Day,CL-12565,Clay Ludtke,Consumer,United States,Columbia,South Carolina,29203,South,OFF-ST-10001370,Office Supplies,Storage,Sensible Storage WireTech Storage Systems,354.9,5,0.0,17.745,False
1569,US-2017-152002,2017-06-11,2017-06-11,Same Day,DV-13465,Dianna Vittorini,Consumer,United States,Los Angeles,California,90004,West,OFF-PA-10000357,Office Supplies,Paper,"White Dual Perf Computer Printout Paper, 2700 Sheets, 1 Part, Heavyweight, 20 lbs., 14 7/8 x 11",122.97,3,0.0,60.2553,False
1580,CA-2015-131338,2015-08-09,2015-08-12,First Class,NP-18325,Naresj Patel,Consumer,United States,New York City,New York,10024,East,TEC-PH-10003012,Technology,Phones,Nortel Meridian M3904 Professional Digital phone,307.98,2,0.0,89.3142,False
1581,CA-2015-131338,2015-08-09,2015-08-12,First Class,NP-18325,Naresj Patel,Consumer,United States,New York City,New York,10024,East,FUR-TA-10002607,Furniture,Tables,KI Conference Tables,382.806,9,0.4,-153.1224,False
1582,CA-2015-131338,2015-08-09,2015-08-12,First Class,NP-18325,Naresj Patel,Consumer,United States,New York City,New York,10024,East,OFF-ST-10000642,Office Supplies,Storage,"Tennsco Lockers, Gray",41.96,2,0.0,2.9372,False
1583,CA-2015-131338,2015-08-09,2015-08-12,First Class,NP-18325,Naresj Patel,Consumer,United States,New York City,New York,10024,East,OFF-BI-10000545,Office Supplies,Binders,GBC Ibimaster 500 Manual ProClick Binding System,1217.568,2,0.2,456.588,True
1584,CA-2015-131338,2015-08-09,2015-08-12,First Class,NP-18325,Naresj Patel,Consumer,United States,New York City,New York,10024,East,FUR-FU-10002157,Furniture,Furnishings,Artistic Insta-Plaque,47.04,3,0.0,18.3456,False
1585,CA-2015-131338,2015-08-09,2015-08-12,First Class,NP-18325,Naresj Patel,Consumer,United States,New York City,New York,10024,East,FUR-FU-10001706,Furniture,Furnishings,Longer-Life Soft White Bulbs,6.16,2,0.0,2.9568,False
1586,CA-2015-131338,2015-08-09,2015-08-12,First Class,NP-18325,Naresj Patel,Consumer,United States,New York City,New York,10024,East,TEC-PH-10000984,Technology,Phones,Panasonic KX-TG9471B,979.95,5,0.0,274.386,True
1587,CA-2015-131338,2015-08-09,2015-08-12,First Class,NP-18325,Naresj Patel,Consumer,United States,New York City,New York,10024,East,OFF-PA-10001357,Office Supplies,Paper,Xerox 1886,143.7,3,0.0,68.976,False
1588,CA-2015-131338,2015-08-09,2015-08-12,First Class,NP-18325,Naresj Patel,Consumer,United States,New York City,New York,10024,East,OFF-FA-10000992,Office Supplies,Fasteners,"Acco Clips to Go Binder Clips, 24 Clips in Two Sizes",10.65,3,0.0,5.0055,False
1589,CA-2015-131338,2015-08-09,2015-08-12,First Class,NP-18325,Naresj Patel,Consumer,United States,New York City,New York,10024,East,TEC-AC-10002600,Technology,Accessories,Belkin QODE FastFit Bluetooth Keyboard,247.8,4,0.0,34.692,False
1596,CA-2017-149181,2017-05-08,2017-05-12,Standard Class,MD-17350,Maribeth Dona,Consumer,United States,Columbus,Ohio,43229,East,FUR-CH-10004540,Furniture,Chairs,Global Chrome Stack Chair,47.992,2,0.3,-2.0568,False
1631,CA-2016-106530,2016-05-08,2016-05-08,Same Day,CL-12565,Clay Ludtke,Consumer,United States,Cleveland,Ohio,44105,East,OFF-ST-10002011,Office Supplies,Storage,Smead Adjustable Mobile File Trolley with Lockable Top,1006.056,3,0.2,88.0299,True
1632,CA-2016-106530,2016-05-08,2016-05-08,Same Day,CL-12565,Clay Ludtke,Consumer,United States,Cleveland,Ohio,44105,East,OFF-PA-10002986,Office Supplies,Paper,Xerox 1898,10.688,2,0.2,3.7408,False
1633,CA-2016-106530,2016-05-08,2016-05-08,Same Day,CL-12565,Clay Ludtke,Consumer,United States,Cleveland,Ohio,44105,East,OFF-PA-10004451,Office Supplies,Paper,Xerox 222,10.368,2,0.2,3.6288,False
1634,CA-2016-106530,2016-05-08,2016-05-08,Same Day,CL-12565,Clay Ludtke,Consumer,United States,Cleveland,Ohio,44105,East,OFF-ST-10000649,Office Supplies,Storage,Hanging Personal Folder File,25.12,2,0.2,1.57,False
1635,CA-2016-106530,2016-05-08,2016-05-08,Same Day,CL-12565,Clay Ludtke,Consumer,United States,Cleveland,Ohio,44105,East,TEC-AC-10001465,Technology,Accessories,SanDisk Cruzer 64 GB USB Flash Drive,58.112,2,0.2,7.264,False
1647,CA-2015-105221,2015-11-01,2015-11-03,First Class,VM-21685,Valerie Mitchum,Home Office,United States,Philadelphia,Pennsylvania,19140,East,TEC-AC-10002323,Technology,Accessories,SanDisk Ultra 32 GB MicroSDHC Class 10 Memory Card,35.36,2,0.2,-3.094,False
1648,CA-2015-105221,2015-11-01,2015-11-03,First Class,VM-21685,Valerie Mitchum,Home Office,United States,Philadelphia,Pennsylvania,19140,East,OFF-FA-10001135,Office Supplies,Fasteners,"Brites Rubber Bands, 1 1/2 oz. Box",3.168,2,0.2,-0.7128,False
1673,CA-2017-111647,2017-07-03,2017-07-07,Standard Class,RD-19585,Rob Dowd,Consumer,United States,Plano,Texas,75023,Central,TEC-PH-10002726,Technology,Phones,netTALK DUO VoIP Telephone Service,167.968,4,0.2,62.988,False
1674,CA-2015-150560,2015-12-11,2015-12-12,First Class,SW-20455,Shaun Weien,Consumer,United States,Suffolk,Virginia,23434,South,OFF-LA-10003930,Office Supplies,Labels,"Dot Matrix Printer Tape Reel Labels, White, 5000/Box",196.62,2,0.0,96.3438,False
1684,CA-2016-147585,2016-11-07,2016-11-12,Standard Class,CB-12535,Claudia Bergmann,Corporate,United States,San Francisco,California,94110,West,FUR-FU-10002597,Furniture,Furnishings,"C-Line Magnetic Cubicle Keepers, Clear Polypropylene",14.82,3,0.0,6.2244,False
1688,CA-2017-143798,2017-12-10,2017-12-12,First Class,AW-10840,Anthony Witt,Consumer,United States,Philadelphia,Pennsylvania,19140,East,OFF-PA-10000788,Office Supplies,Paper,Xerox 210,10.368,2,0.2,3.6288,False
1689,CA-2017-143798,2017-12-10,2017-12-12,First Class,AW-10840,Anthony Witt,Consumer,United States,Philadelphia,Pennsylvania,19140,East,FUR-FU-10004306,Furniture,Furnishings,Electrix Halogen Magnifier Lamp,310.88,2,0.2,23.316,False
1700,CA-2014-135657,2014-06-03,2014-06-07,Second Class,SC-20725,Steven Cartwright,Consumer,United States,Seattle,Washington,98115,West,FUR-TA-10004086,Furniture,Tables,KI Adjustable-Height Table,515.88,6,0.0,113.4936,True
1704,CA-2014-139857,2014-02-02,2014-02-06,Standard Class,CD-12790,Cynthia Delaney,Home Office,United States,San Diego,California,92037,West,OFF-FA-10001843,Office Supplies,Fasteners,Staples,12.35,5,0.0,5.8045,False
1705,CA-2016-106306,2016-03-08,2016-03-08,Same Day,PG-18820,Patrick Gardner,Consumer,United States,Glendale,Arizona,85301,West,OFF-BI-10003676,Office Supplies,Binders,"GBC Standard Recycled Report Covers, Clear Plastic Sheets",9.702,3,0.7,-7.1148,False
1729,CA-2016-106894,2016-02-07,2016-02-07,Same Day,CA-12265,Christina Anderson,Consumer,United States,Springfield,Virginia,22153,South,TEC-AC-10003063,Technology,Accessories,Micro Innovations USB RF Wireless Keyboard with Mouse,100.0,4,0.0,21.0,False
1730,CA-2016-106894,2016-02-07,2016-02-07,Same Day,CA-12265,Christina Anderson,Consumer,United States,Springfield,Virginia,22153,South,OFF-LA-10001045,Office Supplies,Labels,Permanent Self-Adhesive File Folder Labels for Typewriters by Universal,7.83,3,0.0,3.6018,False
1738,CA-2015-130204,2015-09-03,2015-09-09,Standard Class,DB-13120,David Bremer,Corporate,United States,San Francisco,California,94122,West,OFF-ST-10001325,Office Supplies,Storage,Sterilite Officeware Hinged File Box,31.44,3,0.0,8.4888,False
1739,CA-2015-130204,2015-09-03,2015-09-09,Standard Class,DB-13120,David Bremer,Corporate,United States,San Francisco,California,94122,West,TEC-AC-10003038,Technology,Accessories,Kingston Digital DataTraveler 16GB USB 2.0,17.9,2,0.0,3.401,False
1740,CA-2015-130204,2015-09-03,2015-09-09,Standard Class,DB-13120,David Bremer,Corporate,United States,San Francisco,California,94122,West,TEC-AC-10003590,Technology,Accessories,"TRENDnet 56K USB 2.0 Phone, Internet and Fax Modem",129.45,5,0.0,46.602,False
1746,CA-2014-133270,2014-06-06,2014-06-09,First Class,BM-11785,Bryan Mills,Consumer,United States,Rochester,New York,14609,East,OFF-AR-10002656,Office Supplies,Art,Sanford Liquid Accent Highlighters,13.36,2,0.0,4.9432,False
1753,CA-2017-116715,2017-12-02,2017-12-05,First Class,VW-21775,Victoria Wilson,Corporate,United States,San Francisco,California,94122,West,OFF-ST-10004340,Office Supplies,Storage,"Fellowes Mobile File Cart, Black",559.62,9,0.0,151.0974,True
1754,CA-2017-116715,2017-12-02,2017-12-05,First Class,VW-21775,Victoria Wilson,Corporate,United States,San Francisco,California,94122,West,OFF-PA-10004475,Office Supplies,Paper,Xerox 1940,109.92,2,0.0,53.8608,False
1755,CA-2017-116715,2017-12-02,2017-12-05,First Class,VW-21775,Victoria Wilson,Corporate,United States,San Francisco,California,94122,West,OFF-PA-10003893,Office Supplies,Paper,Xerox 1962,8.56,2,0.0,3.852,False
1756,CA-2015-135622,2015-12-08,2015-12-11,Second Class,TT-21460,Tonja Turnell,Home Office,United States,Fort Worth,Texas,76106,Central,OFF-PA-10000100,Office Supplies,Paper,Xerox 1945,360.712,11,0.2,130.7581,False
1757,CA-2015-135622,2015-12-08,2015-12-11,Second Class,TT-21460,Tonja Turnell,Home Office,United States,Fort Worth,Texas,76106,Central,TEC-PH-10001817,Technology,Phones,Wilson Electronics DB Pro Signal Booster,1718.4,6,0.2,150.36,True
1760,CA-2014-141817,2014-01-05,2014-01-12,Standard Class,MB-18085,Mick Brown,Consumer,United States,Philadelphia,Pennsylvania,19143,East,OFF-AR-10003478,Office Supplies,Art,"Avery Hi-Liter EverBold Pen Style Fluorescent Highlighters, 4/Pack",19.536,3,0.2,4.884,False
1761,CA-2015-130785,2015-09-05,2015-09-09,Standard Class,AG-10900,Arthur Gainer,Consumer,United States,San Diego,California,92105,West,FUR-BO-10000330,Furniture,Bookcases,"Sauder Camden County Barrister Bookcase, Planked Cherry Finish",411.332,4,0.15,-4.8392,False
1762,CA-2015-130785,2015-09-05,2015-09-09,Standard Class,AG-10900,Arthur Gainer,Consumer,United States,San Diego,California,92105,West,OFF-BI-10001900,Office Supplies,Binders,"DXL Angle-View Binders with Locking Rings, Black",28.752,6,0.2,9.7038,False
1763,CA-2015-130785,2015-09-05,2015-09-09,Standard Class,AG-10900,Arthur Gainer,Consumer,United States,San Diego,California,92105,West,FUR-BO-10003159,Furniture,Bookcases,"Sauder Camden County Collection Libraries, Planked Cherry Finish",293.199,3,0.15,-20.6964,False
1764,CA-2016-110254,2016-08-04,2016-08-08,Standard Class,ML-17755,Max Ludwig,Home Office,United States,Suffolk,Virginia,23434,South,OFF-SU-10002573,Office Supplies,Supplies,"Acme 10"" Easy Grip Assistive Scissors",35.06,2,0.0,10.518,False
1765,CA-2016-110254,2016-08-04,2016-08-08,Standard Class,ML-17755,Max Ludwig,Home Office,United States,Suffolk,Virginia,23434,South,OFF-LA-10004484,Office Supplies,Labels,Avery 476,4.13,1,0.0,1.8998,False
1766,CA-2016-110254,2016-08-04,2016-08-08,Standard Class,ML-17755,Max Ludwig,Home Office,United States,Suffolk,Virginia,23434,South,FUR-FU-10001591,Furniture,Furnishings,Advantus Panel Wall Certificate Holder - 8.5x11,109.8,9,0.0,46.116,False
1767,CA-2016-110254,2016-08-04,2016-08-08,Standard Class,ML-17755,Max Ludwig,Home Office,United States,Suffolk,Virginia,23434,South,OFF-LA-10002034,Office Supplies,Labels,Avery 478,9.82,2,0.0,4.8118,False
1770,CA-2017-146024,2017-03-02,2017-03-08,Standard Class,SC-20770,Stewart Carmichael,Corporate,United States,Dallas,Texas,75081,Central,OFF-SU-10001935,Office Supplies,Supplies,Staple remover,6.976,4,0.2,-1.3952,False
1771,CA-2017-146024,2017-03-02,2017-03-08,Standard Class,SC-20770,Stewart Carmichael,Corporate,United States,Dallas,Texas,75081,Central,OFF-BI-10003291,Office Supplies,Binders,Wilson Jones Leather-Like Binders with DublLock Round Rings,12.222,7,0.8,-20.1663,False
1792,CA-2014-120474,2014-12-01,2014-12-03,First Class,RP-19390,Resi Pï¿½lking,Consumer,United States,Madison,Wisconsin,53711,Central,FUR-CH-10001854,Furniture,Chairs,Office Star - Professional Matrix Back Chair with 2-to-1 Synchro Tilt and Mesh Fabric Seat,2807.84,8,0.0,673.8816,True
1793,CA-2014-120474,2014-12-01,2014-12-03,First Class,RP-19390,Resi Pï¿½lking,Consumer,United States,Madison,Wisconsin,53711,Central,OFF-AR-10000475,Office Supplies,Art,"Hunt BOSTON Vista Battery-Operated Pencil Sharpener, Black",46.64,4,0.0,12.5928,False
1795,CA-2016-140774,2016-09-05,2016-09-10,Standard Class,BE-11455,Brad Eason,Home Office,United States,Olathe,Kansas,66062,Central,OFF-AR-10004022,Office Supplies,Art,Panasonic KP-380BK Classic Electric Pencil Sharpener,107.94,3,0.0,26.985,False
1799,CA-2016-100965,2016-07-07,2016-07-11,Standard Class,RM-19375,Raymond Messe,Consumer,United States,San Jose,California,95123,West,FUR-FU-10003039,Furniture,Furnishings,"Howard Miller 11-1/2"" Diameter Grantwood Wall Clock",215.65,5,0.0,73.321,False
1800,CA-2016-121034,2016-08-08,2016-08-10,Second Class,JF-15565,Jill Fjeld,Consumer,United States,Dallas,Texas,75081,Central,OFF-FA-10000585,Office Supplies,Fasteners,OIC Bulk Pack Metal Binder Clips,11.168,4,0.2,3.6296,False
1801,CA-2016-121034,2016-08-08,2016-08-10,Second Class,JF-15565,Jill Fjeld,Consumer,United States,Dallas,Texas,75081,Central,OFF-PA-10001994,Office Supplies,Paper,"Ink Jet Note and Greeting Cards, 8-1/2"" x 5-1/2"" Card Size",53.952,3,0.2,17.5344,False
1812,CA-2014-132612,2014-06-09,2014-06-11,Second Class,FO-14305,Frank Olsen,Consumer,United States,Harrisonburg,Virginia,22801,South,FUR-TA-10004534,Furniture,Tables,Bevis 44 x 96 Conference Tables,1441.3,7,0.0,245.021,True
1816,CA-2015-164833,2015-06-04,2015-06-04,Same Day,LL-16840,Lauren Leatherbury,Consumer,United States,Seattle,Washington,98105,West,OFF-LA-10000443,Office Supplies,Labels,Avery 501,7.38,2,0.0,3.4686,False
1817,CA-2015-164833,2015-06-04,2015-06-04,Same Day,LL-16840,Lauren Leatherbury,Consumer,United States,Seattle,Washington,98105,West,OFF-AR-10004685,Office Supplies,Art,"Binney & Smith Crayola Metallic Colored Pencils, 8-Color Set",9.26,2,0.0,3.0558,False
1828,CA-2016-109344,2016-02-08,2016-02-11,Second Class,CH-12070,Cathy Hwang,Home Office,United States,Raleigh,North Carolina,27604,South,TEC-PH-10002624,Technology,Phones,Samsung Galaxy S4 Mini,1127.976,3,0.2,126.8973,True
1833,CA-2015-131422,2015-11-05,2015-11-09,Standard Class,GB-14530,George Bell,Corporate,United States,Monroe,North Carolina,28110,South,FUR-CH-10001270,Furniture,Chairs,Harbour Creations Steel Folding Chair,207.0,3,0.2,25.875,False
1834,CA-2017-162691,2017-08-01,2017-08-07,Standard Class,AS-10045,Aaron Smayling,Corporate,United States,Austin,Texas,78745,Central,TEC-MA-10000488,Technology,Machines,Bady BDG101FRU Card Printer,1439.982,3,0.4,-263.9967,True
1835,CA-2017-162691,2017-08-01,2017-08-07,Standard Class,AS-10045,Aaron Smayling,Corporate,United States,Austin,Texas,78745,Central,OFF-PA-10003729,Office Supplies,Paper,Xerox 1998,36.288,7,0.2,12.7008,False
1838,CA-2014-117345,2014-08-01,2014-08-05,Standard Class,BF-10975,Barbara Fisher,Corporate,United States,Charlotte,North Carolina,28205,South,OFF-LA-10000240,Office Supplies,Labels,Self-Adhesive Address Labels for Typewriters by Universal,17.544,3,0.2,5.9211,False
1839,CA-2014-117345,2014-08-01,2014-08-05,Standard Class,BF-10975,Barbara Fisher,Corporate,United States,Charlotte,North Carolina,28205,South,FUR-FU-10000629,Furniture,Furnishings,9-3/4 Diameter Round Wall Clock,44.128,4,0.2,12.1352,False
1840,CA-2014-117345,2014-08-01,2014-08-05,Standard Class,BF-10975,Barbara Fisher,Corporate,United States,Charlotte,North Carolina,28205,South,OFF-AP-10001005,Office Supplies,Appliances,Honeywell Quietcare HEPA Air Cleaner,62.92,1,0.2,10.2245,False
1841,CA-2014-117345,2014-08-01,2014-08-05,Standard Class,BF-10975,Barbara Fisher,Corporate,United States,Charlotte,North Carolina,28205,South,OFF-PA-10002377,Office Supplies,Paper,Xerox 1916,78.304,2,0.2,29.364,False
1843,CA-2015-135391,2015-02-09,2015-02-11,Second Class,FA-14230,Frank Atkinson,Corporate,United States,San Antonio,Texas,78207,Central,OFF-LA-10001074,Office Supplies,Labels,Round Specialty Laser Printer Labels,40.096,4,0.2,13.5324,False
1844,CA-2015-135391,2015-02-09,2015-02-11,Second Class,FA-14230,Frank Atkinson,Corporate,United States,San Antonio,Texas,78207,Central,FUR-FU-10001986,Furniture,Furnishings,"Dana Fluorescent Magnifying Lamp, White, 36""",40.784,2,0.6,-30.588,False
1848,CA-2017-128370,2017-09-10,2017-09-10,Same Day,FH-14275,Frank Hawley,Corporate,United States,Los Angeles,California,90004,West,FUR-CH-10002602,Furniture,Chairs,DMI Arturo Collection Mission-style Design Wood Chair,362.352,3,0.2,27.1764,False
1849,CA-2017-128370,2017-09-10,2017-09-10,Same Day,FH-14275,Frank Hawley,Corporate,United States,Los Angeles,California,90004,West,OFF-BI-10004140,Office Supplies,Binders,Avery Non-Stick Binders,7.184,2,0.2,2.245,False
1859,CA-2015-121608,2015-09-03,2015-09-05,First Class,JB-15400,Jennifer Braxton,Corporate,United States,Bristol,Connecticut,6010,East,OFF-AP-10002311,Office Supplies,Appliances,"Holmes Replacement Filter for HEPA Air Cleaner, Very Large Room, HEPA Filter",137.62,2,0.0,60.5528,False
1860,CA-2015-121608,2015-09-03,2015-09-05,First Class,JB-15400,Jennifer Braxton,Corporate,United States,Bristol,Connecticut,6010,East,TEC-PH-10004959,Technology,Phones,Classic Ivory Antiqueï¿½Telephoneï¿½ZL1810,100.49,1,0.0,25.1225,False
1863,CA-2014-151078,2014-11-12,2014-11-12,Same Day,RF-19840,Roy Franzï¿½sisch,Consumer,United States,San Antonio,Texas,78207,Central,OFF-ST-10001328,Office Supplies,Storage,"Personal Filing Tote with Lid, Black/Gray",49.632,4,0.2,4.9632,False
1866,US-2017-116659,2017-11-12,2017-11-12,Same Day,NG-18355,Nat Gilpin,Corporate,United States,Newark,Ohio,43055,East,TEC-PH-10002824,Technology,Phones,Jabra SPEAK 410 Multidevice Speakerphone,370.782,3,0.4,-92.6955,False
1875,CA-2014-147914,2014-06-04,2014-06-09,Standard Class,MP-17470,Mark Packer,Home Office,United States,Columbus,Ohio,43229,East,OFF-PA-10001685,Office Supplies,Paper,Easy-staple paper,16.224,2,0.2,5.8812,False
1881,CA-2015-109512,2015-03-05,2015-03-05,Same Day,LF-17185,Luke Foster,Consumer,United States,New York City,New York,10011,East,OFF-EN-10002621,Office Supplies,Envelopes,Staple envelope,29.34,3,0.0,14.67,False
1882,CA-2015-109512,2015-03-05,2015-03-05,Same Day,LF-17185,Luke Foster,Consumer,United States,New York City,New York,10011,East,FUR-CH-10001146,Furniture,Chairs,"Global Value Mid-Back Manager's Chair, Gray",383.607,7,0.1,63.9345,False
1883,CA-2015-109512,2015-03-05,2015-03-05,Same Day,LF-17185,Luke Foster,Consumer,United States,New York City,New York,10011,East,OFF-ST-10000689,Office Supplies,Storage,"Fellowes Strictly Business Drawer File, Letter/Legal Size",563.4,4,0.0,67.608,True
1895,US-2017-108063,2017-12-02,2017-12-05,First Class,AS-10090,Adam Shillingsburg,Consumer,United States,Charlottesville,Virginia,22901,South,OFF-AR-10001446,Office Supplies,Art,Newell 309,34.65,3,0.0,10.395,False
1897,CA-2017-141789,2017-10-03,2017-10-06,First Class,AC-10450,Amy Cox,Consumer,United States,Minneapolis,Minnesota,55407,Central,OFF-BI-10001359,Office Supplies,Binders,GBC DocuBind TL300 Electric Binding System,1793.98,2,0.0,843.1706,True
1909,CA-2015-157959,2015-02-03,2015-02-04,First Class,RW-19540,Rick Wilson,Corporate,United States,Los Angeles,California,90008,West,FUR-FU-10004093,Furniture,Furnishings,Hand-Finished Solid Wood Document Frame,136.92,4,0.0,41.076,False
1912,CA-2017-121503,2017-07-03,2017-07-06,Second Class,FH-14275,Frank Hawley,Corporate,United States,Houston,Texas,77041,Central,OFF-PA-10001878,Office Supplies,Paper,Xerox 1891,273.896,7,0.2,92.4399,False
1913,CA-2017-121503,2017-07-03,2017-07-06,Second Class,FH-14275,Frank Hawley,Corporate,United States,Houston,Texas,77041,Central,TEC-MA-10003674,Technology,Machines,Hewlett-Packard Deskjet 5550 Printer,597.132,3,0.4,49.761,True
1922,CA-2015-125178,2015-10-03,2015-10-09,Standard Class,MZ-17515,Mary Zewe,Corporate,United States,Reading,Pennsylvania,19601,East,OFF-ST-10002562,Office Supplies,Storage,Staple magnet,15.008,2,0.2,1.5008,False
1923,CA-2016-156685,2016-07-08,2016-07-10,Second Class,SC-20230,Scot Coram,Corporate,United States,Arlington,Texas,76017,Central,TEC-PH-10004345,Technology,Phones,Cisco SPA 502G IP Phone,863.64,9,0.2,107.955,True
1924,CA-2016-156685,2016-07-08,2016-07-10,Second Class,SC-20230,Scot Coram,Corporate,United States,Arlington,Texas,76017,Central,OFF-AR-10000588,Office Supplies,Art,Newell 345,47.616,3,0.2,3.5712,False
1925,CA-2017-126865,2017-12-05,2017-12-07,Second Class,NP-18325,Naresj Patel,Consumer,United States,San Diego,California,92024,West,OFF-PA-10003039,Office Supplies,Paper,Xerox 1960,92.94,3,0.0,41.823,False
1933,CA-2017-161200,2017-08-06,2017-08-10,Second Class,SV-20365,Seth Vernon,Consumer,United States,Lafayette,Louisiana,70506,South,FUR-BO-10000468,Furniture,Bookcases,O'Sullivan 2-Shelf Heavy-Duty Bookcases,145.74,3,0.0,23.3184,False
1934,CA-2017-161200,2017-08-06,2017-08-10,Second Class,SV-20365,Seth Vernon,Consumer,United States,Lafayette,Louisiana,70506,South,FUR-FU-10001706,Furniture,Furnishings,Longer-Life Soft White Bulbs,15.4,5,0.0,7.392,False
1938,CA-2016-112109,2016-07-08,2016-07-12,Standard Class,JE-15715,Joe Elijah,Consumer,United States,Broomfield,Colorado,80020,West,OFF-BI-10002082,Office Supplies,Binders,GBC Twin Loop Wire Binding Elements,19.968,2,0.7,-13.312,False
1939,CA-2016-112109,2016-07-08,2016-07-12,Standard Class,JE-15715,Joe Elijah,Consumer,United States,Broomfield,Colorado,80020,West,OFF-ST-10001505,Office Supplies,Storage,"Perma STOR-ALL Hanging File Box, 13 1/8""W x 12 1/4""D x 10 1/2""H",33.488,7,0.2,-1.2558,False
1940,CA-2016-112109,2016-07-08,2016-07-12,Standard Class,JE-15715,Joe Elijah,Consumer,United States,Broomfield,Colorado,80020,West,OFF-BI-10001634,Office Supplies,Binders,Wilson Jones Active Use Binders,8.736,4,0.7,-6.1152,False
1941,CA-2016-112109,2016-07-08,2016-07-12,Standard Class,JE-15715,Joe Elijah,Consumer,United States,Broomfield,Colorado,80020,West,FUR-CH-10004287,Furniture,Chairs,SAFCO Arco Folding Chair,662.88,3,0.2,74.574,True
1947,CA-2017-157987,2017-09-02,2017-09-06,Standard Class,AC-10615,Ann Chong,Corporate,United States,New York City,New York,10009,East,OFF-AR-10000658,Office Supplies,Art,Newell 324,23.1,2,0.0,6.468,False
1948,CA-2017-157987,2017-09-02,2017-09-06,Standard Class,AC-10615,Ann Chong,Corporate,United States,New York City,New York,10009,East,FUR-FU-10001196,Furniture,Furnishings,DAX Cubicle Frames - 8x10,11.54,2,0.0,3.462,False
1949,CA-2017-157987,2017-09-02,2017-09-06,Standard Class,AC-10615,Ann Chong,Corporate,United States,New York City,New York,10009,East,FUR-TA-10001889,Furniture,Tables,Bush Advantage Collection Racetrack Conference Table,254.526,1,0.4,-93.3262,False
1950,CA-2017-157987,2017-09-02,2017-09-06,Standard Class,AC-10615,Ann Chong,Corporate,United States,New York City,New York,10009,East,OFF-AP-10000358,Office Supplies,Appliances,Fellowes Basic Home/Office Series Surge Protectors,12.98,1,0.0,3.7642,False
1951,CA-2017-157987,2017-09-02,2017-09-06,Standard Class,AC-10615,Ann Chong,Corporate,United States,New York City,New York,10009,East,OFF-BI-10004970,Office Supplies,Binders,"ACCOHIDE 3-Ring Binder, Blue, 1""",26.432,8,0.2,8.9208,False
1952,CA-2017-157987,2017-09-02,2017-09-06,Standard Class,AC-10615,Ann Chong,Corporate,United States,New York City,New York,10009,East,TEC-PH-10003885,Technology,Phones,Cisco SPA508G,197.97,3,0.0,57.4113,False
1953,CA-2017-157987,2017-09-02,2017-09-06,Standard Class,AC-10615,Ann Chong,Corporate,United States,New York City,New York,10009,East,OFF-LA-10001641,Office Supplies,Labels,Avery 518,18.9,6,0.0,9.072,False
1954,CA-2017-157987,2017-09-02,2017-09-06,Standard Class,AC-10615,Ann Chong,Corporate,United States,New York City,New York,10009,East,FUR-CH-10003379,Furniture,Chairs,Global Commerce Series High-Back Swivel/Tilt Chairs,1282.41,5,0.1,213.735,True
1955,CA-2017-157987,2017-09-02,2017-09-06,Standard Class,AC-10615,Ann Chong,Corporate,United States,New York City,New York,10009,East,OFF-AR-10004582,Office Supplies,Art,BIC Brite Liner Grip Highlighters,4.92,3,0.0,2.214,False
1956,CA-2017-157987,2017-09-02,2017-09-06,Standard Class,AC-10615,Ann Chong,Corporate,United States,New York City,New York,10009,East,TEC-AC-10002842,Technology,Accessories,WD My Passport Ultra 2TB Portable External Hard Drive,238.0,2,0.0,38.08,False
1957,CA-2017-157987,2017-09-02,2017-09-06,Standard Class,AC-10615,Ann Chong,Corporate,United States,New York City,New York,10009,East,TEC-AC-10000109,Technology,Accessories,Sony Micro Vault Click 16 GB USB 2.0 Flash Drive,167.97,3,0.0,40.3128,False
1958,CA-2017-157987,2017-09-02,2017-09-06,Standard Class,AC-10615,Ann Chong,Corporate,United States,New York City,New York,10009,East,OFF-PA-10003893,Office Supplies,Paper,Xerox 1962,17.12,4,0.0,7.704,False
1971,CA-2017-140242,2017-05-06,2017-05-11,Standard Class,ML-17755,Max Ludwig,Home Office,United States,Chicago,Illinois,60623,Central,OFF-AR-10004752,Office Supplies,Art,Blackstonian Pencils,6.408,3,0.2,0.6408,False
1972,CA-2017-140242,2017-05-06,2017-05-11,Standard Class,ML-17755,Max Ludwig,Home Office,United States,Chicago,Illinois,60623,Central,TEC-AC-10004659,Technology,Accessories,Imationï¿½Secure+ Hardware Encrypted USB 2.0ï¿½Flash Drive; 16GB,408.744,7,0.2,76.6395,False
1979,CA-2015-109939,2015-05-08,2015-05-12,Standard Class,AA-10375,Allen Armold,Consumer,United States,Salem,Oregon,97301,West,OFF-AR-10000127,Office Supplies,Art,Newell 321,5.248,2,0.2,0.5904,False
1983,CA-2014-122749,2014-12-03,2014-12-09,Standard Class,NG-18430,Nathan Gelder,Consumer,United States,Oklahoma City,Oklahoma,73120,Central,TEC-PH-10003811,Technology,Phones,Jabra Supreme Plus Driver Editionï¿½Headset,479.96,4,0.0,134.3888,True
1996,US-2017-147221,2017-12-02,2017-12-04,Second Class,JS-16030,Joy Smith,Consumer,United States,Houston,Texas,77036,Central,OFF-AP-10002534,Office Supplies,Appliances,3.6 Cubic Foot Counter Height Office Refrigerator,294.62,5,0.8,-766.012,False
1997,US-2017-147221,2017-12-02,2017-12-04,Second Class,JS-16030,Joy Smith,Consumer,United States,Houston,Texas,77036,Central,FUR-FU-10004020,Furniture,Furnishings,Advantus Panel Wall Acrylic Frame,8.752,4,0.6,-3.7196,False
1998,CA-2014-131905,2014-02-06,2014-02-09,First Class,ND-18460,Neil Ducich,Corporate,United States,Chesapeake,Virginia,23320,South,OFF-LA-10002787,Office Supplies,Labels,Avery 480,15.0,4,0.0,7.2,False
1999,CA-2014-131905,2014-02-06,2014-02-09,First Class,ND-18460,Neil Ducich,Corporate,United States,Chesapeake,Virginia,23320,South,TEC-PH-10003645,Technology,Phones,Aastra 57i VoIP phone,161.61,1,0.0,42.0186,False
2000,CA-2014-131905,2014-02-06,2014-02-09,First Class,ND-18460,Neil Ducich,Corporate,United States,Chesapeake,Virginia,23320,South,TEC-PH-10001615,Technology,Phones,AT&T CL82213,144.95,5,0.0,42.0355,False
2008,CA-2017-165386,2017-08-03,2017-08-04,First Class,CM-12190,Charlotte Melton,Consumer,United States,Chicago,Illinois,60623,Central,FUR-BO-10003034,Furniture,Bookcases,"O'Sullivan Elevations Bookcase, Cherry Finish",183.372,2,0.3,-36.6744,False
2012,CA-2015-155761,2015-12-11,2015-12-11,Same Day,SC-20800,Stuart Calhoun,Consumer,United States,Houston,Texas,77041,Central,TEC-AC-10001606,Technology,Accessories,Logitech Wireless Performance Mouse MX for PC and Mac,159.984,2,0.2,35.9964,False
2013,CA-2015-155761,2015-12-11,2015-12-11,Same Day,SC-20800,Stuart Calhoun,Consumer,United States,Houston,Texas,77041,Central,OFF-ST-10000943,Office Supplies,Storage,Eldon ProFile File 'N Store Portable File Tub Letter/Legal Size Black,46.344,3,0.2,4.6344,False
2027,CA-2016-113516,2016-09-08,2016-09-10,Second Class,VM-21685,Valerie Mitchum,Home Office,United States,Lancaster,California,93534,West,OFF-BI-10002225,Office Supplies,Binders,"Square Ring Data Binders, Rigid 75 Pt. Covers, 11"" x 14-7/8""",33.024,2,0.2,11.5584,False
2028,CA-2016-113516,2016-09-08,2016-09-10,Second Class,VM-21685,Valerie Mitchum,Home Office,United States,Lancaster,California,93534,West,OFF-BI-10001989,Office Supplies,Binders,Premium Transparent Presentation Covers by GBC,67.136,4,0.2,23.4976,False
2043,CA-2015-104493,2015-10-02,2015-10-08,Standard Class,EB-13705,Ed Braxton,Corporate,United States,San Diego,California,92105,West,OFF-BI-10004817,Office Supplies,Binders,GBC Personal VeloBind Strips,57.504,6,0.2,20.1264,False
2055,CA-2016-136434,2016-12-01,2016-12-07,Standard Class,RD-19480,Rick Duston,Consumer,United States,Richmond,Indiana,47374,Central,FUR-FU-10001196,Furniture,Furnishings,DAX Cubicle Frames - 8x10,17.31,3,0.0,5.193,False
2074,CA-2017-122504,2017-11-07,2017-11-12,Second Class,DB-13270,Deborah Brumfield,Home Office,United States,Brentwood,California,94513,West,TEC-AC-10003289,Technology,Accessories,Anker Ultra-Slim Mini Bluetooth 3.0 Wireless Keyboard,59.97,3,0.0,13.7931,False
2075,CA-2017-122504,2017-11-07,2017-11-12,Second Class,DB-13270,Deborah Brumfield,Home Office,United States,Brentwood,California,94513,West,TEC-PH-10002468,Technology,Phones,"Plantronics CS 50-USB -ï¿½headsetï¿½- Convertible, Monaural",761.544,7,0.2,66.6351,True
2076,CA-2014-131051,2014-12-01,2014-12-05,Standard Class,TR-21325,Toby Ritter,Consumer,United States,San Francisco,California,94122,West,FUR-FU-10001861,Furniture,Furnishings,"Floodlight Indoor Halogen Bulbs, 1 Bulb per Pack, 60 Watts",58.2,3,0.0,28.518,False
2099,CA-2017-124401,2017-09-07,2017-09-12,Standard Class,RD-19900,Ruben Dartt,Consumer,United States,Portland,Oregon,97206,West,OFF-ST-10000649,Office Supplies,Storage,Hanging Personal Folder File,37.68,3,0.2,2.355,False
2100,CA-2017-124401,2017-09-07,2017-09-12,Standard Class,RD-19900,Ruben Dartt,Consumer,United States,Portland,Oregon,97206,West,TEC-AC-10002926,Technology,Accessories,Logitech Wireless Marathon Mouse M705,279.944,7,0.2,80.4839,False
2122,CA-2017-158246,2017-11-09,2017-11-11,First Class,JB-15400,Jennifer Braxton,Corporate,United States,Sunnyvale,California,94086,West,FUR-CH-10003061,Furniture,Chairs,"Global Leather Task Chair, Black",215.976,3,0.2,-2.6997,False
2125,CA-2017-144862,2017-12-01,2017-12-05,Standard Class,EH-14005,Erica Hernandez,Home Office,United States,Philadelphia,Pennsylvania,19143,East,OFF-EN-10003040,Office Supplies,Envelopes,Quality Park Security Envelopes,104.68,5,0.2,35.3295,False
2126,CA-2017-144862,2017-12-01,2017-12-05,Standard Class,EH-14005,Erica Hernandez,Home Office,United States,Philadelphia,Pennsylvania,19143,East,TEC-PH-10000923,Technology,Phones,"Belkin SportFit Armband For iPhone 5s/5c, Fuchsia",62.958,7,0.4,9.4437,False
2128,CA-2015-134859,2015-10-04,2015-10-09,Standard Class,JK-16120,Julie Kriz,Home Office,United States,Philadelphia,Pennsylvania,19134,East,FUR-FU-10003623,Furniture,Furnishings,"DataProducts Ampli Magnifier Task Lamp, Black,",64.944,3,0.2,6.4944,False
2129,CA-2015-134859,2015-10-04,2015-10-09,Standard Class,JK-16120,Julie Kriz,Home Office,United States,Philadelphia,Pennsylvania,19134,East,OFF-PA-10001293,Office Supplies,Paper,Xerox 1946,20.736,4,0.2,7.2576,False
2140,CA-2014-159520,2014-06-06,2014-06-11,Standard Class,GT-14635,Grant Thornton,Corporate,United States,Long Beach,New York,11561,East,OFF-BI-10003982,Office Supplies,Binders,Wilson Jones Century Plastic Molded Ring Binders,149.544,9,0.2,50.4711,False
2141,CA-2014-159520,2014-06-06,2014-06-11,Standard Class,GT-14635,Grant Thornton,Corporate,United States,Long Beach,New York,11561,East,OFF-SU-10001664,Office Supplies,Supplies,Acme Office Executive Series Stainless Steel Trimmers,17.14,2,0.0,4.4564,False
2142,CA-2014-159520,2014-06-06,2014-06-11,Standard Class,GT-14635,Grant Thornton,Corporate,United States,Long Beach,New York,11561,East,FUR-TA-10003238,Furniture,Tables,"Chromcraft Bull-Nose Wood 48"" x 96"" Rectangular Conference Tables",991.764,3,0.4,-347.1174,True
2143,CA-2016-155481,2016-09-01,2016-09-05,Standard Class,DK-13225,Dean Katz,Corporate,United States,Philadelphia,Pennsylvania,19140,East,OFF-PA-10004675,Office Supplies,Paper,"Telephone Message Books with Fax/Mobile Section, 5 1/2"" x 3 3/16""",30.48,6,0.2,9.906,False
2144,CA-2016-155481,2016-09-01,2016-09-05,Standard Class,DK-13225,Dean Katz,Corporate,United States,Philadelphia,Pennsylvania,19140,East,TEC-PH-10002293,Technology,Phones,Anker 36W 4-Port USB Wall Charger Travel Power Adapter for iPhone 5s 5c 5,23.988,2,0.4,-4.7976,False
2145,CA-2016-155481,2016-09-01,2016-09-05,Standard Class,DK-13225,Dean Katz,Corporate,United States,Philadelphia,Pennsylvania,19140,East,OFF-FA-10002780,Office Supplies,Fasteners,Staples,16.688,7,0.2,5.4236,False
2160,CA-2016-159737,2016-09-03,2016-09-09,Standard Class,CS-11950,Carlos Soltero,Consumer,United States,Chicago,Illinois,60610,Central,OFF-BI-10004236,Office Supplies,Binders,"XtraLife ClearVue Slant-D Ring Binder, White, 3""",8.808,3,0.8,-14.9736,False
2162,CA-2016-101938,2016-01-07,2016-01-12,Standard Class,DW-13480,Dianna Wilson,Home Office,United States,Oakland,California,94601,West,OFF-AR-10003696,Office Supplies,Art,Panasonic KP-350BK Electric Pencil Sharpener with Auto Stop,34.58,1,0.0,10.0282,False
2173,CA-2014-152296,2014-08-01,2014-08-03,First Class,IL-15100,Ivan Liston,Consumer,United States,San Francisco,California,94122,West,OFF-BI-10004506,Office Supplies,Binders,Wilson Jones data.warehouse D-Ring Binders with DublLock,19.752,3,0.2,6.9132,False
2180,CA-2016-128818,2016-05-07,2016-05-11,Standard Class,CJ-12010,Caroline Jumper,Consumer,United States,New York City,New York,10009,East,OFF-BI-10000309,Office Supplies,Binders,"GBC Twin Loop Wire Binding Elements, 9/16"" Spine, Black",85.232,7,0.2,30.8966,False
2181,CA-2016-128818,2016-05-07,2016-05-11,Standard Class,CJ-12010,Caroline Jumper,Consumer,United States,New York City,New York,10009,East,OFF-LA-10003923,Office Supplies,Labels,Alphabetical Labels for Top Tab Filing,44.4,3,0.0,22.2,False
2182,CA-2016-128818,2016-05-07,2016-05-11,Standard Class,CJ-12010,Caroline Jumper,Consumer,United States,New York City,New York,10009,East,FUR-CH-10002084,Furniture,Chairs,Hon Mobius Operator's Chair,442.764,4,0.1,59.0352,False
2183,CA-2016-128818,2016-05-07,2016-05-11,Standard Class,CJ-12010,Caroline Jumper,Consumer,United States,New York City,New York,10009,East,TEC-MA-10000488,Technology,Machines,Bady BDG101FRU Card Printer,3999.95,5,0.0,1159.9855,True
2184,CA-2016-128818,2016-05-07,2016-05-11,Standard Class,CJ-12010,Caroline Jumper,Consumer,United States,New York City,New York,10009,East,TEC-AC-10001767,Technology,Accessories,SanDisk Ultra 64 GB MicroSDHC Class 10 Memory Card,199.95,5,0.0,21.9945,False
2185,CA-2016-128818,2016-05-07,2016-05-11,Standard Class,CJ-12010,Caroline Jumper,Consumer,United States,New York City,New York,10009,East,FUR-FU-10001940,Furniture,Furnishings,Staple-based wall hangings,63.68,8,0.0,28.0192,False
2186,CA-2017-124576,2017-08-01,2017-08-04,Second Class,HK-14890,Heather Kirkland,Corporate,United States,Salinas,California,93905,West,OFF-BI-10002735,Office Supplies,Binders,GBC Prestige Therm-A-Bind Covers,54.896,2,0.2,18.5274,False
2197,CA-2016-136483,2016-12-01,2016-12-06,Standard Class,AG-10390,Allen Goldenen,Consumer,United States,Knoxville,Tennessee,37918,South,OFF-AR-10000940,Office Supplies,Art,Newell 343,4.704,2,0.2,0.4116,False
2201,US-2014-165659,2014-06-01,2014-06-06,Standard Class,LT-17110,Liz Thompson,Consumer,United States,Little Rock,Arkansas,72209,South,FUR-FU-10001935,Furniture,Furnishings,3M Hangers With Command Adhesive,22.2,6,0.0,9.102,False
2202,US-2014-165659,2014-06-01,2014-06-06,Standard Class,LT-17110,Liz Thompson,Consumer,United States,Little Rock,Arkansas,72209,South,TEC-PH-10002563,Technology,Phones,Adtran 1202752G1,881.93,7,0.0,229.3018,True
2203,CA-2015-138002,2015-09-06,2015-09-12,Standard Class,BT-11305,Beth Thompson,Home Office,United States,Seattle,Washington,98103,West,OFF-BI-10002160,Office Supplies,Binders,Acco Hanging Data Binders,6.096,2,0.2,2.1336,False
2204,CA-2015-138002,2015-09-06,2015-09-12,Standard Class,BT-11305,Beth Thompson,Home Office,United States,Seattle,Washington,98103,West,FUR-FU-10004748,Furniture,Furnishings,"Howard Miller 16"" Diameter Gallery Wall Clock",191.82,3,0.0,74.8098,False
2206,CA-2016-164350,2016-09-10,2016-09-12,Second Class,CG-12040,Catherine Glotzbach,Home Office,United States,Bristol,Tennessee,37620,South,OFF-AR-10000538,Office Supplies,Art,"Boston Model 1800 Electric Pencil Sharpener, Gray",67.56,3,0.2,8.445,False
2214,CA-2017-129378,2017-10-01,2017-10-02,First Class,NS-18505,Neola Schneider,Consumer,United States,San Jose,California,95123,West,OFF-BI-10002012,Office Supplies,Binders,Wilson Jones Easy Flow II Sheet Lifters,1.44,1,0.2,0.504,False
2215,CA-2017-129378,2017-10-01,2017-10-02,First Class,NS-18505,Neola Schneider,Consumer,United States,San Jose,California,95123,West,OFF-BI-10001922,Office Supplies,Binders,Storex Dura Pro Binders,61.776,13,0.2,20.8494,False
2216,CA-2017-129378,2017-10-01,2017-10-02,First Class,NS-18505,Neola Schneider,Consumer,United States,San Jose,California,95123,West,OFF-AP-10000576,Office Supplies,Appliances,"Belkin 325VA UPS Surge Protector, 6'",241.96,2,0.0,60.49,False
2217,CA-2017-129378,2017-10-01,2017-10-02,First Class,NS-18505,Neola Schneider,Consumer,United States,San Jose,California,95123,West,FUR-CH-10000553,Furniture,Chairs,"Metal Folding Chairs, Beige, 4/Carton",108.608,4,0.2,9.5032,False
2222,CA-2015-131884,2015-12-06,2015-12-06,Same Day,DK-13375,Dennis Kane,Consumer,United States,Marion,Ohio,43302,East,TEC-PH-10001578,Technology,Phones,Polycom SoundStation2 EX Conferenceï¿½phone,485.94,2,0.4,-89.089,True
2223,CA-2015-131884,2015-12-06,2015-12-06,Same Day,DK-13375,Dennis Kane,Consumer,United States,Marion,Ohio,43302,East,OFF-AR-10004078,Office Supplies,Art,Newell 312,37.376,8,0.2,4.672,False
2224,CA-2015-131884,2015-12-06,2015-12-06,Same Day,DK-13375,Dennis Kane,Consumer,United States,Marion,Ohio,43302,East,FUR-CH-10004860,Furniture,Chairs,Global Low Back Tilter Chair,70.686,1,0.3,-24.2352,False
2229,CA-2016-139157,2016-10-01,2016-10-05,Standard Class,GM-14680,Greg Matthias,Consumer,United States,New York City,New York,10024,East,FUR-TA-10003238,Furniture,Tables,"Chromcraft Bull-Nose Wood 48"" x 96"" Rectangular Conference Tables",330.588,1,0.4,-115.7058,False
2235,CA-2017-104066,2017-12-05,2017-12-10,Standard Class,QJ-19255,Quincy Jones,Corporate,United States,Burlington,Vermont,5408,East,TEC-AC-10001013,Technology,Accessories,Logitech ClearChat Comfort/USB Headset H390,205.03,7,0.0,67.6599,False
2260,CA-2015-117611,2015-11-08,2015-11-10,Second Class,MZ-17335,Maria Zettner,Home Office,United States,San Diego,California,92024,West,OFF-FA-10002280,Office Supplies,Fasteners,Advantus Plastic Paper Clips,5.0,1,0.0,2.4,False
2261,CA-2015-117611,2015-11-08,2015-11-10,Second Class,MZ-17335,Maria Zettner,Home Office,United States,San Diego,California,92024,West,TEC-AC-10002049,Technology,Accessories,Logitech G19 Programmable Gaming Keyboard,371.97,3,0.0,66.9546,False
2263,CA-2017-122994,2017-02-06,2017-02-09,First Class,MV-17485,Mark Van Huff,Consumer,United States,Arlington,Virginia,22204,South,FUR-BO-10004015,Furniture,Bookcases,"Bush Andora Bookcase, Maple/Graphite Gray Finish",359.97,3,0.0,79.1934,False
2267,CA-2017-149146,2017-10-12,2017-10-12,Same Day,SM-20320,Sean Miller,Home Office,United States,Monroe,North Carolina,28110,South,OFF-PA-10003919,Office Supplies,Paper,Xerox 1989,7.968,2,0.2,2.6892,False
2271,CA-2017-164917,2017-12-02,2017-12-07,Standard Class,MK-17905,Michael Kennedy,Corporate,United States,Miami,Florida,33180,South,OFF-AR-10004344,Office Supplies,Art,Bulldog Vacuum Base Pencil Sharpener,47.96,5,0.2,4.1965,False
2273,CA-2015-142944,2015-03-06,2015-03-11,Standard Class,JL-15850,John Lucas,Consumer,United States,San Francisco,California,94122,West,FUR-FU-10000308,Furniture,Furnishings,Deflect-o Glass Clear Studded Chair Mats,435.26,7,0.0,95.7572,False
2274,CA-2015-142944,2015-03-06,2015-03-11,Standard Class,JL-15850,John Lucas,Consumer,United States,San Francisco,California,94122,West,TEC-CO-10003763,Technology,Copiers,Canon PC1060 Personal Laser Copier,1119.984,2,0.2,377.9946,True
2275,CA-2014-157882,2014-10-03,2014-10-08,Second Class,AR-10405,Allen Rosenblatt,Corporate,United States,Los Angeles,California,90036,West,FUR-TA-10001866,Furniture,Tables,Bevis Round Conference Room Tables and Bases,143.432,1,0.2,3.5858,False
2276,CA-2014-157882,2014-10-03,2014-10-08,Second Class,AR-10405,Allen Rosenblatt,Corporate,United States,Los Angeles,California,90036,West,FUR-CH-10002774,Furniture,Chairs,"Global Deluxe Stacking Chair, Gray",122.352,3,0.2,13.7646,False
2283,CA-2016-132143,2016-09-03,2016-09-05,First Class,FM-14215,Filia McAdams,Corporate,United States,Middletown,Connecticut,6457,East,OFF-PA-10002713,Office Supplies,Paper,"Adams Phone Message Book, 200 Message Capacity, 8 1/16ï¿½ x 11ï¿½",48.16,7,0.0,22.1536,False
2284,CA-2015-153108,2015-03-05,2015-03-09,Standard Class,SF-20200,Sarah Foster,Consumer,United States,New Castle,Indiana,47362,Central,TEC-PH-10001552,Technology,Phones,I Need's 3d Hello Kitty Hybrid Silicone Case Cover for HTC One X 4g with 3d Hello Kitty Stylus Pen Green/pink,23.92,2,0.0,6.6976,False
2285,CA-2015-153108,2015-03-05,2015-03-09,Standard Class,SF-20200,Sarah Foster,Consumer,United States,New Castle,Indiana,47362,Central,OFF-AP-10002222,Office Supplies,Appliances,Staple holder,60.69,7,0.0,16.3863,False
2286,CA-2016-112676,2016-05-05,2016-05-08,First Class,PJ-18835,Patrick Jones,Corporate,United States,Murfreesboro,Tennessee,37130,South,OFF-PA-10003971,Office Supplies,Paper,Xerox 1965,14.352,3,0.2,5.2026,False
2288,US-2017-112928,2017-06-01,2017-06-05,Second Class,BB-10990,Barry Blumstein,Corporate,United States,Toledo,Ohio,43615,East,OFF-AP-10002287,Office Supplies,Appliances,"Eureka Sanitaire  Multi-Pro Heavy-Duty Upright, Disposable Bags",17.48,5,0.2,1.311,False
2290,CA-2017-115154,2017-01-08,2017-01-11,First Class,RS-19420,Ricardo Sperren,Corporate,United States,Seattle,Washington,98115,West,FUR-TA-10001950,Furniture,Tables,Balt Solid Wood Round Tables,892.98,2,0.0,80.3682,True
2294,CA-2015-130995,2015-11-01,2015-11-06,Standard Class,QJ-19255,Quincy Jones,Corporate,United States,New York City,New York,10009,East,TEC-PH-10000347,Technology,Phones,Cush Cases Heavy Duty Rugged Cover Case for Samsung Galaxy S5 - Purple,4.95,1,0.0,1.3365,False
2296,CA-2015-113145,2015-11-01,2015-11-05,Standard Class,VD-21670,Valerie Dominguez,Consumer,United States,New York City,New York,10011,East,OFF-PA-10002659,Office Supplies,Paper,Avoid Verbal Orders Carbonless Minifold Book,13.52,4,0.0,6.2192,False
2297,CA-2015-113145,2015-11-01,2015-11-05,Standard Class,VD-21670,Valerie Dominguez,Consumer,United States,New York City,New York,10011,East,FUR-FU-10000965,Furniture,Furnishings,"Howard Miller 11-1/2"" Diameter Ridgewood Wall Clock",259.7,5,0.0,106.477,False
2298,CA-2015-113145,2015-11-01,2015-11-05,Standard Class,VD-21670,Valerie Dominguez,Consumer,United States,New York City,New York,10011,East,TEC-PH-10001527,Technology,Phones,Plantronics MX500i Earset,42.95,1,0.0,1.2885,False
2299,CA-2015-113145,2015-11-01,2015-11-05,Standard Class,VD-21670,Valerie Dominguez,Consumer,United States,New York City,New York,10011,East,TEC-AC-10001838,Technology,Accessories,Razer Tiamat Over Ear 7.1 Surround Sound PC Gaming Headset,1399.93,7,0.0,601.9699,True
2300,CA-2015-113145,2015-11-01,2015-11-05,Standard Class,VD-21670,Valerie Dominguez,Consumer,United States,New York City,New York,10011,East,TEC-PH-10002597,Technology,Phones,Xblue XB-1670-86 X16 Smallï¿½Office Telephoneï¿½- Titanium,503.96,4,0.0,125.99,True
2307,CA-2015-160794,2015-08-06,2015-08-08,First Class,MS-17980,Michael Stewart,Corporate,United States,Houston,Texas,77041,Central,OFF-PA-10004156,Office Supplies,Paper,Xerox 188,27.216,3,0.2,9.8658,False
2308,CA-2017-116225,2017-11-05,2017-11-09,Standard Class,SV-20935,Susan Vittorini,Consumer,United States,New York City,New York,10009,East,TEC-AC-10001432,Technology,Accessories,Enermax Aurora Lite Keyboard,390.75,5,0.0,171.93,False
2309,US-2017-120418,2017-06-11,2017-06-12,First Class,BC-11125,Becky Castell,Home Office,United States,Peoria,Arizona,85345,West,FUR-CH-10001394,Furniture,Chairs,Global Leather Executive Chair,280.792,1,0.2,35.099,False
2310,US-2017-120418,2017-06-11,2017-06-12,First Class,BC-11125,Becky Castell,Home Office,United States,Peoria,Arizona,85345,West,OFF-ST-10002370,Office Supplies,Storage,"Sortfiler Multipurpose Personal File Organizer, Black",68.448,4,0.2,7.7004,False
2311,US-2017-120418,2017-06-11,2017-06-12,First Class,BC-11125,Becky Castell,Home Office,United States,Peoria,Arizona,85345,West,OFF-AR-10002956,Office Supplies,Art,Boston 16801 Nautilus Battery Pencil Sharpener,88.04,5,0.2,6.603,False
2312,US-2017-120418,2017-06-11,2017-06-12,First Class,BC-11125,Becky Castell,Home Office,United States,Peoria,Arizona,85345,West,OFF-AR-10001955,Office Supplies,Art,Newell 319,15.872,1,0.2,1.984,False
2313,US-2017-120418,2017-06-11,2017-06-12,First Class,BC-11125,Becky Castell,Home Office,United States,Peoria,Arizona,85345,West,OFF-ST-10001809,Office Supplies,Storage,Fellowes Officeware Wire Shelving,215.592,3,0.2,-48.5082,False
2336,CA-2017-152695,2017-12-10,2017-12-10,Same Day,CC-12220,Chris Cortes,Consumer,United States,Fairfield,Connecticut,6824,East,OFF-EN-10004030,Office Supplies,Envelopes,Convenience Packs of Business Envelopes,10.86,3,0.0,5.1042,False
2337,CA-2017-152695,2017-12-10,2017-12-10,Same Day,CC-12220,Chris Cortes,Consumer,United States,Fairfield,Connecticut,6824,East,OFF-AP-10000026,Office Supplies,Appliances,Tripp Lite Isotel 6 Outlet Surge Protector with Fax/Modem Protection,426.79,7,0.0,123.7691,False
2349,CA-2017-109701,2017-12-02,2017-12-03,Same Day,AM-10360,Alice McCarthy,Corporate,United States,Los Angeles,California,90032,West,OFF-BI-10004187,Office Supplies,Binders,3-ring staple pack,9.024,6,0.2,3.1584,False
2350,CA-2017-109701,2017-12-02,2017-12-03,Same Day,AM-10360,Alice McCarthy,Corporate,United States,Los Angeles,California,90032,West,OFF-BI-10000632,Office Supplies,Binders,Satellite Sectional Post Binders,69.456,2,0.2,22.5732,False
2351,CA-2017-109701,2017-12-02,2017-12-03,Same Day,AM-10360,Alice McCarthy,Corporate,United States,Los Angeles,California,90032,West,OFF-PA-10003724,Office Supplies,Paper,"Wirebound Message Book, 4 per Page",10.86,2,0.0,5.3214,False
2352,CA-2017-109701,2017-12-02,2017-12-03,Same Day,AM-10360,Alice McCarthy,Corporate,United States,Los Angeles,California,90032,West,OFF-AP-10002765,Office Supplies,Appliances,Fellowes Advanced Computer Series Surge Protectors,79.47,3,0.0,22.2516,False
2353,CA-2017-109701,2017-12-02,2017-12-03,Same Day,AM-10360,Alice McCarthy,Corporate,United States,Los Angeles,California,90032,West,OFF-AR-10001868,Office Supplies,Art,Prang Dustless Chalk Sticks,10.08,6,0.0,5.04,False
2371,CA-2017-155152,2017-07-07,2017-07-09,Second Class,MP-17965,Michael Paige,Corporate,United States,Warwick,Rhode Island,2886,East,TEC-AC-10004353,Technology,Accessories,Hypercom P1300 Pinpad,252.0,4,0.0,93.24,False
2372,CA-2016-159940,2016-07-07,2016-07-11,Second Class,BF-11020,Barry Franzï¿½sisch,Corporate,United States,Aurora,Illinois,60505,Central,FUR-FU-10004973,Furniture,Furnishings,Flat Face Poster Frame,60.288,8,0.6,-27.1296,False
2373,CA-2016-159940,2016-07-07,2016-07-11,Second Class,BF-11020,Barry Franzï¿½sisch,Corporate,United States,Aurora,Illinois,60505,Central,OFF-FA-10000936,Office Supplies,Fasteners,Acco Hot Clips Clips to Go,2.632,1,0.2,0.8225,False
2374,CA-2016-159940,2016-07-07,2016-07-11,Second Class,BF-11020,Barry Franzï¿½sisch,Corporate,United States,Aurora,Illinois,60505,Central,OFF-PA-10001609,Office Supplies,Paper,Tops Wirebound Message Log Books,23.688,9,0.2,7.6986,False
2375,CA-2016-159940,2016-07-07,2016-07-11,Second Class,BF-11020,Barry Franzï¿½sisch,Corporate,United States,Aurora,Illinois,60505,Central,FUR-CH-10000785,Furniture,Chairs,Global Ergonomic Managers Chair,253.372,2,0.3,-14.4784,False
2379,CA-2015-148628,2015-12-06,2015-12-11,Standard Class,KM-16375,Katherine Murray,Home Office,United States,Thousand Oaks,California,91360,West,OFF-PA-10003883,Office Supplies,Paper,"Message Book, Phone, Wirebound Standard Line Memo, 2 3/4"" X 5""",32.75,5,0.0,15.065,False
2380,CA-2016-118052,2016-05-06,2016-05-10,Standard Class,BE-11455,Brad Eason,Home Office,United States,Lorain,Ohio,44052,East,OFF-FA-10004248,Office Supplies,Fasteners,Advantus T-Pin Paper Clips,7.216,2,0.2,1.7138,False
2381,CA-2016-118052,2016-05-06,2016-05-10,Standard Class,BE-11455,Brad Eason,Home Office,United States,Lorain,Ohio,44052,East,OFF-PA-10002581,Office Supplies,Paper,Xerox 1951,49.568,2,0.2,15.49,False
2382,CA-2016-118052,2016-05-06,2016-05-10,Standard Class,BE-11455,Brad Eason,Home Office,United States,Lorain,Ohio,44052,East,FUR-FU-10004848,Furniture,Furnishings,DAX Solid Wood Frames,54.712,7,0.2,11.6263,False
2390,US-2015-127040,2015-12-06,2015-12-10,Standard Class,SG-20605,Speros Goranitis,Consumer,United States,New York City,New York,10009,East,OFF-PA-10004255,Office Supplies,Paper,Xerox 219,6.48,1,0.0,3.1104,False
2391,US-2015-127040,2015-12-06,2015-12-10,Standard Class,SG-20605,Speros Goranitis,Consumer,United States,New York City,New York,10009,East,OFF-PA-10001184,Office Supplies,Paper,Xerox 1903,41.86,7,0.0,20.5114,False
2392,US-2015-127040,2015-12-06,2015-12-10,Standard Class,SG-20605,Speros Goranitis,Consumer,United States,New York City,New York,10009,East,TEC-AC-10002637,Technology,Accessories,Logitechï¿½VX Revolution Cordless Laser Mouse for Notebooks (Black),1619.91,9,0.0,97.1946,True
2393,US-2015-127040,2015-12-06,2015-12-10,Standard Class,SG-20605,Speros Goranitis,Consumer,United States,New York City,New York,10009,East,FUR-FU-10002878,Furniture,Furnishings,"Seth Thomas 14"" Day/Date Wall Clock",113.92,4,0.0,42.1504,False
2402,CA-2017-145877,2017-04-01,2017-04-04,Second Class,AS-10090,Adam Shillingsburg,Consumer,United States,Springfield,Missouri,65807,Central,OFF-ST-10000649,Office Supplies,Storage,Hanging Personal Folder File,94.2,6,0.0,23.55,False
2403,CA-2017-145877,2017-04-01,2017-04-04,Second Class,AS-10090,Adam Shillingsburg,Consumer,United States,Springfield,Missouri,65807,Central,OFF-EN-10001990,Office Supplies,Envelopes,Staple envelope,28.4,5,0.0,13.348,False
2405,CA-2017-108574,2017-10-07,2017-10-11,Standard Class,MG-18145,Mike Gockenbach,Consumer,United States,Los Angeles,California,90045,West,TEC-AC-10002049,Technology,Accessories,Logitech G19 Programmable Gaming Keyboard,1115.91,9,0.0,200.8638,True
2406,CA-2017-108574,2017-10-07,2017-10-11,Standard Class,MG-18145,Mike Gockenbach,Consumer,United States,Los Angeles,California,90045,West,TEC-PH-10003555,Technology,Phones,Motorola HK250 Universal Bluetooth Headset,128.744,7,0.2,-28.9674,False
2407,CA-2017-108574,2017-10-07,2017-10-11,Standard Class,MG-18145,Mike Gockenbach,Consumer,United States,Los Angeles,California,90045,West,TEC-PH-10000702,Technology,Phones,"Square Credit Card Reader, 4 1/2"" x 4 1/2"" x 1"", White",79.92,10,0.2,26.973,False
2411,CA-2014-162684,2014-08-01,2014-08-06,Standard Class,AS-10630,Ann Steele,Home Office,United States,Philadelphia,Pennsylvania,19120,East,OFF-FA-10000992,Office Supplies,Fasteners,"Acco Clips to Go Binder Clips, 24 Clips in Two Sizes",5.68,2,0.2,1.917,False
2412,CA-2015-142041,2015-06-07,2015-06-09,Second Class,EM-13810,Eleni McCrary,Corporate,United States,Los Angeles,California,90036,West,OFF-BI-10004187,Office Supplies,Binders,3-ring staple pack,7.52,5,0.2,2.632,False
2416,CA-2015-146087,2015-07-06,2015-07-11,Standard Class,PP-18955,Paul Prost,Home Office,United States,Holyoke,Massachusetts,1040,East,FUR-BO-10002824,Furniture,Bookcases,Bush Mission Pointe Library,301.96,2,0.0,60.392,False
2437,CA-2017-140053,2017-07-03,2017-07-10,Standard Class,CA-12265,Christina Anderson,Consumer,United States,Farmington,New Mexico,87401,West,FUR-FU-10003708,Furniture,Furnishings,"Tenex Traditional Chairmats for Medium Pile Carpet, Standard Lip, 36"" x 48""",545.85,9,0.0,114.6285,True
2450,CA-2016-140207,2016-11-05,2016-11-10,Standard Class,CS-12400,Christopher Schild,Home Office,United States,San Jose,California,95123,West,OFF-BI-10003963,Office Supplies,Binders,Cardinal Holdit Data Disk Pockets,29.12,5,0.2,9.828,False
2463,CA-2017-148691,2017-12-03,2017-12-09,Standard Class,CS-12460,Chuck Sachs,Consumer,United States,New York City,New York,10009,East,OFF-BI-10001524,Office Supplies,Binders,GBC Premium Transparent Covers with Diagonal Lined Pattern,83.92,5,0.2,29.372,False
2464,CA-2017-148691,2017-12-03,2017-12-09,Standard Class,CS-12460,Chuck Sachs,Consumer,United States,New York City,New York,10009,East,OFF-BI-10001553,Office Supplies,Binders,SpineVue Locking Slant-D Ring Binders by Cardinal,14.624,2,0.2,5.1184,False
2465,CA-2017-148691,2017-12-03,2017-12-09,Standard Class,CS-12460,Chuck Sachs,Consumer,United States,New York City,New York,10009,East,TEC-PH-10000576,Technology,Phones,AT&T 1080 Corded phone,136.99,1,0.0,36.9873,False
2466,CA-2017-148691,2017-12-03,2017-12-09,Standard Class,CS-12460,Chuck Sachs,Consumer,United States,New York City,New York,10009,East,OFF-LA-10001317,Office Supplies,Labels,Avery 520,3.15,1,0.0,1.512,False
2467,CA-2017-128755,2017-05-04,2017-05-08,Standard Class,MK-18160,Mike Kennedy,Consumer,United States,Newport News,Virginia,23602,South,OFF-PA-10000726,Office Supplies,Paper,"Black Print Carbonless Snap-Off Rapid Letter, 8 1/2"" x 7""",9.11,1,0.0,4.0995,False
2468,CA-2017-128755,2017-05-04,2017-05-08,Standard Class,MK-18160,Mike Kennedy,Consumer,United States,Newport News,Virginia,23602,South,OFF-ST-10003306,Office Supplies,Storage,Letter Size Cart,571.44,4,0.0,165.7176,True
2469,CA-2017-128755,2017-05-04,2017-05-08,Standard Class,MK-18160,Mike Kennedy,Consumer,United States,Newport News,Virginia,23602,South,OFF-PA-10004983,Office Supplies,Paper,Xerox 23,32.4,5,0.0,15.552,False
2470,CA-2017-128755,2017-05-04,2017-05-08,Standard Class,MK-18160,Mike Kennedy,Consumer,United States,Newport News,Virginia,23602,South,OFF-ST-10001291,Office Supplies,Storage,"Tenex Personal Self-Stacking Standard File Box, Black/Gray",16.91,1,0.0,4.5657,False
2474,CA-2016-114972,2016-11-03,2016-11-06,First Class,PF-19225,Phillip Flathmann,Consumer,United States,Los Angeles,California,90032,West,FUR-CH-10001190,Furniture,Chairs,Global Deluxe High-Back Office Chair in Storm,217.584,2,0.2,-29.9178,False
2475,CA-2016-114972,2016-11-03,2016-11-06,First Class,PF-19225,Phillip Flathmann,Consumer,United States,Los Angeles,California,90032,West,TEC-AC-10000682,Technology,Accessories,Kensington K72356US Mouse-in-a-Box USB Desktop Mouse,82.95,5,0.0,29.0325,False
2476,CA-2016-114972,2016-11-03,2016-11-06,First Class,PF-19225,Phillip Flathmann,Consumer,United States,Los Angeles,California,90032,West,OFF-LA-10004545,Office Supplies,Labels,Avery 50,87.71,7,0.0,41.2237,False
2477,CA-2016-114972,2016-11-03,2016-11-06,First Class,PF-19225,Phillip Flathmann,Consumer,United States,Los Angeles,California,90032,West,OFF-AP-10003057,Office Supplies,Appliances,Honeywell Enviracaire Portable HEPA Air Cleaner for 16' x 20' Room,1101.48,4,0.0,429.5772,True
2478,CA-2017-102750,2017-09-04,2017-09-08,Second Class,GM-14695,Greg Maxwell,Corporate,United States,Los Angeles,California,90036,West,FUR-TA-10000198,Furniture,Tables,Chromcraft Bull-Nose Wood Oval Conference Tables & Bases,1322.352,3,0.2,-99.1764,True
2487,CA-2015-104514,2015-01-02,2015-01-04,Second Class,CB-12535,Claudia Bergmann,Corporate,United States,Newark,Delaware,19711,East,OFF-ST-10001837,Office Supplies,Storage,"SAFCO Mobile Desk Side File, Wire Frame",85.52,2,0.0,22.2352,False
2488,CA-2015-104514,2015-01-02,2015-01-04,Second Class,CB-12535,Claudia Bergmann,Corporate,United States,Newark,Delaware,19711,East,OFF-AR-10001473,Office Supplies,Art,Newell 313,9.84,3,0.0,2.6568,False
2489,CA-2015-104514,2015-01-02,2015-01-04,Second Class,CB-12535,Claudia Bergmann,Corporate,United States,Newark,Delaware,19711,East,OFF-PA-10004285,Office Supplies,Paper,Xerox 1959,20.04,3,0.0,9.6192,False
2508,CA-2015-120397,2015-07-02,2015-07-02,Same Day,RB-19435,Richard Bierner,Consumer,United States,Houston,Texas,77070,Central,OFF-AP-10001293,Office Supplies,Appliances,Belkin 8 Outlet Surge Protector,32.784,4,0.8,-85.2384,False
2509,CA-2017-163902,2017-03-02,2017-03-08,Standard Class,MY-17380,Maribeth Yedwab,Corporate,United States,Los Angeles,California,90045,West,TEC-PH-10000675,Technology,Phones,Panasonic KX TS3282B Corded phone,196.776,3,0.2,14.7582,False
2510,CA-2017-163902,2017-03-02,2017-03-08,Standard Class,MY-17380,Maribeth Yedwab,Corporate,United States,Los Angeles,California,90045,West,TEC-AC-10000580,Technology,Accessories,Logitech G13 Programmable Gameboard with LCD Display,479.94,6,0.0,52.7934,True
2513,CA-2017-155089,2017-12-02,2017-12-06,Standard Class,DB-12910,Daniel Byrd,Home Office,United States,Tampa,Florida,33614,South,OFF-BI-10002429,Office Supplies,Binders,"Premier Elliptical Ring Binder, Black",45.66,5,0.7,-33.484,False
2516,CA-2014-106572,2014-09-05,2014-09-10,Standard Class,NP-18700,Nora Preis,Consumer,United States,Bowling Green,Ohio,43402,East,OFF-ST-10000585,Office Supplies,Storage,Economy Rollaway Files,264.32,2,0.2,19.824,False
2518,CA-2017-123134,2017-05-02,2017-05-07,Standard Class,DW-13585,Dorothy Wardle,Corporate,United States,Westfield,New Jersey,7090,East,FUR-FU-10003975,Furniture,Furnishings,Eldon Advantage Chair Mats for Low to Medium Pile Carpets,129.93,3,0.0,12.993,False
2525,CA-2015-124541,2015-04-06,2015-04-10,Standard Class,TT-21220,Thomas Thornton,Consumer,United States,Houston,Texas,77041,Central,OFF-AR-10004078,Office Supplies,Art,Newell 312,42.048,9,0.2,5.256,False
2526,CA-2015-124541,2015-04-06,2015-04-10,Standard Class,TT-21220,Thomas Thornton,Consumer,United States,Houston,Texas,77041,Central,TEC-AC-10002550,Technology,Accessories,Maxell 4.7GB DVD-RW 3/Pack,25.488,2,0.2,4.4604,False
2527,CA-2015-124541,2015-04-06,2015-04-10,Standard Class,TT-21220,Thomas Thornton,Consumer,United States,Houston,Texas,77041,Central,OFF-BI-10004965,Office Supplies,Binders,Ibico Covers for Plastic or Wire Binding Elements,6.9,3,0.8,-12.075,False
2528,CA-2015-124541,2015-04-06,2015-04-10,Standard Class,TT-21220,Thomas Thornton,Consumer,United States,Houston,Texas,77041,Central,OFF-BI-10004209,Office Supplies,Binders,"Fellowes Twister Kit, Gray/Clear, 3/pkg",9.648,6,0.8,-16.884,False
2529,CA-2015-124541,2015-04-06,2015-04-10,Standard Class,TT-21220,Thomas Thornton,Consumer,United States,Houston,Texas,77041,Central,OFF-PA-10001526,Office Supplies,Paper,Xerox 1949,7.968,2,0.2,2.8884,False
2536,CA-2015-143238,2015-09-06,2015-09-08,First Class,LO-17170,Lori Olson,Corporate,United States,La Quinta,California,92253,West,TEC-AC-10003499,Technology,Accessories,Memorex Mini Travel Drive 8 GB USB 2.0 Flash Drive,46.32,4,0.0,18.0648,False
2567,CA-2017-123967,2017-11-01,2017-11-03,Second Class,SF-20200,Sarah Foster,Consumer,United States,Bellingham,Washington,98226,West,OFF-BI-10001308,Office Supplies,Binders,GBC Standard Plastic Binding Systems' Combs,25.12,5,0.2,7.85,False
2568,CA-2017-123967,2017-11-01,2017-11-03,Second Class,SF-20200,Sarah Foster,Consumer,United States,Bellingham,Washington,98226,West,FUR-TA-10003954,Furniture,Tables,Hon 94000 Series Round Tables,2665.62,9,0.0,239.9058,True
2569,CA-2017-148929,2017-09-07,2017-09-11,Standard Class,SP-20620,Stefania Perrino,Corporate,United States,New York City,New York,10011,East,OFF-ST-10003282,Office Supplies,Storage,"Advantus 10-Drawer Portable Organizer, Chrome Metal Frame, Smoke Drawers",478.08,8,0.0,133.8624,True
2586,CA-2015-121041,2015-11-03,2015-11-10,Standard Class,CS-12250,Chris Selesnick,Corporate,United States,Haltom City,Texas,76117,Central,OFF-EN-10001137,Office Supplies,Envelopes,"#10 Gummed Flap White Envelopes, 100/Box",6.608,2,0.2,2.1476,False
2589,CA-2016-137729,2016-05-05,2016-05-09,Standard Class,BF-11005,Barry Franz,Home Office,United States,Los Angeles,California,90004,West,OFF-ST-10001505,Office Supplies,Storage,"Perma STOR-ALL Hanging File Box, 13 1/8""W x 12 1/4""D x 10 1/2""H",5.98,1,0.0,1.0166,False
2590,CA-2016-137729,2016-05-05,2016-05-09,Standard Class,BF-11005,Barry Franz,Home Office,United States,Los Angeles,California,90004,West,TEC-PH-10001433,Technology,Phones,Cisco Small Business SPA 502G VoIP phone,246.168,3,0.2,21.5397,False
2602,CA-2016-165848,2016-06-04,2016-06-04,Same Day,EN-13780,Edward Nazzal,Consumer,United States,New York City,New York,10035,East,OFF-PA-10000349,Office Supplies,Paper,Easy-staple paper,14.94,3,0.0,7.0218,False
2603,CA-2016-165848,2016-06-04,2016-06-04,Same Day,EN-13780,Edward Nazzal,Consumer,United States,New York City,New York,10035,East,TEC-MA-10003356,Technology,Machines,Panasonic KX MC6040 Color Laser Multifunction Printer,1349.85,3,0.0,364.4595,True
2604,CA-2016-165848,2016-06-04,2016-06-04,Same Day,EN-13780,Edward Nazzal,Consumer,United States,New York City,New York,10035,East,FUR-BO-10000362,Furniture,Bookcases,Sauder Inglewood Library Bookcases,136.784,1,0.2,5.1294,False
2605,CA-2016-165848,2016-06-04,2016-06-04,Same Day,EN-13780,Edward Nazzal,Consumer,United States,New York City,New York,10035,East,FUR-FU-10003878,Furniture,Furnishings,"Linden 10"" Round Wall Clock, Black",61.12,4,0.0,20.7808,False
2607,CA-2016-154053,2016-03-04,2016-03-10,Standard Class,MG-17890,Michael Granlund,Home Office,United States,San Diego,California,92024,West,OFF-AR-10003727,Office Supplies,Art,Berol Giant Pencil Sharpener,16.99,1,0.0,4.9271,False
2617,CA-2017-147942,2017-04-01,2017-04-05,Standard Class,MS-17365,Maribeth Schnelling,Consumer,United States,San Francisco,California,94110,West,OFF-LA-10003663,Office Supplies,Labels,Avery 498,5.78,2,0.0,2.7166,False
2618,CA-2017-147942,2017-04-01,2017-04-05,Standard Class,MS-17365,Maribeth Schnelling,Consumer,United States,San Francisco,California,94110,West,OFF-BI-10001294,Office Supplies,Binders,Fellowes Binding Cases,121.68,13,0.2,38.025,False
2623,CA-2014-164861,2014-12-03,2014-12-06,Second Class,MC-17635,Matthew Clasen,Corporate,United States,Saint Louis,Missouri,63116,Central,OFF-PA-10001972,Office Supplies,Paper,Xerox 214,25.92,4,0.0,12.4416,False
2635,CA-2015-116750,2015-07-05,2015-07-10,Second Class,BF-10975,Barbara Fisher,Corporate,United States,Fayetteville,North Carolina,28314,South,FUR-FU-10003829,Furniture,Furnishings,Stackable Trays,4.928,2,0.2,0.7392,False
2636,CA-2015-116750,2015-07-05,2015-07-10,Second Class,BF-10975,Barbara Fisher,Corporate,United States,Fayetteville,North Carolina,28314,South,OFF-BI-10004728,Office Supplies,Binders,Wilson Jones Turn Tabs Binder Tool for Ring Binders,7.23,5,0.7,-5.784,False
2646,CA-2014-131002,2014-09-07,2014-09-12,Second Class,TB-21400,Tom Boeckenhauer,Consumer,United States,Tulsa,Oklahoma,74133,Central,FUR-FU-10004270,Furniture,Furnishings,"Executive Impressions 13"" Clairmont Wall Clock",57.69,3,0.0,23.6529,False
2647,CA-2014-131002,2014-09-07,2014-09-12,Second Class,TB-21400,Tom Boeckenhauer,Consumer,United States,Tulsa,Oklahoma,74133,Central,OFF-BI-10000948,Office Supplies,Binders,"GBC Laser Imprintable Binding System Covers, Desert Sand",42.81,3,0.0,20.1207,False
2648,CA-2014-131002,2014-09-07,2014-09-12,Second Class,TB-21400,Tom Boeckenhauer,Consumer,United States,Tulsa,Oklahoma,74133,Central,OFF-PA-10000223,Office Supplies,Paper,Xerox 2000,12.96,2,0.0,6.2208,False
2649,CA-2014-131002,2014-09-07,2014-09-12,Second Class,TB-21400,Tom Boeckenhauer,Consumer,United States,Tulsa,Oklahoma,74133,Central,FUR-FU-10004665,Furniture,Furnishings,"3M Polarizing Task Lamp with Clamp Arm, Light Gray",821.88,6,0.0,213.6888,True
2650,CA-2014-131002,2014-09-07,2014-09-12,Second Class,TB-21400,Tom Boeckenhauer,Consumer,United States,Tulsa,Oklahoma,74133,Central,TEC-PH-10000215,Technology,Phones,Plantronics Cordlessï¿½Phone Headsetï¿½with In-line Volume - M214C,104.85,3,0.0,28.3095,False
2664,CA-2016-164784,2016-05-01,2016-05-04,First Class,HF-14995,Herbert Flentye,Consumer,United States,Memphis,Tennessee,38109,South,OFF-LA-10001569,Office Supplies,Labels,Avery 499,3.984,1,0.2,1.2948,False
2665,CA-2016-164784,2016-05-01,2016-05-04,First Class,HF-14995,Herbert Flentye,Consumer,United States,Memphis,Tennessee,38109,South,FUR-TA-10004534,Furniture,Tables,Bevis 44 x 96 Conference Tables,370.62,3,0.4,-142.071,False
2666,CA-2016-164784,2016-05-01,2016-05-04,First Class,HF-14995,Herbert Flentye,Consumer,United States,Memphis,Tennessee,38109,South,OFF-BI-10002954,Office Supplies,Binders,Newell 3-Hole Punched Plastic Slotted Magazine Holders for Binders,2.742,2,0.7,-2.0108,False
2667,CA-2016-111794,2016-10-01,2016-10-01,Same Day,HG-15025,Hunter Glantz,Consumer,United States,Amarillo,Texas,79109,Central,TEC-AC-10003832,Technology,Accessories,Imationï¿½16GB Mini TravelDrive USB 2.0ï¿½Flash Drive,79.512,3,0.2,20.8719,False
2668,CA-2016-111794,2016-10-01,2016-10-01,Same Day,HG-15025,Hunter Glantz,Consumer,United States,Amarillo,Texas,79109,Central,OFF-PA-10000474,Office Supplies,Paper,Easy-staple paper,28.352,1,0.2,9.5688,False
2671,CA-2014-126403,2014-09-09,2014-09-12,Second Class,RR-19525,Rick Reed,Corporate,United States,Lowell,Massachusetts,1852,East,OFF-PA-10001144,Office Supplies,Paper,Xerox 1913,166.44,3,0.0,79.8912,False
2672,CA-2014-126403,2014-09-09,2014-09-12,Second Class,RR-19525,Rick Reed,Corporate,United States,Lowell,Massachusetts,1852,East,FUR-CH-10003761,Furniture,Chairs,Global Italian Leather Office Chair,785.88,6,0.0,212.1876,True
2673,CA-2014-126403,2014-09-09,2014-09-12,Second Class,RR-19525,Rick Reed,Corporate,United States,Lowell,Massachusetts,1852,East,OFF-PA-10004665,Office Supplies,Paper,Advantus Motivational Note Cards,26.2,2,0.0,12.838,False
2674,CA-2014-126403,2014-09-09,2014-09-12,Second Class,RR-19525,Rick Reed,Corporate,United States,Lowell,Massachusetts,1852,East,OFF-ST-10000078,Office Supplies,Storage,Tennsco 6- and 18-Compartment Lockers,1325.85,5,0.0,238.653,True
2675,CA-2017-136875,2017-12-03,2017-12-03,Same Day,TC-21295,Toby Carlisle,Consumer,United States,San Diego,California,92024,West,OFF-PA-10000357,Office Supplies,Paper,Xerox 1888,166.44,3,0.0,79.8912,False
2686,CA-2016-133123,2016-09-06,2016-09-11,Standard Class,KB-16315,Karl Braun,Consumer,United States,Thomasville,North Carolina,27360,South,OFF-EN-10003055,Office Supplies,Envelopes,"Blue String-Tie & Button Interoffice Envelopes, 10 x 13",95.952,3,0.2,29.985,False
2687,CA-2016-133123,2016-09-06,2016-09-11,Standard Class,KB-16315,Karl Braun,Consumer,United States,Thomasville,North Carolina,27360,South,OFF-BI-10001031,Office Supplies,Binders,Pressboard Data Binders by Wilson Jones,3.204,2,0.7,-2.4564,False
2688,US-2016-128195,2016-08-04,2016-08-05,First Class,RA-19285,Ralph Arnett,Consumer,United States,Peoria,Illinois,61604,Central,OFF-BI-10002003,Office Supplies,Binders,Ibico Presentation Index for Binding Systems,3.98,5,0.8,-6.567,False
2691,CA-2017-156412,2017-12-04,2017-12-08,Standard Class,CM-12160,Charles McCrossin,Consumer,United States,Philadelphia,Pennsylvania,19134,East,OFF-BI-10004364,Office Supplies,Binders,Storex Dura Pro Binders,5.346,3,0.7,-4.455,False
2696,CA-2016-161662,2016-02-07,2016-02-09,First Class,BE-11410,Bobby Elias,Consumer,United States,Lancaster,Ohio,43130,East,OFF-PA-10003465,Office Supplies,Paper,Xerox 1912,30.352,2,0.2,10.6232,False
2712,CA-2017-132430,2017-10-09,2017-10-11,First Class,CP-12085,Cathy Prescott,Corporate,United States,Lakewood,Ohio,44107,East,FUR-FU-10003577,Furniture,Furnishings,Nu-Dell Leatherette Frames,45.888,4,0.2,9.1776,False
2715,CA-2015-103723,2015-12-01,2015-12-06,Standard Class,BT-11305,Beth Thompson,Home Office,United States,Seattle,Washington,98105,West,OFF-AR-10003251,Office Supplies,Art,Prang Drawing Pencil Set,13.9,5,0.0,5.56,False
2716,CA-2014-127187,2014-12-04,2014-12-08,Standard Class,CP-12085,Cathy Prescott,Corporate,United States,New York City,New York,10024,East,TEC-PH-10000673,Technology,Phones,Plantronics Voyager Pro HD - Bluetooth Headset,129.98,2,0.0,62.3904,False
2720,CA-2014-110030,2014-12-06,2014-12-08,Second Class,LF-17185,Luke Foster,Consumer,United States,Houston,Texas,77095,Central,FUR-FU-10002759,Furniture,Furnishings,12-1/2 Diameter Round Wall Clock,23.976,3,0.6,-14.3856,False
2721,CA-2014-121286,2014-11-04,2014-11-08,Second Class,ON-18715,Odella Nelson,Corporate,United States,Cary,North Carolina,27511,South,OFF-FA-10000585,Office Supplies,Fasteners,OIC Bulk Pack Metal Binder Clips,8.376,3,0.2,2.7222,False
2722,CA-2014-121286,2014-11-04,2014-11-08,Second Class,ON-18715,Odella Nelson,Corporate,United States,Cary,North Carolina,27511,South,OFF-AP-10004859,Office Supplies,Appliances,Acco 6 Outlet Guardian Premium Surge Suppressor,58.24,5,0.2,5.096,False
2724,CA-2014-153479,2014-10-04,2014-10-08,Standard Class,DF-13135,David Flashing,Consumer,United States,Vallejo,California,94591,West,OFF-LA-10004689,Office Supplies,Labels,Avery 512,14.45,5,0.0,6.7915,False
2725,CA-2014-153479,2014-10-04,2014-10-08,Standard Class,DF-13135,David Flashing,Consumer,United States,Vallejo,California,94591,West,OFF-BI-10002867,Office Supplies,Binders,GBC Recycled Regency Composition Covers,95.648,2,0.2,31.0856,False
2733,CA-2014-107594,2014-07-02,2014-07-06,Standard Class,EH-13945,Eric Hoffmann,Consumer,United States,Plainfield,New Jersey,7060,East,TEC-PH-10002923,Technology,Phones,"Logitech B530 USBï¿½Headsetï¿½-ï¿½headsetï¿½- Full size, Binaural",73.98,2,0.0,19.9746,False
2734,CA-2014-107594,2014-07-02,2014-07-06,Standard Class,EH-13945,Eric Hoffmann,Consumer,United States,Plainfield,New Jersey,7060,East,OFF-AR-10000716,Office Supplies,Art,DIXON Ticonderoga Erasable Checking Pencils,5.58,1,0.0,2.1762,False
2743,CA-2014-149244,2014-11-04,2014-11-08,Standard Class,MS-17530,MaryBeth Skach,Consumer,United States,San Diego,California,92037,West,FUR-FU-10004671,Furniture,Furnishings,"Executive Impressions 12"" Wall Clock",35.34,2,0.0,13.4292,False
2746,CA-2017-163321,2017-08-07,2017-08-11,Second Class,FM-14380,Fred McMath,Consumer,United States,Jacksonville,North Carolina,28540,South,TEC-AC-10004571,Technology,Accessories,Logitech G700s Rechargeable Gaming Mouse,79.992,1,0.2,21.9978,False
2749,CA-2015-110247,2015-12-04,2015-12-08,Standard Class,RH-19555,Ritsa Hightower,Consumer,United States,Tallahassee,Florida,32303,South,OFF-BI-10001553,Office Supplies,Binders,SpineVue Locking Slant-D Ring Binders by Cardinal,8.226,3,0.7,-6.0324,False
2751,CA-2014-154669,2014-08-08,2014-08-11,Second Class,TM-21010,Tamara Manning,Consumer,United States,Vacaville,California,95687,West,OFF-ST-10000532,Office Supplies,Storage,Advantus Rolling Drawer Organizers,423.28,11,0.0,110.0528,False
2769,US-2015-122140,2015-04-02,2015-04-07,Standard Class,MO-17950,Michael Oakman,Consumer,United States,Dallas,Texas,75220,Central,OFF-AP-10001242,Office Supplies,Appliances,APC 7 Outlet Network SurgeArrest Surge Protector,32.192,2,0.8,-80.48,False
2770,US-2015-122140,2015-04-02,2015-04-07,Standard Class,MO-17950,Michael Oakman,Consumer,United States,Dallas,Texas,75220,Central,TEC-AC-10003038,Technology,Accessories,Kingston Digital DataTraveler 16GB USB 2.0,50.12,7,0.2,-0.6265,False
2771,US-2015-122140,2015-04-02,2015-04-07,Standard Class,MO-17950,Michael Oakman,Consumer,United States,Dallas,Texas,75220,Central,TEC-AC-10003289,Technology,Accessories,Anker Ultra-Slim Mini Bluetooth 3.0 Wireless Keyboard,47.976,3,0.2,1.7991,False
2772,CA-2016-163986,2016-09-03,2016-09-10,Standard Class,JJ-15445,Jennifer Jackson,Consumer,United States,Waukesha,Wisconsin,53186,Central,OFF-ST-10000918,Office Supplies,Storage,Crate-A-Files,54.5,5,0.0,14.17,False
2773,CA-2017-158967,2017-12-10,2017-12-12,First Class,BT-11680,Brian Thompson,Consumer,United States,Fort Lauderdale,Florida,33311,South,FUR-FU-10001940,Furniture,Furnishings,Staple-based wall hangings,19.104,3,0.2,5.7312,False
2781,CA-2017-167668,2017-05-06,2017-05-08,First Class,TC-21295,Toby Carlisle,Consumer,United States,New York City,New York,10035,East,OFF-LA-10004544,Office Supplies,Labels,Avery 505,59.2,4,0.0,29.6,False
2784,US-2016-106677,2016-11-05,2016-11-10,Standard Class,AS-10285,Alejandro Savely,Corporate,United States,Philadelphia,Pennsylvania,19134,East,TEC-PH-10003187,Technology,Phones,Anker Astro Mini 3000mAh Ultra-Compact Portable Charger,23.988,2,0.4,-15.992,False
2788,US-2014-117744,2014-12-02,2014-12-06,Standard Class,MD-17860,Michael Dominguez,Corporate,United States,Corpus Christi,Texas,78415,Central,FUR-FU-10001588,Furniture,Furnishings,"Deflect-o SuperTray Unbreakable Stackable Tray, Letter, Black",58.36,5,0.6,-24.803,False
2789,US-2014-117744,2014-12-02,2014-12-06,Standard Class,MD-17860,Michael Dominguez,Corporate,United States,Corpus Christi,Texas,78415,Central,OFF-AR-10000940,Office Supplies,Art,Newell 343,16.464,7,0.2,1.4406,False
2790,US-2014-117744,2014-12-02,2014-12-06,Standard Class,MD-17860,Michael Dominguez,Corporate,United States,Corpus Christi,Texas,78415,Central,FUR-FU-10002759,Furniture,Furnishings,12-1/2 Diameter Round Wall Clock,39.96,5,0.6,-23.976,False
2802,US-2015-110163,2015-11-01,2015-11-04,First Class,GA-14725,Guy Armstrong,Consumer,United States,Salem,Oregon,97301,West,OFF-AR-10001683,Office Supplies,Art,Lumber Crayons,7.88,1,0.2,1.773,False
2803,CA-2017-143329,2017-11-03,2017-11-08,Standard Class,DL-13330,Denise Leinenbach,Consumer,United States,Las Cruces,New Mexico,88001,West,FUR-FU-10000629,Furniture,Furnishings,9-3/4 Diameter Round Wall Clock,41.37,3,0.0,17.3754,False
2806,CA-2015-122623,2015-09-07,2015-09-11,Standard Class,CC-12145,Charles Crestani,Consumer,United States,El Paso,Texas,79907,Central,FUR-CH-10000553,Furniture,Chairs,"Metal Folding Chairs, Beige, 4/Carton",47.516,2,0.3,-2.0364,False
2816,CA-2015-104626,2015-09-01,2015-09-08,Standard Class,DR-12940,Daniel Raglin,Home Office,United States,Franklin,Massachusetts,2038,East,OFF-BI-10001510,Office Supplies,Binders,Deluxe Heavy-Duty Vinyl Round Ring Binder,114.6,5,0.0,51.57,False
2817,CA-2015-104626,2015-09-01,2015-09-08,Standard Class,DR-12940,Daniel Raglin,Home Office,United States,Franklin,Massachusetts,2038,East,FUR-CH-10003817,Furniture,Chairs,"Global Value Steno Chair, Gray",60.74,1,0.0,15.185,False
2818,CA-2015-104626,2015-09-01,2015-09-08,Standard Class,DR-12940,Daniel Raglin,Home Office,United States,Franklin,Massachusetts,2038,East,FUR-FU-10000308,Furniture,Furnishings,Deflect-o Glass Clear Studded Chair Mats,124.36,2,0.0,27.3592,False
2819,CA-2015-104626,2015-09-01,2015-09-08,Standard Class,DR-12940,Daniel Raglin,Home Office,United States,Franklin,Massachusetts,2038,East,OFF-ST-10003208,Office Supplies,Storage,Adjustable Depth Letter/Legal Cart,1088.76,6,0.0,315.7404,True
2820,CA-2016-160500,2016-05-05,2016-05-08,First Class,DM-13015,Darrin Martin,Consumer,United States,Encinitas,California,92024,West,OFF-BI-10003784,Office Supplies,Binders,Computer Printout Index Tabs,6.72,5,0.2,2.352,False
2821,CA-2016-160500,2016-05-05,2016-05-08,First Class,DM-13015,Darrin Martin,Consumer,United States,Encinitas,California,92024,West,FUR-TA-10003748,Furniture,Tables,Bevis 36 x 72 Conference Tables,298.776,3,0.2,7.4694,False
2832,CA-2014-148915,2014-11-01,2014-11-05,Standard Class,ND-18370,Natalie DeCherney,Consumer,United States,Portland,Oregon,97206,West,OFF-ST-10001128,Office Supplies,Storage,"Carina Mini System Audio Rack, Model AR050B",443.92,5,0.2,-94.333,False
2833,CA-2014-148915,2014-11-01,2014-11-05,Standard Class,ND-18370,Natalie DeCherney,Consumer,United States,Portland,Oregon,97206,West,TEC-PH-10000673,Technology,Phones,Plantronics Voyager Pro HD - Bluetooth Headset,155.976,3,0.2,54.5916,False
2839,CA-2016-147368,2016-06-09,2016-06-12,First Class,TC-21295,Toby Carlisle,Consumer,United States,Tallahassee,Florida,32303,South,TEC-MA-10002178,Technology,Machines,Cisco CP-7937G Unified IP Conference Station Phone,695.7,2,0.5,-27.828,True
2840,US-2015-104185,2015-09-03,2015-09-08,Second Class,JB-15400,Jennifer Braxton,Corporate,United States,New York City,New York,10009,East,OFF-ST-10001526,Office Supplies,Storage,Iceberg Mobile Mega Data/Printer Cart ,120.33,1,0.0,31.2858,False
2851,US-2016-128293,2016-06-02,2016-06-05,First Class,KC-16255,Karen Carlisle,Corporate,United States,Philadelphia,Pennsylvania,19120,East,OFF-ST-10000736,Office Supplies,Storage,Carina Double Wide Media Storage Towers in Natural & Black,64.784,1,0.2,-12.9568,False
2868,CA-2016-115588,2016-11-10,2016-11-12,Second Class,AF-10885,Art Foster,Consumer,United States,Toledo,Ohio,43615,East,OFF-SU-10001225,Office Supplies,Supplies,Staple remover,14.72,5,0.2,-3.312,False
2869,CA-2016-115588,2016-11-10,2016-11-12,Second Class,AF-10885,Art Foster,Consumer,United States,Toledo,Ohio,43615,East,OFF-ST-10001558,Office Supplies,Storage,Acco Perma 4000 Stacking Storage Drawers,38.976,3,0.2,-2.436,False
2890,CA-2017-164049,2017-11-02,2017-11-06,Standard Class,KH-16630,Ken Heidel,Corporate,United States,Seattle,Washington,98105,West,OFF-PA-10000791,Office Supplies,Paper,"Wirebound Message Books, Four 2 3/4 x 5 Forms per Page, 200 Sets per Book",23.85,5,0.0,10.7325,False
2898,US-2016-164630,2016-01-04,2016-01-09,Standard Class,EB-13975,Erica Bern,Corporate,United States,Charlotte,North Carolina,28205,South,TEC-CO-10000971,Technology,Copiers,Hewlett Packard 310 Color Digital Copier,959.968,4,0.2,119.996,True
2907,CA-2017-121615,2017-11-03,2017-11-09,Standard Class,DL-12925,Daniel Lacy,Consumer,United States,Eagan,Minnesota,55122,Central,OFF-PA-10000327,Office Supplies,Paper,Xerox 1971,8.56,2,0.0,3.852,False
2908,CA-2017-121615,2017-11-03,2017-11-09,Standard Class,DL-12925,Daniel Lacy,Consumer,United States,Eagan,Minnesota,55122,Central,OFF-ST-10001325,Office Supplies,Storage,Sterilite Officeware Hinged File Box,52.4,5,0.0,14.148,False
2909,CA-2017-121615,2017-11-03,2017-11-09,Standard Class,DL-12925,Daniel Lacy,Consumer,United States,Eagan,Minnesota,55122,Central,OFF-LA-10001771,Office Supplies,Labels,Avery 513,14.94,3,0.0,6.8724,False
2911,CA-2015-118444,2015-11-05,2015-11-09,Standard Class,VD-21670,Valerie Dominguez,Consumer,United States,Coral Springs,Florida,33065,South,OFF-AP-10000576,Office Supplies,Appliances,"Belkin 325VA UPS Surge Protector, 6'",387.136,4,0.2,24.196,False
2925,CA-2014-157721,2014-09-02,2014-09-05,First Class,JM-16195,Justin MacKendrick,Consumer,United States,Watertown,New York,13601,East,OFF-AP-10001303,Office Supplies,Appliances,"Holmes Cool Mist Humidifier for the Whole House with 8-Gallon Output per Day, Extended Life Filter",19.9,1,0.0,8.955,False
2926,CA-2014-157721,2014-09-02,2014-09-05,First Class,JM-16195,Justin MacKendrick,Consumer,United States,Watertown,New York,13601,East,FUR-FU-10002116,Furniture,Furnishings,"Tenex Carpeted, Granite-Look or Clear Contemporary Contour Shape Chair Mats",70.71,1,0.0,4.9497,False
2928,CA-2017-158106,2017-06-04,2017-06-10,Standard Class,CT-11995,Carol Triggs,Consumer,United States,Apple Valley,Minnesota,55124,Central,OFF-AR-10002255,Office Supplies,Art,Newell 346,8.64,3,0.0,2.5056,False
2931,CA-2015-168564,2015-08-08,2015-08-08,Same Day,TT-21220,Thomas Thornton,Consumer,United States,San Francisco,California,94109,West,OFF-BI-10004970,Office Supplies,Binders,"ACCOHIDE 3-Ring Binder, Blue, 1""",6.608,2,0.2,2.2302,False
2932,CA-2015-168564,2015-08-08,2015-08-08,Same Day,TT-21220,Thomas Thornton,Consumer,United States,San Francisco,California,94109,West,OFF-BI-10002557,Office Supplies,Binders,Presstex Flexible Ring Binders,7.28,2,0.2,2.73,False
2933,CA-2015-168564,2015-08-08,2015-08-08,Same Day,TT-21220,Thomas Thornton,Consumer,United States,San Francisco,California,94109,West,FUR-CH-10000785,Furniture,Chairs,Global Ergonomic Managers Chair,144.784,1,0.2,10.8588,False
2934,US-2016-169040,2016-12-06,2016-12-12,Standard Class,GT-14710,Greg Tran,Consumer,United States,Seattle,Washington,98105,West,TEC-PH-10002310,Technology,Phones,Plantronics Calisto P620-M USB Wireless Speakerphone System,156.792,1,0.2,13.7193,False
2935,US-2016-169040,2016-12-06,2016-12-12,Standard Class,GT-14710,Greg Tran,Consumer,United States,Seattle,Washington,98105,West,TEC-PH-10002834,Technology,Phones,Google Nexus 5,431.976,3,0.2,26.9985,False
2936,US-2016-169040,2016-12-06,2016-12-12,Standard Class,GT-14710,Greg Tran,Consumer,United States,Seattle,Washington,98105,West,OFF-EN-10000927,Office Supplies,Envelopes,Jet-Pak Recycled Peel 'N' Seal Padded Mailers,35.89,1,0.0,16.1505,False
2937,US-2016-169040,2016-12-06,2016-12-12,Standard Class,GT-14710,Greg Tran,Consumer,United States,Seattle,Washington,98105,West,OFF-BI-10001636,Office Supplies,Binders,Ibico Plastic and Wire Spiral Binding Combs,47.208,7,0.2,15.3426,False
2938,US-2016-169040,2016-12-06,2016-12-12,Standard Class,GT-14710,Greg Tran,Consumer,United States,Seattle,Washington,98105,West,OFF-PA-10001736,Office Supplies,Paper,Xerox 1880,248.08,7,0.0,116.5976,False
2939,US-2016-169040,2016-12-06,2016-12-12,Standard Class,GT-14710,Greg Tran,Consumer,United States,Seattle,Washington,98105,West,OFF-PA-10000482,Office Supplies,Paper,"Snap-A-Way Black Print Carbonless Ruled Speed Letter, Triplicate",189.7,5,0.0,89.159,False
2940,US-2016-169040,2016-12-06,2016-12-12,Standard Class,GT-14710,Greg Tran,Consumer,United States,Seattle,Washington,98105,West,OFF-BI-10001658,Office Supplies,Binders,GBC Standard Therm-A-Bind Covers,59.808,3,0.2,19.4376,False
2946,CA-2016-166443,2016-11-04,2016-11-05,First Class,LH-17020,Lisa Hazard,Consumer,United States,San Francisco,California,94122,West,FUR-FU-10004020,Furniture,Furnishings,Advantus Panel Wall Acrylic Frame,38.29,7,0.0,16.4647,False
2950,CA-2017-134915,2017-11-12,2017-11-12,Same Day,EM-14140,Eugene Moren,Home Office,United States,Glendale,Arizona,85301,West,TEC-AC-10001266,Technology,Accessories,Memorex Micro Travel Drive 8 GB,41.6,4,0.2,13.0,False
2951,CA-2017-134915,2017-11-12,2017-11-12,Same Day,EM-14140,Eugene Moren,Home Office,United States,Glendale,Arizona,85301,West,OFF-PA-10002160,Office Supplies,Paper,Xerox 1978,23.12,5,0.2,8.381,False
2952,CA-2017-134915,2017-11-12,2017-11-12,Same Day,EM-14140,Eugene Moren,Home Office,United States,Glendale,Arizona,85301,West,FUR-CH-10004875,Furniture,Chairs,Harbour Creations 67200 Series Stacking Chairs,113.888,2,0.2,9.9652,False
2953,CA-2017-134915,2017-11-12,2017-11-12,Same Day,EM-14140,Eugene Moren,Home Office,United States,Glendale,Arizona,85301,West,FUR-FU-10000305,Furniture,Furnishings,"Tenex V2T-RE Standard Weight Series Chair Mat, 45"" x 53"", Lip 25"" x 12""",113.568,2,0.2,-5.6784,False
2954,CA-2017-134915,2017-11-12,2017-11-12,Same Day,EM-14140,Eugene Moren,Home Office,United States,Glendale,Arizona,85301,West,TEC-PH-10000347,Technology,Phones,Cush Cases Heavy Duty Rugged Cover Case for Samsung Galaxy S5 - Purple,7.92,2,0.2,0.693,False
2955,CA-2017-134915,2017-11-12,2017-11-12,Same Day,EM-14140,Eugene Moren,Home Office,United States,Glendale,Arizona,85301,West,TEC-PH-10001459,Technology,Phones,Samsung Galaxy Mega 6.3,671.984,2,0.2,50.3988,True
2958,CA-2017-168900,2017-05-04,2017-05-09,Standard Class,SH-20395,Shahid Hopkins,Consumer,United States,Springfield,Ohio,45503,East,OFF-BI-10003910,Office Supplies,Binders,DXL Angle-View Binders with Locking Rings by Samsill,2.313,1,0.7,-1.9275,False
2969,CA-2017-167941,2017-11-06,2017-11-09,Second Class,JF-15565,Jill Fjeld,Consumer,United States,Fayetteville,North Carolina,28314,South,OFF-AP-10002118,Office Supplies,Appliances,"1.7 Cubic Foot Compact ""Cube"" Office Refrigerators",499.584,3,0.2,43.7136,True
2970,CA-2017-167941,2017-11-06,2017-11-09,Second Class,JF-15565,Jill Fjeld,Consumer,United States,Fayetteville,North Carolina,28314,South,OFF-PA-10001800,Office Supplies,Paper,Xerox 220,31.104,6,0.2,10.8864,False
2971,CA-2017-167941,2017-11-06,2017-11-09,Second Class,JF-15565,Jill Fjeld,Consumer,United States,Fayetteville,North Carolina,28314,South,OFF-BI-10002827,Office Supplies,Binders,Avery Durable Poly Binders,13.272,8,0.7,-10.6176,False
2972,CA-2017-167941,2017-11-06,2017-11-09,Second Class,JF-15565,Jill Fjeld,Consumer,United States,Fayetteville,North Carolina,28314,South,FUR-FU-10004671,Furniture,Furnishings,"Executive Impressions 12"" Wall Clock",28.272,2,0.2,6.3612,False
2973,CA-2017-167941,2017-11-06,2017-11-09,Second Class,JF-15565,Jill Fjeld,Consumer,United States,Fayetteville,North Carolina,28314,South,OFF-ST-10000736,Office Supplies,Storage,Carina Double Wide Media Storage Towers in Natural & Black,259.136,4,0.2,-51.8272,False
2975,CA-2015-137512,2015-05-07,2015-05-12,Standard Class,AG-10675,Anna Gayman,Consumer,United States,Allen,Texas,75002,Central,FUR-TA-10001095,Furniture,Tables,Chromcraft Round Conference Tables,244.006,2,0.3,-31.3722,False
2976,CA-2015-137512,2015-05-07,2015-05-12,Standard Class,AG-10675,Anna Gayman,Consumer,United States,Allen,Texas,75002,Central,OFF-PA-10000213,Office Supplies,Paper,Xerox 198,15.936,4,0.2,5.3784,False
2977,CA-2017-139773,2017-12-04,2017-12-04,Same Day,DV-13045,Darrin Van Huff,Corporate,United States,Philadelphia,Pennsylvania,19143,East,FUR-CH-10001797,Furniture,Chairs,"Safco Chair Connectors, 6/Carton",188.552,7,0.3,-2.6936,False
2978,CA-2017-134607,2017-10-03,2017-10-08,Second Class,HL-15040,Hunter Lopez,Consumer,United States,Rochester,New York,14609,East,OFF-ST-10002214,Office Supplies,Storage,X-Rack File for Hanging Folders,22.58,2,0.0,5.8708,False
2984,US-2014-112872,2014-12-06,2014-12-11,Second Class,RC-19960,Ryan Crowe,Consumer,United States,Springfield,Oregon,97477,West,OFF-ST-10002205,Office Supplies,Storage,File Shuttle I and Handi-File,53.424,3,0.2,4.6746,False
2985,US-2014-112872,2014-12-06,2014-12-11,Second Class,RC-19960,Ryan Crowe,Consumer,United States,Springfield,Oregon,97477,West,FUR-TA-10003238,Furniture,Tables,"Chromcraft Bull-Nose Wood 48"" x 96"" Rectangular Conference Tables",275.49,1,0.5,-170.8038,False
2993,CA-2016-134376,2016-10-02,2016-10-06,Standard Class,TT-21265,Tim Taslimi,Corporate,United States,New York City,New York,10024,East,OFF-AP-10004532,Office Supplies,Appliances,Kensington 6 Outlet Guardian Standard Surge Protector,61.44,3,0.0,16.5888,False
3003,CA-2015-130610,2015-07-05,2015-07-10,Standard Class,VP-21730,Victor Preis,Home Office,United States,Sterling Heights,Michigan,48310,Central,OFF-BI-10003655,Office Supplies,Binders,Durable Pressboard Binders,19.0,5,0.0,8.93,False
3005,CA-2016-131499,2016-09-08,2016-09-10,First Class,MG-17875,Michael Grace,Home Office,United States,New York City,New York,10011,East,OFF-AP-10003779,Office Supplies,Appliances,Kensington 7 Outlet MasterPiece Power Center with Fax/Phone Line Protection,207.48,1,0.0,62.244,False
3009,CA-2016-124772,2016-12-05,2016-12-06,First Class,JG-15160,James Galang,Consumer,United States,Murray,Kentucky,42071,South,FUR-FU-10004748,Furniture,Furnishings,"Howard Miller 16"" Diameter Gallery Wall Clock",191.82,3,0.0,74.8098,False
3040,CA-2017-101749,2017-10-03,2017-10-08,Standard Class,AS-10045,Aaron Smayling,Corporate,United States,Pasadena,California,91104,West,FUR-TA-10001520,Furniture,Tables,"Lesro Sheffield Collection Coffee Table, End Table, Center Table, Corner Table",171.288,3,0.2,-6.4233,False
3041,US-2016-147991,2016-05-05,2016-05-09,Standard Class,ZD-21925,Zuschuss Donatelli,Consumer,United States,Chattanooga,Tennessee,37421,South,FUR-FU-10004270,Furniture,Furnishings,"Eldon Image Series Desk Accessories, Burgundy",16.72,5,0.2,3.344,False
3042,CA-2017-149559,2017-09-11,2017-09-12,Same Day,KF-16285,Karen Ferguson,Home Office,United States,Long Beach,California,90805,West,OFF-PA-10003172,Office Supplies,Paper,Xerox 1996,12.96,2,0.0,6.2208,False
3043,CA-2017-149559,2017-09-11,2017-09-12,Same Day,KF-16285,Karen Ferguson,Home Office,United States,Long Beach,California,90805,West,OFF-EN-10002312,Office Supplies,Envelopes,#10 Self-Seal White Envelopes,22.18,2,0.0,10.8682,False
3044,CA-2017-149559,2017-09-11,2017-09-12,Same Day,KF-16285,Karen Ferguson,Home Office,United States,Long Beach,California,90805,West,FUR-CH-10002320,Furniture,Chairs,Hon Pagoda Stacking Chairs,2054.272,8,0.2,256.784,True
3046,CA-2017-125290,2017-11-06,2017-11-10,Second Class,CC-12430,Chuck Clark,Home Office,United States,Minneapolis,Minnesota,55407,Central,OFF-AR-10001216,Office Supplies,Art,Newell 339,13.9,5,0.0,3.614,False
3047,CA-2017-125290,2017-11-06,2017-11-10,Second Class,CC-12430,Chuck Clark,Home Office,United States,Minneapolis,Minnesota,55407,Central,OFF-PA-10003127,Office Supplies,Paper,Easy-staple paper,26.38,1,0.0,12.1348,False
3049,CA-2017-121419,2017-04-02,2017-04-04,First Class,TC-21475,Tony Chapman,Home Office,United States,Columbus,Georgia,31907,South,FUR-TA-10004534,Furniture,Tables,Bevis 44 x 96 Conference Tables,411.8,2,0.0,70.006,False
3050,CA-2017-121419,2017-04-02,2017-04-04,First Class,TC-21475,Tony Chapman,Home Office,United States,Columbus,Georgia,31907,South,TEC-AC-10000892,Technology,Accessories,NETGEAR N750 Dual Band Wi-Fi Gigabit Router,360.0,4,0.0,129.6,False
3051,US-2017-148054,2017-10-06,2017-10-11,Standard Class,NZ-18565,Nick Zandusky,Home Office,United States,Meridian,Idaho,83642,West,FUR-FU-10003247,Furniture,Furnishings,36X48 HARDFLOOR CHAIRMAT,41.96,2,0.0,2.9372,False
3052,US-2017-148054,2017-10-06,2017-10-11,Standard Class,NZ-18565,Nick Zandusky,Home Office,United States,Meridian,Idaho,83642,West,OFF-AP-10004336,Office Supplies,Appliances,"Conquest 14 Commercial Heavy-Duty Upright Vacuum, Collection System, Accessory Kit",227.84,4,0.0,66.0736,False
3053,US-2017-148054,2017-10-06,2017-10-11,Standard Class,NZ-18565,Nick Zandusky,Home Office,United States,Meridian,Idaho,83642,West,OFF-PA-10001295,Office Supplies,Paper,Computer Printout Paper with Letter-Trim Perforations,37.94,2,0.0,18.2112,False
3061,CA-2016-144554,2016-11-07,2016-11-12,Standard Class,DM-13345,Denise Monton,Corporate,United States,Newark,Ohio,43055,East,TEC-AC-10002800,Technology,Accessories,Plantronics Audio 478 Stereo USB Headset,119.976,3,0.2,22.4955,False
3062,CA-2017-127621,2017-03-03,2017-03-07,Standard Class,RE-19450,Richard Eichhorn,Consumer,United States,Dallas,Texas,75081,Central,OFF-PA-10001307,Office Supplies,Paper,"Important Message Pads, 50 4-1/4 x 5-1/2 Forms per Pad",26.88,8,0.2,9.744,False
3074,CA-2016-125206,2016-01-03,2016-01-05,First Class,LR-16915,Lena Radford,Consumer,United States,Los Angeles,California,90045,West,OFF-ST-10003692,Office Supplies,Storage,Recycled Steel Personal File for Hanging File Folders,114.46,2,0.0,28.615,False
3075,CA-2015-126137,2015-10-03,2015-10-08,Standard Class,BS-11755,Bruce Stewart,Consumer,United States,Los Angeles,California,90032,West,FUR-BO-10004409,Furniture,Bookcases,"Safco Value Mate Series Steel Bookcases, Baked Enamel Finish on Steel, Gray",120.666,2,0.15,18.4548,False
3080,CA-2017-101182,2017-09-04,2017-09-05,First Class,KB-16405,Katrina Bavinger,Home Office,United States,Apple Valley,California,92307,West,OFF-PA-10001800,Office Supplies,Paper,Xerox 220,12.96,2,0.0,6.2208,False
3081,CA-2017-101182,2017-09-04,2017-09-05,First Class,KB-16405,Katrina Bavinger,Home Office,United States,Apple Valley,California,92307,West,TEC-PH-10003589,Technology,Phones,invisibleSHIELD by ZAGG Smudge-Free Screen Protector,43.176,3,0.2,15.1116,False
3091,CA-2016-112123,2016-03-03,2016-03-08,Standard Class,BH-11710,Brosina Hoffman,Consumer,United States,Newark,Delaware,19711,East,OFF-BI-10001071,Office Supplies,Binders,GBC ProClick Punch Binding System,447.86,7,0.0,219.4514,False
3092,CA-2016-112123,2016-03-03,2016-03-08,Standard Class,BH-11710,Brosina Hoffman,Consumer,United States,Newark,Delaware,19711,East,TEC-PH-10001557,Technology,Phones,Pyle PMP37LED,479.95,5,0.0,129.5865,True
3093,CA-2016-112123,2016-03-03,2016-03-08,Standard Class,BH-11710,Brosina Hoffman,Consumer,United States,Newark,Delaware,19711,East,OFF-PA-10001977,Office Supplies,Paper,Xerox 194,166.44,3,0.0,79.8912,False
3104,CA-2016-124562,2016-12-08,2016-12-12,Standard Class,JP-16135,Julie Prescott,Home Office,United States,Columbus,Ohio,43229,East,OFF-BI-10001267,Office Supplies,Binders,"Universal Recycled Hanging Pressboard Report Binders, Letter Size",12.957,7,0.7,-9.5018,False
3119,CA-2015-121720,2015-06-11,2015-06-12,First Class,JE-15610,Jim Epp,Corporate,United States,Lakeland,Florida,33801,South,FUR-CH-10003312,Furniture,Chairs,Hon 2090 ï¿½Pillow Softï¿½ Series Mid Back Swivel/Tilt Chairs,1123.92,5,0.2,-182.637,True
3120,CA-2015-121720,2015-06-11,2015-06-12,First Class,JE-15610,Jim Epp,Corporate,United States,Lakeland,Florida,33801,South,TEC-PH-10002496,Technology,Phones,Cisco SPA301,249.584,2,0.2,31.198,False
3121,CA-2015-121720,2015-06-11,2015-06-12,First Class,JE-15610,Jim Epp,Corporate,United States,Lakeland,Florida,33801,South,FUR-FU-10003464,Furniture,Furnishings,"Seth Thomas 8 1/2"" Cubicle Clock",48.672,3,0.2,7.3008,False
3122,CA-2015-121720,2015-06-11,2015-06-12,First Class,JE-15610,Jim Epp,Corporate,United States,Lakeland,Florida,33801,South,OFF-AR-10000380,Office Supplies,Art,"Hunt PowerHouse Electric Pencil Sharpener, Blue",60.768,2,0.2,7.596,False
3123,CA-2015-121720,2015-06-11,2015-06-12,First Class,JE-15610,Jim Epp,Corporate,United States,Lakeland,Florida,33801,South,OFF-BI-10004593,Office Supplies,Binders,Ibico Laser Imprintable Binding System Covers,78.6,5,0.7,-62.88,False
3124,CA-2015-121720,2015-06-11,2015-06-12,First Class,JE-15610,Jim Epp,Corporate,United States,Lakeland,Florida,33801,South,OFF-BI-10001308,Office Supplies,Binders,GBC Standard Plastic Binding Systems' Combs,3.768,2,0.7,-3.14,False
3125,CA-2015-121720,2015-06-11,2015-06-12,First Class,JE-15610,Jim Epp,Corporate,United States,Lakeland,Florida,33801,South,OFF-ST-10001780,Office Supplies,Storage,Tennsco 16-Compartment Lockers with Coat Rack,1036.624,2,0.2,51.8312,True
3126,CA-2015-121720,2015-06-11,2015-06-12,First Class,JE-15610,Jim Epp,Corporate,United States,Lakeland,Florida,33801,South,OFF-ST-10003816,Office Supplies,Storage,Fellowes High-Stak Drawer Files,563.808,4,0.2,21.1428,True
3127,CA-2017-149895,2017-09-08,2017-09-12,Standard Class,EB-14110,Eugene Barchas,Consumer,United States,Philadelphia,Pennsylvania,19134,East,TEC-PH-10002200,Technology,Phones,Aastra 6757i CT Wireless VoIP phone,258.528,2,0.4,-47.3968,False
3128,CA-2017-147564,2017-10-02,2017-10-06,Standard Class,BP-11155,Becky Pak,Consumer,United States,New York City,New York,10011,East,OFF-PA-10004438,Office Supplies,Paper,Xerox 1907,49.12,4,0.0,23.0864,False
3142,US-2014-122959,2014-12-12,2014-12-12,Same Day,CY-12745,Craig Yedwab,Corporate,United States,San Antonio,Texas,78207,Central,OFF-BI-10003650,Office Supplies,Binders,GBC DocuBind 300 Electric Binding Machine,210.392,2,0.8,-336.6272,False
3145,US-2016-148110,2016-09-05,2016-09-11,Standard Class,AR-10825,Anthony Rawles,Corporate,United States,Austin,Texas,78745,Central,FUR-CH-10002647,Furniture,Chairs,"Situations Contoured Folding Chairs, 4/Set",347.802,7,0.3,-24.843,False
3149,CA-2016-120558,2016-06-07,2016-06-10,First Class,RD-19810,Ross DeVincentis,Home Office,United States,New York City,New York,10035,East,OFF-PA-10003441,Office Supplies,Paper,Xerox 226,32.4,5,0.0,15.552,False
3156,CA-2014-128986,2014-08-03,2014-08-05,Second Class,GH-14410,Gary Hansen,Home Office,United States,Glendale,Arizona,85301,West,OFF-PA-10001289,Office Supplies,Paper,White Computer Printout Paper by Universal,93.024,3,0.2,33.7212,False
3178,CA-2017-122280,2017-09-10,2017-09-10,Same Day,SH-20395,Shahid Hopkins,Consumer,United States,New York City,New York,10024,East,OFF-PA-10004911,Office Supplies,Paper,"Rediform S.O.S. 1-Up Phone Message Bk, 4-1/4x3-1/16 Bk, 1 Form/Pg, 40 Messages/Bk, 3/Pk",18.76,2,0.0,9.0048,False
3179,CA-2017-105235,2017-12-05,2017-12-11,Standard Class,SM-20950,Suzanne McNair,Corporate,United States,New York City,New York,10011,East,FUR-FU-10001487,Furniture,Furnishings,"Eldon Expressions Wood and Plastic Desk Accessories, Cherry Wood",20.94,3,0.0,6.0726,False
3180,CA-2017-105235,2017-12-05,2017-12-11,Standard Class,SM-20950,Suzanne McNair,Corporate,United States,New York City,New York,10011,East,FUR-FU-10000521,Furniture,Furnishings,"Seth Thomas 14"" Putty-Colored Wall Clock",58.68,2,0.0,18.1908,False
3181,CA-2017-105235,2017-12-05,2017-12-11,Standard Class,SM-20950,Suzanne McNair,Corporate,United States,New York City,New York,10011,East,OFF-AP-10001271,Office Supplies,Appliances,Eureka The Boss Cordless Rechargeable Stick Vac,254.9,5,0.0,68.823,False
3182,CA-2017-152912,2017-11-09,2017-11-12,Second Class,BM-11650,Brian Moss,Corporate,United States,Columbia,Maryland,21044,East,OFF-BI-10004728,Office Supplies,Binders,Wilson Jones Turn Tabs Binder Tool for Ring Binders,9.64,2,0.0,4.4344,False
3183,CA-2017-152912,2017-11-09,2017-11-12,Second Class,BM-11650,Brian Moss,Corporate,United States,Columbia,Maryland,21044,East,TEC-AC-10004666,Technology,Accessories,Maxellï¿½iVDR EX 500GB Cartridge,826.62,3,0.0,355.4466,True
3184,CA-2017-152912,2017-11-09,2017-11-12,Second Class,BM-11650,Brian Moss,Corporate,United States,Columbia,Maryland,21044,East,OFF-ST-10003208,Office Supplies,Storage,Adjustable Depth Letter/Legal Cart,1633.14,9,0.0,473.6106,True
3185,CA-2017-152912,2017-11-09,2017-11-12,Second Class,BM-11650,Brian Moss,Corporate,United States,Columbia,Maryland,21044,East,OFF-ST-10003208,Office Supplies,Storage,Adjustable Depth Letter/Legal Cart,544.38,3,0.0,157.8702,True
3186,CA-2014-123498,2014-11-07,2014-11-09,First Class,TC-20980,Tamara Chand,Corporate,United States,Houston,Texas,77041,Central,OFF-BI-10000632,Office Supplies,Binders,Satellite Sectional Post Binders,26.046,3,0.8,-44.2782,False
3187,CA-2014-123498,2014-11-07,2014-11-09,First Class,TC-20980,Tamara Chand,Corporate,United States,Houston,Texas,77041,Central,OFF-EN-10004773,Office Supplies,Envelopes,Staple envelope,74.352,3,0.2,26.9526,False
3192,CA-2017-123981,2017-10-02,2017-10-08,Standard Class,RW-19630,Rob Williams,Corporate,United States,New York City,New York,10035,East,TEC-PH-10002115,Technology,Phones,Plantronics 81402,65.99,1,0.0,17.1574,False
3193,CA-2017-158953,2017-06-04,2017-06-08,Standard Class,ML-18040,Michelle Lonsdale,Corporate,United States,Missouri City,Texas,77489,Central,OFF-BI-10002557,Office Supplies,Binders,Presstex Flexible Ring Binders,6.37,7,0.8,-9.555,False
3194,CA-2014-165428,2014-09-01,2014-09-04,First Class,JL-15130,Jack Lebron,Consumer,United States,Houston,Texas,77036,Central,OFF-BI-10002949,Office Supplies,Binders,Prestige Round Ring Binders,3.648,3,0.8,-6.0192,False
3195,CA-2014-165428,2014-09-01,2014-09-04,First Class,JL-15130,Jack Lebron,Consumer,United States,Houston,Texas,77036,Central,OFF-PA-10004100,Office Supplies,Paper,Xerox 216,31.104,6,0.2,10.8864,False
3198,CA-2015-149384,2015-07-10,2015-07-10,Same Day,EH-13945,Eric Hoffmann,Consumer,United States,Tempe,Arizona,85281,West,OFF-BI-10003196,Office Supplies,Binders,Accohide Poly Flexible Ring Binders,3.366,3,0.7,-2.244,False
3199,CA-2014-131527,2014-12-01,2014-12-07,Standard Class,TB-21280,Toby Braunhardt,Consumer,United States,Jacksonville,North Carolina,28540,South,TEC-PH-10001644,Technology,Phones,"BlueLounge Milo Smartphone Stand, White/Metallic",95.968,4,0.2,9.5968,False
3216,CA-2017-150189,2017-07-08,2017-07-10,First Class,VG-21790,Vivek Gonzalez,Consumer,United States,San Mateo,California,94403,West,OFF-LA-10002762,Office Supplies,Labels,Avery 485,75.18,6,0.0,35.3346,False
3220,US-2015-137008,2015-10-02,2015-10-08,Standard Class,JP-15460,Jennifer Patt,Corporate,United States,Lakewood,New Jersey,8701,East,OFF-PA-10001295,Office Supplies,Paper,Computer Printout Paper with Letter-Trim Perforations,94.85,5,0.0,45.528,False
3221,US-2015-137008,2015-10-02,2015-10-08,Standard Class,JP-15460,Jennifer Patt,Corporate,United States,Lakewood,New Jersey,8701,East,OFF-EN-10002500,Office Supplies,Envelopes,Globe Weis Peel & Seel First Class Envelopes,51.12,4,0.0,23.004,False
3222,US-2015-137008,2015-10-02,2015-10-08,Standard Class,JP-15460,Jennifer Patt,Corporate,United States,Lakewood,New Jersey,8701,East,TEC-AC-10000892,Technology,Accessories,NETGEAR N750 Dual Band Wi-Fi Gigabit Router,90.0,1,0.0,32.4,False
3223,CA-2014-108189,2014-10-02,2014-10-05,First Class,ES-14080,Erin Smith,Corporate,United States,Tempe,Arizona,85281,West,OFF-PA-10001838,Office Supplies,Paper,"Adams Telephone Message Book W/Dividers/Space For Phone Numbers, 5 1/4""X8 1/2"", 300/Messages",9.408,2,0.2,3.4104,False
3224,CA-2014-108189,2014-10-02,2014-10-05,First Class,ES-14080,Erin Smith,Corporate,United States,Tempe,Arizona,85281,West,OFF-FA-10000735,Office Supplies,Fasteners,Staples,4.672,2,0.2,1.46,False
3225,CA-2014-108189,2014-10-02,2014-10-05,First Class,ES-14080,Erin Smith,Corporate,United States,Tempe,Arizona,85281,West,TEC-PH-10001760,Technology,Phones,Bose SoundLink Bluetooth Speaker,318.4,2,0.2,107.46,False
3226,CA-2014-108189,2014-10-02,2014-10-05,First Class,ES-14080,Erin Smith,Corporate,United States,Tempe,Arizona,85281,West,OFF-EN-10004846,Office Supplies,Envelopes,Letter or Legal Size Expandable Poly String Tie Envelopes,12.768,6,0.2,4.6284,False
3227,CA-2014-108189,2014-10-02,2014-10-05,First Class,ES-14080,Erin Smith,Corporate,United States,Tempe,Arizona,85281,West,OFF-SU-10003567,Office Supplies,Supplies,Stiletto Hand Letter Openers,15.36,2,0.2,-3.264,False
3228,CA-2014-108189,2014-10-02,2014-10-05,First Class,ES-14080,Erin Smith,Corporate,United States,Tempe,Arizona,85281,West,TEC-PH-10001557,Technology,Phones,Pyle PMP37LED,230.376,3,0.2,20.1579,False
3229,CA-2014-108189,2014-10-02,2014-10-05,First Class,ES-14080,Erin Smith,Corporate,United States,Tempe,Arizona,85281,West,TEC-AC-10003038,Technology,Accessories,Kingston Digital DataTraveler 16GB USB 2.0,7.16,1,0.2,-0.0895,False
3231,CA-2017-131625,2017-09-01,2017-09-05,Second Class,BN-11515,Bradley Nguyen,Consumer,United States,New York City,New York,10009,East,FUR-FU-10004960,Furniture,Furnishings,"Seth Thomas 12"" Clock w/ Goldtone Case",114.9,5,0.0,39.066,False
3237,CA-2016-146836,2016-05-02,2016-05-02,Same Day,CC-12475,Cindy Chapman,Consumer,United States,New York City,New York,10024,East,OFF-ST-10001580,Office Supplies,Storage,Super Decoflex Portable Personal File,44.94,3,0.0,12.5832,False
3238,CA-2016-146836,2016-05-02,2016-05-02,Same Day,CC-12475,Cindy Chapman,Consumer,United States,New York City,New York,10024,East,OFF-BI-10000315,Office Supplies,Binders,Poly Designer Cover & Back,45.576,3,0.2,15.9516,False
3242,US-2016-140809,2016-02-01,2016-02-03,First Class,CK-12760,Cyma Kinney,Corporate,United States,Arlington,Virginia,22204,South,OFF-ST-10002214,Office Supplies,Storage,X-Rack File for Hanging Folders,56.45,5,0.0,14.677,False
3244,CA-2017-113355,2017-12-01,2017-12-05,Standard Class,SJ-20215,Sarah Jordon,Consumer,United States,Grand Prairie,Texas,75051,Central,TEC-PH-10004912,Technology,Phones,Cisco SPA112 2 Port Phone Adapter,219.8,5,0.2,24.7275,False
3245,CA-2017-113355,2017-12-01,2017-12-05,Standard Class,SJ-20215,Sarah Jordon,Consumer,United States,Grand Prairie,Texas,75051,Central,FUR-CH-10002602,Furniture,Chairs,DMI Arturo Collection Mission-style Design Wood Chair,317.058,3,0.3,-18.1176,False
3246,US-2017-140907,2017-12-10,2017-12-12,Second Class,BP-11185,Ben Peterman,Corporate,United States,Seattle,Washington,98103,West,TEC-AC-10004510,Technology,Accessories,Logitech Desktop MK120 Mouse and keyboard Combo,49.08,3,0.0,4.908,False
3247,US-2017-140907,2017-12-10,2017-12-12,Second Class,BP-11185,Ben Peterman,Corporate,United States,Seattle,Washington,98103,West,OFF-ST-10000060,Office Supplies,Storage,Fellowes Bankers Box Staxonsteel Drawer File/Stacking System,324.9,5,0.0,38.988,False
3248,US-2017-140907,2017-12-10,2017-12-12,Second Class,BP-11185,Ben Peterman,Corporate,United States,Seattle,Washington,98103,West,OFF-AR-10000799,Office Supplies,Art,Col-Erase Pencils with Erasers,18.24,3,0.0,5.2896,False
3265,CA-2016-122518,2016-03-04,2016-03-08,Second Class,RF-19345,Randy Ferguson,Corporate,United States,Miami,Florida,33180,South,OFF-LA-10001641,Office Supplies,Labels,Avery 518,10.08,4,0.2,3.528,False
3274,CA-2017-133865,2017-05-08,2017-05-12,Standard Class,PS-19045,Penelope Sewall,Home Office,United States,Los Angeles,California,90032,West,TEC-CO-10001046,Technology,Copiers,Canon Imageclass D680 Copier / Fax,3359.952,6,0.2,1049.985,True
3275,CA-2017-116358,2017-11-02,2017-11-06,Standard Class,KM-16225,Kalyca Meade,Corporate,United States,Overland Park,Kansas,66212,Central,OFF-FA-10003495,Office Supplies,Fasteners,Staples,18.24,3,0.0,9.12,False
3276,CA-2017-116358,2017-11-02,2017-11-06,Standard Class,KM-16225,Kalyca Meade,Corporate,United States,Overland Park,Kansas,66212,Central,OFF-AR-10004685,Office Supplies,Art,"Binney & Smith Crayola Metallic Colored Pencils, 8-Color Set",27.78,6,0.0,9.1674,False
3277,CA-2014-102988,2014-04-05,2014-04-09,Second Class,GM-14695,Greg Maxwell,Corporate,United States,Alexandria,Virginia,22304,South,OFF-AR-10004757,Office Supplies,Art,Crayola Colored Pencils,22.96,7,0.0,7.5768,False
3278,CA-2014-102988,2014-04-05,2014-04-09,Second Class,GM-14695,Greg Maxwell,Corporate,United States,Alexandria,Virginia,22304,South,TEC-PH-10001615,Technology,Phones,AT&T CL82213,28.99,1,0.0,8.4071,False
3279,CA-2014-102988,2014-04-05,2014-04-09,Second Class,GM-14695,Greg Maxwell,Corporate,United States,Alexandria,Virginia,22304,South,OFF-PA-10003349,Office Supplies,Paper,Xerox 1957,12.96,2,0.0,6.3504,False
3280,CA-2014-102988,2014-04-05,2014-04-09,Second Class,GM-14695,Greg Maxwell,Corporate,United States,Alexandria,Virginia,22304,South,OFF-AR-10000127,Office Supplies,Art,Newell 321,22.96,7,0.0,6.6584,False
3281,CA-2014-102988,2014-04-05,2014-04-09,Second Class,GM-14695,Greg Maxwell,Corporate,United States,Alexandria,Virginia,22304,South,OFF-SU-10002881,Office Supplies,Supplies,Martin Yale Chadless Opener Electric Letter Opener,4164.05,5,0.0,83.281,True
3296,CA-2017-113418,2017-10-01,2017-10-03,First Class,CM-12655,Corinna Mitchell,Home Office,United States,New York City,New York,10035,East,TEC-MA-10002428,Technology,Machines,Fellowes Powershred HS-440 4-Sheet High Security Shredder,1704.89,11,0.0,767.2005,True
3310,CA-2015-144386,2015-11-05,2015-11-11,Standard Class,GT-14635,Grant Thornton,Corporate,United States,New York City,New York,10009,East,OFF-BI-10001116,Office Supplies,Binders,"Wilson Jones 1"" Hanging DublLock Ring Binders",25.344,6,0.2,8.8704,False
3349,CA-2017-154732,2017-11-05,2017-11-07,First Class,AH-10195,Alan Haines,Corporate,United States,Chicago,Illinois,60623,Central,OFF-BI-10000474,Office Supplies,Binders,Avery Recycled Flexi-View Covers for Binding Systems,16.03,5,0.8,-25.648,False
3359,CA-2016-139234,2016-05-06,2016-05-10,Standard Class,AF-10870,Art Ferguson,Consumer,United States,Chicago,Illinois,60610,Central,OFF-BI-10000773,Office Supplies,Binders,Insertable Tab Post Binder Dividers,3.208,2,0.8,-5.2932,False
3360,CA-2016-139234,2016-05-06,2016-05-10,Standard Class,AF-10870,Art Ferguson,Consumer,United States,Chicago,Illinois,60610,Central,TEC-AC-10004510,Technology,Accessories,Logitech Desktop MK120 Mouse and keyboard Combo,26.176,2,0.2,-3.272,False
3361,US-2015-142020,2015-06-04,2015-06-08,Second Class,TC-21535,Tracy Collins,Home Office,United States,New York City,New York,10024,East,OFF-PA-10004569,Office Supplies,Paper,"Wirebound Message Books, Two 4 1/4"" x 5"" Forms per Page",30.44,4,0.0,14.3068,False
3362,US-2015-142020,2015-06-04,2015-06-08,Second Class,TC-21535,Tracy Collins,Home Office,United States,New York City,New York,10024,East,FUR-FU-10000672,Furniture,Furnishings,"Executive Impressions 10"" Spectator Wall Clock",35.28,3,0.0,11.9952,False
3374,CA-2015-161718,2015-12-04,2015-12-10,Standard Class,SO-20335,Sean O'Donnell,Consumer,United States,Hempstead,New York,11550,East,FUR-FU-10002445,Furniture,Furnishings,"DAX Two-Tone Rosewood/Black Document Frame, Desktop, 5 x 7",28.44,3,0.0,11.376,False
3375,CA-2015-161718,2015-12-04,2015-12-10,Standard Class,SO-20335,Sean O'Donnell,Consumer,United States,Hempstead,New York,11550,East,FUR-CH-10002372,Furniture,Chairs,Office Star - Ergonomically Designed Knee Chair,364.41,5,0.1,8.098,False
3376,CA-2015-161718,2015-12-04,2015-12-10,Standard Class,SO-20335,Sean O'Donnell,Consumer,United States,Hempstead,New York,11550,East,TEC-PH-10000376,Technology,Phones,Square Credit Card Reader,39.96,4,0.0,10.3896,False
3377,CA-2015-161718,2015-12-04,2015-12-10,Standard Class,SO-20335,Sean O'Donnell,Consumer,United States,Hempstead,New York,11550,East,FUR-CH-10002965,Furniture,Chairs,"Global Leather Highback Executive Chair with Pneumatic Height Adjustment, Black",361.764,2,0.1,68.3332,False
3378,CA-2016-100671,2016-11-01,2016-11-04,First Class,CS-12490,Cindy Schnelling,Corporate,United States,Conroe,Texas,77301,Central,OFF-ST-10004950,Office Supplies,Storage,"Tenex Personal Filing Tote With Secure Closure Lid, Black/Frost",111.672,9,0.2,6.9795,False
3383,CA-2015-130659,2015-12-04,2015-12-09,Second Class,MS-17365,Maribeth Schnelling,Consumer,United States,New York City,New York,10035,East,OFF-EN-10004147,Office Supplies,Envelopes,Wausau Papers Astrobrights Colored Envelopes,17.94,3,0.0,8.7906,False
3384,CA-2015-130659,2015-12-04,2015-12-09,Second Class,MS-17365,Maribeth Schnelling,Consumer,United States,New York City,New York,10035,East,FUR-CH-10003535,Furniture,Chairs,"Global Armless Task Chair, Royal Blue",384.174,7,0.1,29.8802,False
3385,CA-2015-130659,2015-12-04,2015-12-09,Second Class,MS-17365,Maribeth Schnelling,Consumer,United States,New York City,New York,10035,East,TEC-PH-10004586,Technology,Phones,Wilson SignalBoost 841262 DB PRO Amplifier Kit,1799.75,5,0.0,539.925,True
3386,CA-2017-148404,2017-10-07,2017-10-11,Standard Class,Dp-13240,Dean percer,Home Office,United States,Charlotte,North Carolina,28205,South,OFF-ST-10003208,Office Supplies,Storage,Adjustable Depth Letter/Legal Cart,580.672,4,0.2,65.3256,True
3387,CA-2017-148404,2017-10-07,2017-10-11,Standard Class,Dp-13240,Dean percer,Home Office,United States,Charlotte,North Carolina,28205,South,OFF-FA-10003112,Office Supplies,Fasteners,Staples,18.936,3,0.2,5.9175,False
3388,CA-2017-148404,2017-10-07,2017-10-11,Standard Class,Dp-13240,Dean percer,Home Office,United States,Charlotte,North Carolina,28205,South,TEC-PH-10004447,Technology,Phones,Toshiba IPT2010-SD IPï¿½Telephone,222.384,2,0.2,16.6788,False
3389,CA-2017-148404,2017-10-07,2017-10-11,Standard Class,Dp-13240,Dean percer,Home Office,United States,Charlotte,North Carolina,28205,South,OFF-BI-10002854,Office Supplies,Binders,"Performers Binder/Pad Holder, Black",50.454,6,0.7,-33.636,False
3390,CA-2017-148404,2017-10-07,2017-10-11,Standard Class,Dp-13240,Dean percer,Home Office,United States,Charlotte,North Carolina,28205,South,FUR-TA-10001039,Furniture,Tables,KI Adjustable-Height Table,154.764,3,0.4,-36.1116,False
3395,US-2017-131583,2017-06-10,2017-06-10,Same Day,CL-11890,Carl Ludwig,Consumer,United States,Philadelphia,Pennsylvania,19143,East,OFF-PA-10000380,Office Supplies,Paper,"REDIFORM Incoming/Outgoing Call Register, 11"" X 8 1/2"", 100 Messages",40.032,6,0.2,15.012,False
3396,US-2017-148362,2017-07-01,2017-07-08,Standard Class,KF-16285,Karen Ferguson,Home Office,United States,Indianapolis,Indiana,46203,Central,OFF-ST-10001128,Office Supplies,Storage,"Carina Mini System Audio Rack, Model AR050B",443.92,4,0.0,13.3176,False
3397,US-2017-148362,2017-07-01,2017-07-08,Standard Class,KF-16285,Karen Ferguson,Home Office,United States,Indianapolis,Indiana,46203,Central,OFF-BI-10003656,Office Supplies,Binders,Fellowes PB200 Plastic Comb Binding Machine,169.99,1,0.0,78.1954,False
3398,US-2017-148362,2017-07-01,2017-07-08,Standard Class,KF-16285,Karen Ferguson,Home Office,United States,Indianapolis,Indiana,46203,Central,OFF-PA-10003441,Office Supplies,Paper,Xerox 226,25.92,4,0.0,12.4416,False
3403,CA-2015-129700,2015-05-04,2015-05-05,First Class,LA-16780,Laura Armstrong,Corporate,United States,Tinley Park,Illinois,60477,Central,FUR-FU-10001940,Furniture,Furnishings,Staple-based wall hangings,22.288,7,0.6,-8.9152,False
3416,CA-2016-116540,2016-09-02,2016-09-02,Same Day,SS-20590,Sonia Sunley,Consumer,United States,Madison,Wisconsin,53711,Central,OFF-FA-10002676,Office Supplies,Fasteners,Colored Push Pins,1.81,1,0.0,0.6516,False
3417,CA-2016-116540,2016-09-02,2016-09-02,Same Day,SS-20590,Sonia Sunley,Consumer,United States,Madison,Wisconsin,53711,Central,OFF-BI-10004970,Office Supplies,Binders,"ACCOHIDE 3-Ring Binder, Blue, 1""",8.26,2,0.0,3.8822,False
3428,US-2017-111024,2017-07-03,2017-07-06,Second Class,SZ-20035,Sam Zeldin,Home Office,United States,Lancaster,Ohio,43130,East,OFF-PA-10000174,Office Supplies,Paper,"Message Book, Wirebound, Four 5 1/2"" X 4"" Forms/Pg., 200 Dupl. Sets/Book",32.896,4,0.2,11.1024,False
3429,US-2017-111024,2017-07-03,2017-07-06,Second Class,SZ-20035,Sam Zeldin,Home Office,United States,Lancaster,Ohio,43130,East,FUR-TA-10002041,Furniture,Tables,"Bevis Round Conference Table Top, X-Base",215.148,2,0.4,-103.9882,False
3430,US-2017-111024,2017-07-03,2017-07-06,Second Class,SZ-20035,Sam Zeldin,Home Office,United States,Lancaster,Ohio,43130,East,OFF-PA-10002246,Office Supplies,Paper,"Wirebound Four 2-3/4 x 5 Forms per Page, 400 Sets per Book",30.96,6,0.2,11.223,False
3431,CA-2017-148264,2017-12-08,2017-12-09,First Class,LF-17185,Luke Foster,Consumer,United States,Inglewood,California,90301,West,OFF-ST-10003327,Office Supplies,Storage,Akro-Mils 12-Gallon Tote,29.79,3,0.0,8.6391,False
3432,CA-2017-148264,2017-12-08,2017-12-09,First Class,LF-17185,Luke Foster,Consumer,United States,Inglewood,California,90301,West,FUR-FU-10002703,Furniture,Furnishings,"Tenex Traditional Chairmats for Hard Floors, Average Lip, 36"" x 48""",128.9,2,0.0,15.468,False
3433,CA-2017-148264,2017-12-08,2017-12-09,First Class,LF-17185,Luke Foster,Consumer,United States,Inglewood,California,90301,West,OFF-PA-10003651,Office Supplies,Paper,Xerox 1968,60.12,9,0.0,28.8576,False
3434,CA-2017-131212,2017-12-05,2017-12-09,Standard Class,AB-10165,Alan Barnes,Consumer,United States,Bellevue,Washington,98006,West,OFF-BI-10001617,Office Supplies,Binders,GBC Wire Binding Combs,24.816,3,0.2,8.3754,False
3435,CA-2017-131212,2017-12-05,2017-12-09,Standard Class,AB-10165,Alan Barnes,Consumer,United States,Bellevue,Washington,98006,West,OFF-BI-10000145,Office Supplies,Binders,Zipper Ring Binder Pockets,14.976,6,0.2,5.4288,False
3447,CA-2016-158869,2016-08-06,2016-08-07,First Class,AH-10690,Anna Hï¿½berlin,Corporate,United States,New York City,New York,10024,East,OFF-PA-10000474,Office Supplies,Paper,Easy-staple paper,70.88,2,0.0,33.3136,False
3454,CA-2015-153325,2015-03-01,2015-03-02,Second Class,ST-20530,Shui Tom,Consumer,United States,Macon,Georgia,31204,South,OFF-BI-10004236,Office Supplies,Binders,"XtraLife ClearVue Slant-D Ring Binder, White, 3""",58.72,4,0.0,27.0112,False
3462,CA-2017-114258,2017-11-05,2017-11-10,Second Class,EM-13825,Elizabeth Moffitt,Corporate,United States,Dallas,Texas,75081,Central,TEC-PH-10003012,Technology,Phones,Nortel Meridian M3904 Professional Digital phone,492.768,4,0.2,55.4364,True
3465,CA-2017-128699,2017-12-03,2017-12-05,Second Class,ND-18370,Natalie DeCherney,Consumer,United States,Jacksonville,Florida,32216,South,TEC-AC-10001990,Technology,Accessories,Kensington Orbit Wireless Mobile Trackball for PC and Mac,47.992,1,0.2,7.1988,False
3470,CA-2015-100888,2015-04-06,2015-04-10,Standard Class,MH-17455,Mark Hamilton,Consumer,United States,Jacksonville,North Carolina,28540,South,OFF-PA-10001019,Office Supplies,Paper,Xerox 1884,47.952,3,0.2,16.1838,False
3471,US-2016-150035,2016-12-01,2016-12-05,Standard Class,CL-11890,Carl Ludwig,Consumer,United States,San Francisco,California,94122,West,FUR-FU-10003724,Furniture,Furnishings,Westinghouse Clip-On Gooseneck Lamps,16.74,2,0.0,4.3524,False
3474,CA-2017-111815,2017-03-03,2017-03-10,Standard Class,EP-13915,Emily Phan,Consumer,United States,Dearborn Heights,Michigan,48127,Central,FUR-CH-10000785,Furniture,Chairs,Global Ergonomic Managers Chair,180.98,1,0.0,47.0548,False
3475,CA-2017-111815,2017-03-03,2017-03-10,Standard Class,EP-13915,Emily Phan,Consumer,United States,Dearborn Heights,Michigan,48127,Central,TEC-AC-10002926,Technology,Accessories,Logitech Wireless Marathon Mouse M705,99.98,2,0.0,42.9914,False
3482,CA-2014-124023,2014-04-07,2014-04-10,First Class,PJ-19015,Pauline Johnson,Consumer,United States,Mobile,Alabama,36608,South,FUR-FU-10004415,Furniture,Furnishings,"Stacking Tray, Side-Loading, Legal, Smoke",8.96,2,0.0,2.7776,False
3488,CA-2017-120705,2017-09-05,2017-09-11,Standard Class,MG-17875,Michael Grace,Home Office,United States,Fort Lauderdale,Florida,33311,South,OFF-ST-10001522,Office Supplies,Storage,"Gould Plastics 18-Pocket Panel Bin, 34w x 5-1/4d x 20-1/2h",147.184,2,0.2,-29.4368,False
3489,CA-2015-157322,2015-07-02,2015-07-06,Standard Class,RH-19600,Rob Haberlin,Consumer,United States,Carol Stream,Illinois,60188,Central,FUR-CH-10004086,Furniture,Chairs,Hon 4070 Series Pagoda Armless Upholstered Stacking Chairs,408.422,2,0.3,-5.8346,False
3490,CA-2015-157322,2015-07-02,2015-07-06,Standard Class,RH-19600,Rob Haberlin,Consumer,United States,Carol Stream,Illinois,60188,Central,FUR-CH-10003774,Furniture,Chairs,"Global Wood Trimmed Manager's Task Chair, Khaki",382.116,6,0.3,-92.7996,False
3491,CA-2015-157322,2015-07-02,2015-07-06,Standard Class,RH-19600,Rob Haberlin,Consumer,United States,Carol Stream,Illinois,60188,Central,OFF-ST-10004507,Office Supplies,Storage,Advantus Rolling Storage Box,68.6,5,0.2,6.0025,False
3492,CA-2015-157322,2015-07-02,2015-07-06,Standard Class,RH-19600,Rob Haberlin,Consumer,United States,Carol Stream,Illinois,60188,Central,OFF-ST-10003208,Office Supplies,Storage,Adjustable Depth Letter/Legal Cart,435.504,3,0.2,48.9942,False
3493,CA-2015-157322,2015-07-02,2015-07-06,Standard Class,RH-19600,Rob Haberlin,Consumer,United States,Carol Stream,Illinois,60188,Central,OFF-PA-10000659,Office Supplies,Paper,"Adams Phone Message Book, Professional, 400 Message Capacity, 5 3/6ï¿½ x 11ï¿½",11.168,2,0.2,3.7692,False
3503,CA-2017-125115,2017-04-10,2017-04-10,Same Day,RD-19930,Russell D'Ascenzo,Consumer,United States,Austin,Texas,78745,Central,OFF-PA-10004101,Office Supplies,Paper,Xerox 1894,10.368,2,0.2,3.6288,False
3504,CA-2017-125115,2017-04-10,2017-04-10,Same Day,RD-19930,Russell D'Ascenzo,Consumer,United States,Austin,Texas,78745,Central,TEC-AC-10001714,Technology,Accessories,Logitechï¿½MX Performance Wireless Mouse,95.736,3,0.2,20.3439,False
3513,CA-2017-140326,2017-09-04,2017-09-06,First Class,HW-14935,Helen Wasserman,Corporate,United States,Chicago,Illinois,60653,Central,FUR-BO-10000112,Furniture,Bookcases,"Bush Birmingham Collection Bookcase, Dark Cherry",825.174,9,0.3,-117.882,True
3514,CA-2017-140326,2017-09-04,2017-09-06,First Class,HW-14935,Helen Wasserman,Corporate,United States,Chicago,Illinois,60653,Central,OFF-PA-10004041,Office Supplies,Paper,"It's Hot Message Books with Stickers, 2 3/4"" x 5""",17.76,3,0.2,5.55,False
3515,CA-2017-140326,2017-09-04,2017-09-06,First Class,HW-14935,Helen Wasserman,Corporate,United States,Chicago,Illinois,60653,Central,OFF-AR-10001149,Office Supplies,Art,"Sanford Colorific Colored Pencils, 12/Box",6.912,3,0.2,0.864,False
3517,US-2016-113649,2016-08-09,2016-08-12,First Class,HA-14920,Helen Andreada,Consumer,United States,Fayetteville,North Carolina,28314,South,OFF-PA-10000130,Office Supplies,Paper,Xerox 199,30.816,9,0.2,9.63,False
3518,US-2016-113649,2016-08-09,2016-08-12,First Class,HA-14920,Helen Andreada,Consumer,United States,Fayetteville,North Carolina,28314,South,TEC-PH-10002350,Technology,Phones,Apple EarPods with Remote and Mic,44.784,2,0.2,4.4784,False
3519,US-2016-113649,2016-08-09,2016-08-12,First Class,HA-14920,Helen Andreada,Consumer,United States,Fayetteville,North Carolina,28314,South,OFF-AP-10002518,Office Supplies,Appliances,Kensington 7 Outlet MasterPiece Power Center,569.536,4,0.2,64.0728,True
3524,CA-2016-137673,2016-09-05,2016-09-10,Standard Class,ML-17395,Marina Lichtenstein,Corporate,United States,San Diego,California,92105,West,TEC-AC-10002345,Technology,Accessories,HP Standard 104 key PS/2 Keyboard,116.0,8,0.0,29.0,False
3538,CA-2014-158771,2014-05-09,2014-05-09,Same Day,SB-20290,Sean Braxton,Corporate,United States,Henderson,Kentucky,42420,South,OFF-ST-10000107,Office Supplies,Storage,Fellowes Super Stor/Drawer,83.25,3,0.0,14.985,False
3539,CA-2014-158771,2014-05-09,2014-05-09,Same Day,SB-20290,Sean Braxton,Corporate,United States,Henderson,Kentucky,42420,South,OFF-LA-10001641,Office Supplies,Labels,Avery 518,9.45,3,0.0,4.536,False
3540,CA-2014-158771,2014-05-09,2014-05-09,Same Day,SB-20290,Sean Braxton,Corporate,United States,Henderson,Kentucky,42420,South,OFF-LA-10003121,Office Supplies,Labels,Avery 506,20.65,5,0.0,9.499,False
3541,CA-2014-158771,2014-05-09,2014-05-09,Same Day,SB-20290,Sean Braxton,Corporate,United States,Henderson,Kentucky,42420,South,OFF-PA-10002689,Office Supplies,Paper,Weyerhaeuser First Choice Laser/Copy Paper (20Lb. and 88 Bright),45.36,7,0.0,21.7728,False
3557,CA-2017-118542,2017-12-01,2017-12-05,Standard Class,CC-12550,Clay Cheatham,Consumer,United States,Los Angeles,California,90008,West,OFF-PA-10004735,Office Supplies,Paper,Xerox 1905,45.36,7,0.0,21.7728,False
3558,CA-2017-118542,2017-12-01,2017-12-05,Standard Class,CC-12550,Clay Cheatham,Consumer,United States,Los Angeles,California,90008,West,OFF-BI-10003429,Office Supplies,Binders,"Cardinal HOLDit! Binder Insert Strips,Extra Strips",10.128,2,0.2,3.6714,False
3559,CA-2017-152737,2017-11-07,2017-11-12,Standard Class,TS-21505,Tony Sayre,Consumer,United States,San Francisco,California,94122,West,OFF-BI-10002982,Office Supplies,Binders,Avery Self-Adhesive Photo Pockets for Polaroid Photos,21.792,4,0.2,7.6272,False
3560,CA-2017-152737,2017-11-07,2017-11-12,Standard Class,TS-21505,Tony Sayre,Consumer,United States,San Francisco,California,94122,West,TEC-AC-10004975,Technology,Accessories,Plantronics Audio 995 Wireless Stereo Headset,439.8,4,0.0,145.134,False
3561,CA-2017-109757,2017-09-04,2017-09-09,Second Class,MD-17350,Maribeth Dona,Consumer,United States,Akron,Ohio,44312,East,OFF-AR-10002335,Office Supplies,Art,DIXON Oriole Pencils,8.256,4,0.2,0.6192,False
3562,CA-2017-109757,2017-09-04,2017-09-09,Second Class,MD-17350,Maribeth Dona,Consumer,United States,Akron,Ohio,44312,East,OFF-BI-10004001,Office Supplies,Binders,GBC Recycled VeloBinder Covers,25.56,5,0.7,-20.448,False
3563,CA-2017-109757,2017-09-04,2017-09-09,Second Class,MD-17350,Maribeth Dona,Consumer,United States,Akron,Ohio,44312,East,OFF-BI-10001634,Office Supplies,Binders,Wilson Jones Active Use Binders,4.368,2,0.7,-3.0576,False
3564,CA-2017-109757,2017-09-04,2017-09-09,Second Class,MD-17350,Maribeth Dona,Consumer,United States,Akron,Ohio,44312,East,OFF-PA-10000007,Office Supplies,Paper,"Telephone Message Books with Fax/Mobile Section, 4 1/4"" x 6""",11.52,4,0.2,3.744,False
3565,CA-2016-130029,2016-07-03,2016-07-06,First Class,GT-14755,Guy Thornton,Consumer,United States,Los Angeles,California,90049,West,OFF-PA-10000552,Office Supplies,Paper,Xerox 200,12.96,2,0.0,6.2208,False
3566,CA-2016-130029,2016-07-03,2016-07-06,First Class,GT-14755,Guy Thornton,Consumer,United States,Los Angeles,California,90049,West,OFF-FA-10001135,Office Supplies,Fasteners,"Brites Rubber Bands, 1 1/2 oz. Box",3.96,2,0.0,0.0792,False
3569,CA-2017-168109,2017-07-03,2017-07-03,Same Day,JK-15640,Jim Kriz,Home Office,United States,Seattle,Washington,98105,West,TEC-AC-10003628,Technology,Accessories,Logitech 910-002974 M325 Wireless Mouse for Web Scrolling,59.98,2,0.0,26.3912,False
3570,CA-2017-168109,2017-07-03,2017-07-03,Same Day,JK-15640,Jim Kriz,Home Office,United States,Seattle,Washington,98105,West,TEC-MA-10001148,Technology,Machines,Okidata MB491 Multifunction Printer,2395.2,6,0.2,209.58,True
3571,CA-2017-168109,2017-07-03,2017-07-03,Same Day,JK-15640,Jim Kriz,Home Office,United States,Seattle,Washington,98105,West,TEC-AC-10002049,Technology,Accessories,Plantronics Savi W720 Multi-Device Wireless Headset System,1687.8,4,0.0,742.632,True
3572,CA-2017-168109,2017-07-03,2017-07-03,Same Day,JK-15640,Jim Kriz,Home Office,United States,Seattle,Washington,98105,West,TEC-PH-10000702,Technology,Phones,"Square Credit Card Reader, 4 1/2"" x 4 1/2"" x 1"", White",7.992,1,0.2,2.6973,False
3574,CA-2017-117023,2017-08-07,2017-08-12,Standard Class,JW-15955,Joni Wasserman,Consumer,United States,Long Beach,New York,11561,East,OFF-AR-10003602,Office Supplies,Art,"Quartet Omega Colored Chalk, 12/Pack",11.68,2,0.0,5.4896,False
3575,CA-2017-117023,2017-08-07,2017-08-12,Standard Class,JW-15955,Joni Wasserman,Consumer,United States,Long Beach,New York,11561,East,OFF-AR-10004062,Office Supplies,Art,Staples in misc. colors,104.8,10,0.0,26.2,False
3577,CA-2016-103163,2016-06-07,2016-06-11,Standard Class,FM-14290,Frank Merwin,Home Office,United States,Bakersfield,California,93309,West,OFF-BI-10003305,Office Supplies,Binders,Avery Hanging File Binders,4.784,1,0.2,1.5548,False
3578,CA-2016-103163,2016-06-07,2016-06-11,Standard Class,FM-14290,Frank Merwin,Home Office,United States,Bakersfield,California,93309,West,OFF-PA-10004000,Office Supplies,Paper,"While You Were Out Pads, 50 per Pad, 4 x 5 1/4, Green Cycle",4.73,1,0.0,2.3177,False
3582,CA-2017-117807,2017-10-01,2017-10-07,Standard Class,DK-13090,Dave Kipp,Consumer,United States,Fremont,Nebraska,68025,Central,OFF-PA-10000994,Office Supplies,Paper,Xerox 1915,104.85,1,0.0,50.328,False
3587,CA-2017-161823,2017-09-03,2017-09-08,Standard Class,AG-10300,Aleksandra Gannaway,Corporate,United States,San Francisco,California,94122,West,OFF-AR-10002053,Office Supplies,Art,"Premium Writing Pencils, Soft, #2 by Central Association for the Blind",5.96,2,0.0,1.6688,False
3593,CA-2016-108434,2016-12-05,2016-12-07,Second Class,JG-15160,James Galang,Consumer,United States,New York City,New York,10024,East,OFF-ST-10002615,Office Supplies,Storage,"Dual Level, Single-Width Filing Carts",465.18,3,0.0,120.9468,False
3613,CA-2015-110093,2015-12-03,2015-12-08,Standard Class,AB-10255,Alejandro Ballentine,Home Office,United States,Philadelphia,Pennsylvania,19134,East,OFF-PA-10000174,Office Supplies,Paper,"Message Book, Wirebound, Four 5 1/2"" X 4"" Forms/Pg., 200 Dupl. Sets/Book",16.448,2,0.2,5.5512,False
3614,CA-2015-110093,2015-12-03,2015-12-08,Standard Class,AB-10255,Alejandro Ballentine,Home Office,United States,Philadelphia,Pennsylvania,19134,East,TEC-AC-10000171,Technology,Accessories,"Verbatim 25 GB 6x Blu-ray Single Layer Recordable Disc, 25/Pack",36.784,2,0.2,10.5754,False
3617,CA-2016-154536,2016-09-05,2016-09-09,Standard Class,JC-15340,Jasper Cacioppo,Consumer,United States,Philadelphia,Pennsylvania,19120,East,OFF-BI-10004410,Office Supplies,Binders,"C-Line Peel & Stick Add-On Filing Pockets, 8-3/4 x 5-1/8, 10/Pack",9.555,5,0.7,-7.3255,False
3618,CA-2017-141929,2017-09-04,2017-09-08,Standard Class,RA-19285,Ralph Arnett,Consumer,United States,Los Angeles,California,90004,West,OFF-BI-10004632,Office Supplies,Binders,Ibico Hi-Tech Manual Binding System,487.984,2,0.2,152.495,True
3619,CA-2017-141929,2017-09-04,2017-09-08,Standard Class,RA-19285,Ralph Arnett,Consumer,United States,Los Angeles,California,90004,West,TEC-PH-10002185,Technology,Phones,QVS USB Car Charger 2-Port 2.1Amp for iPod/iPhone/iPad/iPad 2/iPad 3,5.56,1,0.2,1.7375,False
3620,CA-2017-141929,2017-09-04,2017-09-08,Standard Class,RA-19285,Ralph Arnett,Consumer,United States,Los Angeles,California,90004,West,OFF-ST-10002974,Office Supplies,Storage,"Trav-L-File Heavy-Duty Shuttle II, Black",217.85,5,0.0,65.355,False
3632,CA-2017-132178,2017-05-03,2017-05-08,Second Class,DB-12970,Darren Budd,Corporate,United States,Los Angeles,California,90004,West,OFF-ST-10000464,Office Supplies,Storage,"Multi-Use Personal File Cart and Caster Set, Three Stacking Bins",69.52,2,0.0,19.4656,False
3633,CA-2017-132178,2017-05-03,2017-05-08,Second Class,DB-12970,Darren Budd,Corporate,United States,Los Angeles,California,90004,West,OFF-ST-10000025,Office Supplies,Storage,Fellowes Stor/Drawer Steel Plus Storage Drawers,763.44,8,0.0,45.8064,True
3651,CA-2017-109960,2017-12-09,2017-12-11,Second Class,DB-13210,Dean Braden,Consumer,United States,Detroit,Michigan,48234,Central,TEC-AC-10004859,Technology,Accessories,"Maxell Pro 80 Minute CD-R, 10/Pack",104.88,6,0.0,41.952,False
3652,CA-2017-109960,2017-12-09,2017-12-11,Second Class,DB-13210,Dean Braden,Consumer,United States,Detroit,Michigan,48234,Central,OFF-AR-10001860,Office Supplies,Art,BIC Liqua Brite Liner,34.7,5,0.0,12.492,False
3653,CA-2017-109960,2017-12-09,2017-12-11,Second Class,DB-13210,Dean Braden,Consumer,United States,Detroit,Michigan,48234,Central,OFF-BI-10001636,Office Supplies,Binders,Ibico Plastic and Wire Spiral Binding Combs,33.72,4,0.0,15.5112,False
3654,CA-2017-109960,2017-12-09,2017-12-11,Second Class,DB-13210,Dean Braden,Consumer,United States,Detroit,Michigan,48234,Central,OFF-PA-10000349,Office Supplies,Paper,Easy-staple paper,14.94,3,0.0,7.0218,False
3663,US-2017-129777,2017-07-03,2017-07-09,Standard Class,FM-14290,Frank Merwin,Home Office,United States,Quincy,Massachusetts,2169,East,TEC-AC-10003590,Technology,Accessories,"TRENDnet 56K USB 2.0 Phone, Internet and Fax Modem",258.9,10,0.0,93.204,False
3664,US-2017-129777,2017-07-03,2017-07-09,Standard Class,FM-14290,Frank Merwin,Home Office,United States,Quincy,Massachusetts,2169,East,OFF-PA-10001970,Office Supplies,Paper,Xerox 1881,24.56,2,0.0,11.5432,False
3675,CA-2017-154109,2017-11-06,2017-11-11,Standard Class,ML-17410,Maris LaWare,Consumer,United States,Philadelphia,Pennsylvania,19143,East,FUR-CH-10003774,Furniture,Chairs,"Global Wood Trimmed Manager's Task Chair, Khaki",127.372,2,0.3,-30.9332,False
3676,CA-2017-154109,2017-11-06,2017-11-11,Standard Class,ML-17410,Maris LaWare,Consumer,United States,Philadelphia,Pennsylvania,19143,East,OFF-PA-10000157,Office Supplies,Paper,Xerox 191,47.952,3,0.2,16.1838,False
3677,CA-2015-156440,2015-12-05,2015-12-09,Standard Class,MH-17620,Matt Hagelstein,Corporate,United States,San Diego,California,92105,West,FUR-FU-10004090,Furniture,Furnishings,"Executive Impressions 14"" Contract Wall Clock",44.46,2,0.0,14.6718,False
3689,CA-2017-140760,2017-06-02,2017-06-05,Second Class,DO-13435,Denny Ordway,Consumer,United States,Mesa,Arizona,85204,West,OFF-PA-10002479,Office Supplies,Paper,Xerox 4200 Series MultiUse Premium Copy Paper (20Lb. and 84 Bright),25.344,6,0.2,7.92,False
3690,CA-2017-140760,2017-06-02,2017-06-05,Second Class,DO-13435,Denny Ordway,Consumer,United States,Mesa,Arizona,85204,West,OFF-EN-10001141,Office Supplies,Envelopes,"Manila Recycled Extra-Heavyweight Clasp Envelopes, 6"" x 9""",43.92,5,0.2,15.921,False
3715,CA-2014-135608,2014-12-08,2014-12-10,Second Class,JK-15625,Jim Karlsson,Consumer,United States,Olympia,Washington,98502,West,OFF-PA-10001954,Office Supplies,Paper,Xerox 1964,45.68,2,0.0,21.0128,False
3716,CA-2014-135608,2014-12-08,2014-12-10,Second Class,JK-15625,Jim Karlsson,Consumer,United States,Olympia,Washington,98502,West,FUR-CH-10002602,Furniture,Chairs,DMI Arturo Collection Mission-style Design Wood Chair,603.92,5,0.2,45.294,True
3725,CA-2017-127264,2017-04-03,2017-04-05,First Class,SA-20830,Sue Ann Reed,Consumer,United States,Chicago,Illinois,60653,Central,OFF-AR-10003045,Office Supplies,Art,Prang Colored Pencils,7.056,3,0.2,2.205,False
3727,CA-2016-165169,2016-06-05,2016-06-11,Standard Class,JL-15235,Janet Lee,Consumer,United States,Newark,Delaware,19711,East,OFF-ST-10001496,Office Supplies,Storage,Standard Rollaway File with Lock,360.38,2,0.0,93.6988,False
3728,CA-2016-165169,2016-06-05,2016-06-11,Standard Class,JL-15235,Janet Lee,Consumer,United States,Newark,Delaware,19711,East,OFF-AR-10000122,Office Supplies,Art,Newell 314,11.16,2,0.0,2.79,False
3729,CA-2016-165169,2016-06-05,2016-06-11,Standard Class,JL-15235,Janet Lee,Consumer,United States,Newark,Delaware,19711,East,OFF-LA-10000407,Office Supplies,Labels,Avery White Multi-Purpose Labels,14.94,3,0.0,6.8724,False
3735,CA-2017-168193,2017-03-06,2017-03-11,Second Class,RM-19750,Roland Murray,Consumer,United States,New York City,New York,10011,East,OFF-PA-10002254,Office Supplies,Paper,Xerox 1883,26.38,1,0.0,12.1348,False
3736,CA-2017-168193,2017-03-06,2017-03-11,Second Class,RM-19750,Roland Murray,Consumer,United States,New York City,New York,10011,East,FUR-FU-10002554,Furniture,Furnishings,"Westinghouse Floor Lamp with Metal Mesh Shade, Black",71.97,3,0.0,16.5531,False
3756,CA-2016-116799,2016-03-03,2016-03-06,First Class,JG-15310,Jason Gross,Corporate,United States,Odessa,Texas,79762,Central,OFF-PA-10001892,Office Supplies,Paper,"Rediform Wirebound ""Phone Memo"" Message Book, 11 x 5-3/4",42.784,7,0.2,15.5092,False
3757,CA-2016-116799,2016-03-03,2016-03-06,First Class,JG-15310,Jason Gross,Corporate,United States,Odessa,Texas,79762,Central,FUR-CH-10004983,Furniture,Chairs,Office Star - Mid Back Dual function Ergonomic High Back Chair with 2-Way Adjustable Arms,563.43,5,0.3,-56.343,True
3768,CA-2015-103205,2015-12-08,2015-12-10,Second Class,JJ-15760,Joel Jenkins,Home Office,United States,Houston,Texas,77036,Central,TEC-PH-10004896,Technology,Phones,Nokia Lumia 521 (T-Mobile),119.96,5,0.2,11.996,False
3773,CA-2014-115357,2014-08-06,2014-08-11,Second Class,RF-19735,Roland Fjeld,Consumer,United States,Columbia,South Carolina,29203,South,TEC-AC-10000023,Technology,Accessories,"Maxell 74 Minute CD-R Spindle, 50/Pack",62.91,3,0.0,22.6476,False
3778,CA-2015-107937,2015-05-03,2015-05-08,Standard Class,JB-16045,Julia Barnett,Home Office,United States,Chula Vista,California,91911,West,FUR-FU-10002298,Furniture,Furnishings,"Rubbermaid ClusterMat Chairmats, Mat Size- 66"" x 60"", Lip 20"" x 11"" -90 Degree Angle",665.88,6,0.0,106.5408,True
3788,CA-2016-169971,2016-09-04,2016-09-09,Standard Class,IL-15100,Ivan Liston,Consumer,United States,Houston,Texas,77041,Central,OFF-AR-10002804,Office Supplies,Art,Faber Castell Col-Erase Pencils,3.912,1,0.2,1.0269,False
3789,CA-2016-169971,2016-09-04,2016-09-09,Standard Class,IL-15100,Ivan Liston,Consumer,United States,Houston,Texas,77041,Central,OFF-AR-10001044,Office Supplies,Art,"BOSTON Ranger #55 Pencil Sharpener, Black",62.376,3,0.2,7.0173,False
3791,CA-2014-107139,2014-07-05,2014-07-11,Standard Class,DP-13390,Dennis Pardue,Home Office,United States,Los Angeles,California,90004,West,OFF-BI-10001670,Office Supplies,Binders,Vinyl Sectional Post Binders,180.96,6,0.2,67.86,False
3799,CA-2017-147760,2017-11-04,2017-11-05,First Class,KL-16555,Kelly Lampkin,Corporate,United States,Greensboro,North Carolina,27405,South,FUR-TA-10004575,Furniture,Tables,Hon 5100 Series Wood Tables,523.764,3,0.4,-192.0468,True
3800,CA-2017-147760,2017-11-04,2017-11-05,First Class,KL-16555,Kelly Lampkin,Corporate,United States,Greensboro,North Carolina,27405,South,TEC-PH-10002483,Technology,Phones,Motorola Moto X,1359.96,5,0.2,118.9965,True
3813,CA-2017-147753,2017-03-05,2017-03-05,Same Day,PK-19075,Pete Kriz,Consumer,United States,Milwaukee,Wisconsin,53209,Central,OFF-LA-10003537,Office Supplies,Labels,Avery 515,25.06,2,0.0,11.7782,False
3814,CA-2015-103961,2015-11-05,2015-11-09,Standard Class,NG-18430,Nathan Gelder,Consumer,United States,Quincy,Illinois,62301,Central,OFF-LA-10004484,Office Supplies,Labels,Avery 476,19.824,6,0.2,6.4428,False
3815,CA-2016-152471,2016-07-08,2016-07-08,Same Day,ZD-21925,Zuschuss Donatelli,Consumer,United States,Jacksonville,Florida,32216,South,TEC-PH-10002824,Technology,Phones,Jabra SPEAK 410 Multidevice Speakerphone,823.96,5,0.2,51.4975,True
3816,CA-2016-152471,2016-07-08,2016-07-08,Same Day,ZD-21925,Zuschuss Donatelli,Consumer,United States,Jacksonville,Florida,32216,South,OFF-PA-10004965,Office Supplies,Paper,Xerox 1921,15.984,2,0.2,4.995,False
3827,CA-2014-132801,2014-10-07,2014-10-12,Standard Class,JG-15805,John Grady,Corporate,United States,Dallas,Texas,75217,Central,OFF-ST-10001228,Office Supplies,Storage,"Fellowes Personal Hanging Folder Files, Navy",107.44,10,0.2,10.744,False
3828,CA-2017-141733,2017-05-07,2017-05-11,Standard Class,RW-19540,Rick Wilson,Corporate,United States,Detroit,Michigan,48234,Central,FUR-CH-10004086,Furniture,Chairs,Hon 4070 Series Pagoda Armless Upholstered Stacking Chairs,1458.65,5,0.0,423.0085,True
3829,CA-2017-141733,2017-05-07,2017-05-11,Standard Class,RW-19540,Rick Wilson,Corporate,United States,Detroit,Michigan,48234,Central,FUR-CH-10002017,Furniture,Chairs,SAFCO Optional Arm Kit for Workspace Cribbage Stacking Chair,26.64,1,0.0,7.4592,False
3830,CA-2017-141733,2017-05-07,2017-05-11,Standard Class,RW-19540,Rick Wilson,Corporate,United States,Detroit,Michigan,48234,Central,FUR-CH-10000595,Furniture,Chairs,Safco Contoured Stacking Chairs,476.8,2,0.0,119.2,True
3831,CA-2017-141733,2017-05-07,2017-05-11,Standard Class,RW-19540,Rick Wilson,Corporate,United States,Detroit,Michigan,48234,Central,OFF-AP-10001563,Office Supplies,Appliances,Belkin Premiere Surge Master II 8-outlet surge protector,87.444,2,0.1,18.4604,False
3842,US-2014-109162,2014-06-08,2014-06-12,Standard Class,KE-16420,Katrina Edelman,Corporate,United States,Bristol,Tennessee,37620,South,FUR-CH-10002647,Furniture,Chairs,"Situations Contoured Folding Chairs, 4/Set",170.352,3,0.2,10.647,False
3851,CA-2015-142377,2015-12-04,2015-12-09,Standard Class,MS-17980,Michael Stewart,Corporate,United States,Springfield,Missouri,65807,Central,OFF-PA-10001970,Office Supplies,Paper,Xerox 1881,85.96,7,0.0,40.4012,False
3854,US-2017-131849,2017-06-06,2017-06-10,Standard Class,GH-14410,Gary Hansen,Home Office,United States,San Francisco,California,94122,West,FUR-FU-10004164,Furniture,Furnishings,"Eldon 300 Class Desk Accessories, Black",4.95,1,0.0,2.178,False
3855,US-2017-131849,2017-06-06,2017-06-10,Standard Class,GH-14410,Gary Hansen,Home Office,United States,San Francisco,California,94122,West,OFF-ST-10002957,Office Supplies,Storage,Sterilite Show Offs Storage Containers,26.4,5,0.0,0.0,False
3862,CA-2014-135755,2014-05-03,2014-05-10,Standard Class,NC-18415,Nathan Cano,Consumer,United States,Yonkers,New York,10701,East,OFF-BI-10004828,Office Supplies,Binders,GBC Poly Designer Binding Covers,40.176,3,0.2,14.5638,False
3863,CA-2014-135755,2014-05-03,2014-05-10,Standard Class,NC-18415,Nathan Cano,Consumer,United States,Yonkers,New York,10701,East,OFF-BI-10003981,Office Supplies,Binders,"Avery Durable Plastic 1"" Binders",10.896,3,0.2,3.9498,False
3874,CA-2016-136231,2016-09-05,2016-09-07,Second Class,DM-13015,Darrin Martin,Consumer,United States,Johnson City,Tennessee,37604,South,OFF-EN-10001099,Office Supplies,Envelopes,Staple envelope,23.472,3,0.2,7.6284,False
3875,CA-2016-136231,2016-09-05,2016-09-07,Second Class,DM-13015,Darrin Martin,Consumer,United States,Johnson City,Tennessee,37604,South,OFF-BI-10001597,Office Supplies,Binders,"Wilson Jones Ledger-Size, Piano-Hinge Binder, 2"", Blue",86.058,7,0.7,-63.1092,False
3876,CA-2016-136231,2016-09-05,2016-09-07,Second Class,DM-13015,Darrin Martin,Consumer,United States,Johnson City,Tennessee,37604,South,TEC-PH-10002660,Technology,Phones,Nortel Networks T7316 E Nt8 B27,108.784,2,0.2,6.799,False
3877,CA-2016-136231,2016-09-05,2016-09-07,Second Class,DM-13015,Darrin Martin,Consumer,United States,Johnson City,Tennessee,37604,South,OFF-PA-10000327,Office Supplies,Paper,Xerox 1971,10.272,3,0.2,3.21,False
3879,CA-2014-151001,2014-04-05,2014-04-07,First Class,JG-15805,John Grady,Corporate,United States,Decatur,Illinois,62521,Central,OFF-ST-10003455,Office Supplies,Storage,"Tenex File Box, Personal Filing Tote with Lid, Black",49.632,4,0.2,3.7224,False
3880,CA-2014-151001,2014-04-05,2014-04-07,First Class,JG-15805,John Grady,Corporate,United States,Decatur,Illinois,62521,Central,OFF-ST-10001031,Office Supplies,Storage,Adjustable Personal File Tote,52.096,4,0.2,3.9072,False
3885,CA-2014-152849,2014-07-05,2014-07-12,Standard Class,DW-13195,David Wiener,Corporate,United States,Knoxville,Tennessee,37918,South,OFF-AR-10002833,Office Supplies,Art,Newell 322,4.368,3,0.2,0.3822,False
3887,CA-2016-167759,2016-03-03,2016-03-08,Second Class,CC-12670,Craig Carreira,Consumer,United States,Bloomington,Indiana,47401,Central,TEC-PH-10003171,Technology,Phones,Plantronics Encore H101 Dual Earpiecesï¿½Headset,134.85,3,0.0,37.758,False
3888,CA-2014-100895,2014-06-02,2014-06-06,Standard Class,SV-20785,Stewart Visinsky,Consumer,United States,Roswell,Georgia,30076,South,OFF-AR-10004511,Office Supplies,Art,"Sanford Colorific Scented Colored Pencils, 12/Pack",8.56,2,0.0,2.6536,False
3889,CA-2014-100895,2014-06-02,2014-06-06,Standard Class,SV-20785,Stewart Visinsky,Consumer,United States,Roswell,Georgia,30076,South,TEC-PH-10001425,Technology,Phones,Mophie Juice Pack Helium for iPhone,239.97,3,0.0,67.1916,False
3890,CA-2014-100895,2014-06-02,2014-06-06,Standard Class,SV-20785,Stewart Visinsky,Consumer,United States,Roswell,Georgia,30076,South,OFF-ST-10001490,Office Supplies,Storage,"Hot File 7-Pocket, Floor Stand",356.94,2,0.0,107.082,False
3896,CA-2017-110212,2017-05-01,2017-05-05,Standard Class,SJ-20125,Sanjit Jacobs,Home Office,United States,Texarkana,Arkansas,71854,South,TEC-AC-10002331,Technology,Accessories,"Maxell 74 Minute CDR, 10/Pack",48.9,5,0.0,18.093,False
3897,CA-2017-134285,2017-12-07,2017-12-12,Standard Class,DS-13180,David Smith,Corporate,United States,San Antonio,Texas,78207,Central,OFF-FA-10000611,Office Supplies,Fasteners,Binder Clips by OIC,3.552,3,0.2,1.2432,False
3898,CA-2017-134285,2017-12-07,2017-12-12,Standard Class,DS-13180,David Smith,Corporate,United States,San Antonio,Texas,78207,Central,OFF-PA-10000304,Office Supplies,Paper,Xerox 1995,15.552,3,0.2,5.4432,False
3900,CA-2017-157980,2017-12-07,2017-12-09,First Class,SH-20395,Shahid Hopkins,Consumer,United States,Toledo,Ohio,43615,East,TEC-AC-10002567,Technology,Accessories,Logitech G602 Wireless Gaming Mouse,127.984,2,0.2,25.5968,False
3901,CA-2015-121097,2015-01-03,2015-01-08,Standard Class,SF-20965,Sylvia Foulston,Corporate,United States,Baytown,Texas,77520,Central,OFF-PA-10001937,Office Supplies,Paper,Xerox 21,10.368,2,0.2,3.6288,False
3903,US-2015-119312,2015-10-02,2015-10-07,Second Class,CS-12400,Christopher Schild,Home Office,United States,Los Angeles,California,90045,West,OFF-ST-10000943,Office Supplies,Storage,Eldon ProFile File 'N Store Portable File Tub Letter/Legal Size Black,270.34,14,0.0,75.6952,False
3904,CA-2015-167010,2015-04-05,2015-04-10,Standard Class,VT-21700,Valerie Takahito,Home Office,United States,Philadelphia,Pennsylvania,19143,East,OFF-AP-10004036,Office Supplies,Appliances,Bionaire 99.97% HEPA Air Cleaner,98.112,7,0.2,18.396,False
3905,CA-2015-167010,2015-04-05,2015-04-10,Standard Class,VT-21700,Valerie Takahito,Home Office,United States,Philadelphia,Pennsylvania,19143,East,OFF-ST-10003816,Office Supplies,Storage,Fellowes High-Stak Drawer Files,563.808,4,0.2,21.1428,True
3906,CA-2015-167010,2015-04-05,2015-04-10,Standard Class,VT-21700,Valerie Takahito,Home Office,United States,Philadelphia,Pennsylvania,19143,East,OFF-BI-10002072,Office Supplies,Binders,Cardinal Slant-D Ring Binders,10.428,4,0.7,-6.952,False
3907,CA-2015-167010,2015-04-05,2015-04-10,Standard Class,VT-21700,Valerie Takahito,Home Office,United States,Philadelphia,Pennsylvania,19143,East,FUR-FU-10001468,Furniture,Furnishings,Tenex Antistatic Computer Chair Mats,547.136,4,0.2,-68.392,True
3908,CA-2015-167010,2015-04-05,2015-04-10,Standard Class,VT-21700,Valerie Takahito,Home Office,United States,Philadelphia,Pennsylvania,19143,East,TEC-PH-10000347,Technology,Phones,Cush Cases Heavy Duty Rugged Cover Case for Samsung Galaxy S5 - Purple,14.85,5,0.4,-3.2175,False
3909,CA-2015-167010,2015-04-05,2015-04-10,Standard Class,VT-21700,Valerie Takahito,Home Office,United States,Philadelphia,Pennsylvania,19143,East,TEC-PH-10002844,Technology,Phones,Speck Products Candyshell Flip Case,41.988,2,0.4,-9.7972,False
3910,CA-2015-167010,2015-04-05,2015-04-10,Standard Class,VT-21700,Valerie Takahito,Home Office,United States,Philadelphia,Pennsylvania,19143,East,FUR-FU-10001037,Furniture,Furnishings,"DAX Charcoal/Nickel-Tone Document Frame, 5 x 7",7.584,1,0.2,2.37,False
3911,CA-2015-167010,2015-04-05,2015-04-10,Standard Class,VT-21700,Valerie Takahito,Home Office,United States,Philadelphia,Pennsylvania,19143,East,FUR-BO-10004218,Furniture,Bookcases,"Bush Heritage Pine Collection 5-Shelf Bookcase, Albany Pine Finish, *Special Order",352.45,5,0.5,-211.47,False
3912,CA-2017-126788,2017-06-05,2017-06-06,First Class,AB-10105,Adrian Barton,Consumer,United States,Pearland,Texas,77581,Central,TEC-PH-10001619,Technology,Phones,LG G3,470.376,3,0.2,52.9173,False
3920,US-2015-148817,2015-12-01,2015-12-07,Standard Class,KD-16495,Keith Dawkins,Corporate,United States,Chesapeake,Virginia,23320,South,OFF-ST-10001321,Office Supplies,Storage,"Decoflex Hanging Personal Folder File, Blue",61.68,4,0.0,16.6536,False
3921,US-2015-148817,2015-12-01,2015-12-07,Standard Class,KD-16495,Keith Dawkins,Corporate,United States,Chesapeake,Virginia,23320,South,OFF-BI-10004233,Office Supplies,Binders,"GBC Pre-Punched Binding Paper, Plastic, White, 8-1/2"" x 11""",63.96,4,0.0,30.7008,False
3934,CA-2017-123001,2017-09-02,2017-09-08,Standard Class,AW-10840,Anthony Witt,Consumer,United States,Bakersfield,California,93309,West,OFF-AR-10001919,Office Supplies,Art,"OIC #2 Pencils, Medium Soft",9.4,5,0.0,2.726,False
3935,CA-2017-123001,2017-09-02,2017-09-08,Standard Class,AW-10840,Anthony Witt,Consumer,United States,Bakersfield,California,93309,West,OFF-LA-10004544,Office Supplies,Labels,Avery 505,74.0,5,0.0,37.0,False
3936,CA-2017-123001,2017-09-02,2017-09-08,Standard Class,AW-10840,Anthony Witt,Consumer,United States,Bakersfield,California,93309,West,TEC-PH-10003484,Technology,Phones,Ooma Telo VoIP Home Phone System,201.584,2,0.2,12.599,False
3940,US-2016-143448,2016-12-10,2016-12-10,Same Day,MH-17455,Mark Hamilton,Consumer,United States,Greenwood,Indiana,46142,Central,FUR-CH-10003379,Furniture,Chairs,Global Commerce Series High-Back Swivel/Tilt Chairs,1424.9,5,0.0,356.225,True
3953,US-2016-151862,2016-03-01,2016-03-08,Standard Class,ON-18715,Odella Nelson,Corporate,United States,Denver,Colorado,80219,West,TEC-PH-10003535,Technology,Phones,RCA ViSYS 25423RE1 Corded phone,159.984,2,0.2,13.9986,False
3955,CA-2014-133228,2014-04-04,2014-04-09,Standard Class,MS-17710,Maurice Satty,Consumer,United States,Detroit,Michigan,48205,Central,FUR-FU-10004020,Furniture,Furnishings,Advantus Panel Wall Acrylic Frame,5.47,1,0.0,2.3521,False
3956,CA-2014-133228,2014-04-04,2014-04-09,Standard Class,MS-17710,Maurice Satty,Consumer,United States,Detroit,Michigan,48205,Central,OFF-AR-10001955,Office Supplies,Art,Newell 319,79.36,4,0.0,23.808,False
3967,CA-2016-149902,2016-04-01,2016-04-06,Standard Class,DW-13540,Don Weiss,Consumer,United States,New York City,New York,10024,East,OFF-AR-10002956,Office Supplies,Art,Boston 16801 Nautilus Battery Pencil Sharpener,88.04,4,0.0,22.8904,False
3969,US-2015-163685,2015-06-01,2015-06-05,Standard Class,KE-16420,Katrina Edelman,Corporate,United States,San Antonio,Texas,78207,Central,OFF-BI-10001890,Office Supplies,Binders,Avery Poly Binder Pockets,5.728,8,0.8,-9.1648,False
3970,US-2015-163685,2015-06-01,2015-06-05,Standard Class,KE-16420,Katrina Edelman,Corporate,United States,San Antonio,Texas,78207,Central,OFF-PA-10002606,Office Supplies,Paper,Xerox 1928,42.24,10,0.2,13.2,False
3978,CA-2017-101308,2017-10-02,2017-10-07,Standard Class,FG-14260,Frank Gastineau,Home Office,United States,Seattle,Washington,98105,West,OFF-FA-10002780,Office Supplies,Fasteners,Staples,8.94,3,0.0,4.1124,False
3979,CA-2017-101308,2017-10-02,2017-10-07,Standard Class,FG-14260,Frank Gastineau,Home Office,United States,Seattle,Washington,98105,West,TEC-PH-10003800,Technology,Phones,i.Sound Portable Power - 8000 mAh,84.784,2,0.2,-20.1362,False
3983,CA-2016-135265,2016-07-07,2016-07-09,Second Class,CC-12370,Christopher Conant,Consumer,United States,Los Angeles,California,90045,West,FUR-CH-10003061,Furniture,Chairs,"Global Leather Task Chair, Black",287.968,4,0.2,-3.5996,False
3984,CA-2016-135265,2016-07-07,2016-07-09,Second Class,CC-12370,Christopher Conant,Consumer,United States,Los Angeles,California,90045,West,TEC-CO-10003763,Technology,Copiers,Canon PC1060 Personal Laser Copier,2799.96,5,0.2,944.9865,True
3985,CA-2016-135265,2016-07-07,2016-07-09,Second Class,CC-12370,Christopher Conant,Consumer,United States,Los Angeles,California,90045,West,OFF-PA-10002923,Office Supplies,Paper,Xerox 1942,48.94,1,0.0,24.47,False
3991,CA-2014-137589,2014-11-03,2014-11-08,Standard Class,MS-17770,Maxwell Schwartz,Consumer,United States,Lancaster,Pennsylvania,17602,East,OFF-SU-10000157,Office Supplies,Supplies,Compact Automatic Electric Letter Opener,286.344,3,0.2,-64.4274,False
3992,CA-2015-161998,2015-05-01,2015-05-05,Standard Class,DB-13120,David Bremer,Corporate,United States,Tampa,Florida,33614,South,FUR-FU-10001095,Furniture,Furnishings,DAX Black Cherry Wood-Tone Poster Frame,63.552,3,0.2,14.2992,False
3993,CA-2015-161998,2015-05-01,2015-05-05,Standard Class,DB-13120,David Bremer,Corporate,United States,Tampa,Florida,33614,South,OFF-SU-10004261,Office Supplies,Supplies,"Fiskars 8"" Scissors, 2/Pack",41.376,3,0.2,4.6548,False
3994,CA-2015-161998,2015-05-01,2015-05-05,Standard Class,DB-13120,David Bremer,Corporate,United States,Tampa,Florida,33614,South,OFF-AR-10004022,Office Supplies,Art,Panasonic KP-380BK Classic Electric Pencil Sharpener,172.704,6,0.2,10.794,False
3995,CA-2015-105627,2015-03-08,2015-03-12,Standard Class,DK-12895,Dana Kaydos,Consumer,United States,Kenosha,Wisconsin,53142,Central,FUR-BO-10002916,Furniture,Bookcases,"Rush Hierlooms Collection 1"" Thick Stackable Bookcases",512.94,3,0.0,97.4586,True
3996,CA-2015-105627,2015-03-08,2015-03-12,Standard Class,DK-12895,Dana Kaydos,Consumer,United States,Kenosha,Wisconsin,53142,Central,FUR-CH-10002084,Furniture,Chairs,Hon Mobius Operator's Chair,860.93,7,0.0,189.4046,True
3997,CA-2015-105627,2015-03-08,2015-03-12,Standard Class,DK-12895,Dana Kaydos,Consumer,United States,Kenosha,Wisconsin,53142,Central,TEC-PH-10003012,Technology,Phones,Nortel Meridian M3904 Professional Digital phone,769.95,5,0.0,223.2855,True
3998,CA-2015-105627,2015-03-08,2015-03-12,Standard Class,DK-12895,Dana Kaydos,Consumer,United States,Kenosha,Wisconsin,53142,Central,OFF-AR-10002704,Office Supplies,Art,Boston 1900 Electric Pencil Sharpener,14.98,1,0.0,4.494,False
3999,CA-2015-105627,2015-03-08,2015-03-12,Standard Class,DK-12895,Dana Kaydos,Consumer,United States,Kenosha,Wisconsin,53142,Central,FUR-FU-10000308,Furniture,Furnishings,Deflect-o Glass Clear Studded Chair Mats,373.08,6,0.0,82.0776,False
4003,CA-2016-145730,2016-03-03,2016-03-08,Standard Class,CC-12220,Chris Cortes,Consumer,United States,San Antonio,Texas,78207,Central,FUR-TA-10004915,Furniture,Tables,"Office Impressions End Table, 20-1/2""H x 24""W x 20""D",637.896,3,0.3,-127.5792,True
4004,CA-2016-145730,2016-03-03,2016-03-08,Standard Class,CC-12220,Chris Cortes,Consumer,United States,San Antonio,Texas,78207,Central,TEC-MA-10001016,Technology,Machines,Canon PC170 Desktop Personal Copier,287.91,3,0.4,33.5895,False
4005,CA-2016-145730,2016-03-03,2016-03-08,Standard Class,CC-12220,Chris Cortes,Consumer,United States,San Antonio,Texas,78207,Central,OFF-EN-10000483,Office Supplies,Envelopes,"White Envelopes, White Envelopes with Clear Poly Window",36.6,3,0.2,11.895,False
4010,CA-2017-144463,2017-01-01,2017-01-05,Standard Class,SC-20725,Steven Cartwright,Consumer,United States,Los Angeles,California,90036,West,FUR-FU-10001215,Furniture,Furnishings,"Howard Miller 11-1/2"" Diameter Brentwood Wall Clock",474.43,11,0.0,199.2606,True
4035,US-2016-108777,2016-12-12,2016-12-12,Same Day,JM-15655,Jim Mitchum,Corporate,United States,Lorain,Ohio,44052,East,OFF-BI-10003982,Office Supplies,Binders,Wilson Jones Century Plastic Molded Ring Binders,18.693,3,0.7,-14.3313,False
4036,US-2016-108777,2016-12-12,2016-12-12,Same Day,JM-15655,Jim Mitchum,Corporate,United States,Lorain,Ohio,44052,East,TEC-AC-10002567,Technology,Accessories,Logitech G602 Wireless Gaming Mouse,383.952,6,0.2,76.7904,False
4046,CA-2015-136378,2015-04-02,2015-04-07,Standard Class,CS-11845,Cari Sayre,Corporate,United States,Houston,Texas,77070,Central,OFF-BI-10003707,Office Supplies,Binders,Aluminum Screw Posts,9.156,3,0.8,-13.734,False
4061,CA-2016-129196,2016-11-01,2016-11-07,Standard Class,XP-21865,Xylona Preis,Consumer,United States,Chicago,Illinois,60610,Central,TEC-AC-10002473,Technology,Accessories,Maxell 4.7GB DVD-R,68.112,3,0.2,17.8794,False
4066,CA-2014-102673,2014-11-01,2014-11-05,Standard Class,KH-16630,Ken Heidel,Corporate,United States,Charlotte,North Carolina,28205,South,OFF-FA-10003021,Office Supplies,Fasteners,Staples,7.52,5,0.2,1.41,False
4067,CA-2014-102673,2014-11-01,2014-11-05,Standard Class,KH-16630,Ken Heidel,Corporate,United States,Charlotte,North Carolina,28205,South,OFF-AR-10000634,Office Supplies,Art,Newell 320,10.272,3,0.2,0.8988,False
4068,CA-2014-102673,2014-11-01,2014-11-05,Standard Class,KH-16630,Ken Heidel,Corporate,United States,Charlotte,North Carolina,28205,South,OFF-LA-10001771,Office Supplies,Labels,Avery 513,47.808,12,0.2,15.5376,False
4069,CA-2014-102673,2014-11-01,2014-11-05,Standard Class,KH-16630,Ken Heidel,Corporate,United States,Charlotte,North Carolina,28205,South,TEC-PH-10004434,Technology,Phones,Cisco IPï¿½Phoneï¿½7961G VoIPï¿½phoneï¿½- Dark gray,978.84,9,0.2,110.1195,True
4073,CA-2015-156104,2015-12-06,2015-12-08,Second Class,NP-18685,Nora Pelletier,Home Office,United States,Indianapolis,Indiana,46203,Central,TEC-CO-10002095,Technology,Copiers,Hewlett Packard 610 Color Digital Copier / Printer,999.98,2,0.0,449.991,True
4085,CA-2017-163692,2017-09-07,2017-09-09,First Class,Dp-13240,Dean percer,Home Office,United States,Phoenix,Arizona,85023,West,OFF-BI-10003291,Office Supplies,Binders,Wilson Jones Leather-Like Binders with DublLock Round Rings,7.857,3,0.7,-6.0237,False
4086,CA-2016-111913,2016-08-04,2016-08-06,Second Class,LC-16930,Linda Cazamias,Corporate,United States,Sacramento,California,95823,West,TEC-PH-10002275,Technology,Phones,Mitel 5320 IP Phone VoIP phone,302.384,2,0.2,30.2384,False
4087,CA-2016-111913,2016-08-04,2016-08-06,Second Class,LC-16930,Linda Cazamias,Corporate,United States,Sacramento,California,95823,West,OFF-BI-10003291,Office Supplies,Binders,Wilson Jones Leather-Like Binders with DublLock Round Rings,20.952,3,0.2,7.0713,False
4088,CA-2016-111913,2016-08-04,2016-08-06,Second Class,LC-16930,Linda Cazamias,Corporate,United States,Sacramento,California,95823,West,OFF-BI-10000343,Office Supplies,Binders,"Pressboard Covers with Storage Hooks, 9 1/2"" x 11"", Light Blue",11.784,3,0.2,3.9771,False
4090,CA-2016-161473,2016-04-01,2016-04-05,Standard Class,TB-21175,Thomas Boland,Corporate,United States,New York City,New York,10035,East,OFF-LA-10001297,Office Supplies,Labels,Avery 473,20.7,2,0.0,9.936,False
4091,CA-2016-161473,2016-04-01,2016-04-05,Standard Class,TB-21175,Thomas Boland,Corporate,United States,New York City,New York,10035,East,OFF-SU-10001574,Office Supplies,Supplies,Acme Value Line Scissors,10.95,3,0.0,3.285,False
4092,CA-2016-161473,2016-04-01,2016-04-05,Standard Class,TB-21175,Thomas Boland,Corporate,United States,New York City,New York,10035,East,OFF-BI-10003305,Office Supplies,Binders,Avery Hanging File Binders,14.352,3,0.2,4.6644,False
4108,CA-2015-105599,2015-09-07,2015-09-07,Same Day,MC-17275,Marc Crier,Consumer,United States,New York City,New York,10011,East,OFF-ST-10002486,Office Supplies,Storage,Eldon Shelf Savers Cubes and Bins,13.96,2,0.0,0.2792,False
4109,CA-2015-105599,2015-09-07,2015-09-07,Same Day,MC-17275,Marc Crier,Consumer,United States,New York City,New York,10011,East,FUR-TA-10003837,Furniture,Tables,Anderson Hickey Conga Table Tops & Accessories,27.414,3,0.4,-14.1639,False
4114,CA-2015-116687,2015-05-02,2015-05-07,Standard Class,NC-18625,Noah Childs,Corporate,United States,Houston,Texas,77095,Central,OFF-LA-10000443,Office Supplies,Labels,Avery 501,8.856,3,0.2,2.9889,False
4115,CA-2015-116687,2015-05-02,2015-05-07,Standard Class,NC-18625,Noah Childs,Corporate,United States,Houston,Texas,77095,Central,TEC-PH-10001750,Technology,Phones,Samsung Rugby III,158.376,3,0.2,13.8579,False
4121,CA-2017-117394,2017-09-04,2017-09-10,Standard Class,MM-17920,Michael Moore,Consumer,United States,Philadelphia,Pennsylvania,19120,East,TEC-AC-10000199,Technology,Accessories,Kingston Digital DataTraveler 8GB USB 2.0,19.04,4,0.2,-1.428,False
4122,CA-2017-133823,2017-05-11,2017-05-12,Same Day,LP-17080,Liz Pelletier,Consumer,United States,Seattle,Washington,98103,West,OFF-PA-10002870,Office Supplies,Paper,"Ampad Phone Message Book, Recycled, 400 Message Capacity, 5 ï¿½ï¿½ x 11ï¿½",37.44,6,0.0,16.848,False
4123,CA-2017-133823,2017-05-11,2017-05-12,Same Day,LP-17080,Liz Pelletier,Consumer,United States,Seattle,Washington,98103,West,OFF-LA-10004545,Office Supplies,Labels,Avery 50,37.59,3,0.0,17.6673,False
4124,CA-2017-133823,2017-05-11,2017-05-12,Same Day,LP-17080,Liz Pelletier,Consumer,United States,Seattle,Washington,98103,West,OFF-BI-10000962,Office Supplies,Binders,"Acco Flexible ACCOHIDE Square Ring Data Binder, Dark Blue, 11 1/2"" X 14"" 7/8""",26.032,2,0.2,9.4366,False
4127,CA-2017-156769,2017-05-06,2017-05-09,First Class,GZ-14470,Gary Zandusky,Consumer,United States,Arlington,Virginia,22204,South,OFF-AR-10003179,Office Supplies,Art,Dixon Ticonderoga Core-Lock Colored Pencils,54.66,6,0.0,18.0378,False
4132,CA-2015-111703,2015-07-02,2015-07-09,Standard Class,KB-16315,Karl Braun,Consumer,United States,Hollywood,Florida,33021,South,OFF-PA-10000349,Office Supplies,Paper,Easy-staple paper,11.952,3,0.2,4.0338,False
4133,CA-2015-111703,2015-07-02,2015-07-09,Standard Class,KB-16315,Karl Braun,Consumer,United States,Hollywood,Florida,33021,South,OFF-PA-10003349,Office Supplies,Paper,Xerox 1957,15.552,3,0.2,5.6376,False
4136,CA-2017-105914,2017-10-02,2017-10-08,Standard Class,PV-18985,Paul Van Hugh,Home Office,United States,Los Angeles,California,90036,West,OFF-BI-10002854,Office Supplies,Binders,"Performers Binder/Pad Holder, Black",112.12,5,0.2,42.045,False
4137,CA-2017-105914,2017-10-02,2017-10-08,Standard Class,PV-18985,Paul Van Hugh,Home Office,United States,Los Angeles,California,90036,West,OFF-ST-10003716,Office Supplies,Storage,Tennsco Double-Tier Lockers,1575.14,7,0.0,204.7682,True
4140,CA-2017-127313,2017-12-01,2017-12-04,First Class,RA-19285,Ralph Arnett,Consumer,United States,Philadelphia,Pennsylvania,19120,East,OFF-ST-10001228,Office Supplies,Storage,Personal File Boxes with Fold-Down Carry Handle,37.392,3,0.2,2.337,False
4141,CA-2017-127313,2017-12-01,2017-12-04,First Class,RA-19285,Ralph Arnett,Consumer,United States,Philadelphia,Pennsylvania,19120,East,FUR-FU-10003798,Furniture,Furnishings,"Ultra Door Kickplate, 8""H x 34""W",79.12,5,0.2,13.846,False
4152,CA-2017-100160,2017-09-07,2017-09-11,Standard Class,CB-12025,Cassandra Brandow,Consumer,United States,Philadelphia,Pennsylvania,19134,East,OFF-LA-10002475,Office Supplies,Labels,Avery 519,29.24,5,0.2,9.8685,False
4153,CA-2017-100160,2017-09-07,2017-09-11,Standard Class,CB-12025,Cassandra Brandow,Consumer,United States,Philadelphia,Pennsylvania,19134,East,OFF-PA-10003072,Office Supplies,Paper,"Eureka Recycled Copy Paper 8 1/2"" x 11"", Ream",15.552,3,0.2,5.4432,False
4154,CA-2017-100160,2017-09-07,2017-09-11,Standard Class,CB-12025,Cassandra Brandow,Consumer,United States,Philadelphia,Pennsylvania,19134,East,OFF-EN-10001509,Office Supplies,Envelopes,Poly String Tie Envelopes,4.896,3,0.2,1.6524,False
4157,CA-2015-101091,2015-12-05,2015-12-09,Second Class,SW-20245,Scot Wooten,Consumer,United States,Philadelphia,Pennsylvania,19140,East,TEC-AC-10003280,Technology,Accessories,Belkin F8E887 USB Wired Ergonomic Keyboard,47.984,2,0.2,0.5998,False
4158,CA-2015-101091,2015-12-05,2015-12-09,Second Class,SW-20245,Scot Wooten,Consumer,United States,Philadelphia,Pennsylvania,19140,East,OFF-BI-10001107,Office Supplies,Binders,"GBC White Gloss Covers, Plain Front",26.064,6,0.7,-19.9824,False
4159,CA-2014-126907,2014-11-01,2014-11-08,Standard Class,SM-20950,Suzanne McNair,Corporate,United States,Chicago,Illinois,60610,Central,OFF-PA-10000533,Office Supplies,Paper,Southworth Parchment Paper & Envelopes,15.696,3,0.2,5.1012,False
4173,CA-2016-152163,2016-07-01,2016-07-01,Same Day,JF-15355,Jay Fein,Consumer,United States,Columbia,South Carolina,29203,South,OFF-BI-10002215,Office Supplies,Binders,"Wilson Jones Hanging View Binder, White, 1""",14.2,2,0.0,6.532,False
4174,CA-2016-152163,2016-07-01,2016-07-01,Same Day,JF-15355,Jay Fein,Consumer,United States,Columbia,South Carolina,29203,South,OFF-PA-10000788,Office Supplies,Paper,Xerox 210,12.96,2,0.0,6.2208,False
4175,CA-2016-152163,2016-07-01,2016-07-01,Same Day,JF-15355,Jay Fein,Consumer,United States,Columbia,South Carolina,29203,South,OFF-BI-10003364,Office Supplies,Binders,Binding Machine Supplies,58.34,2,0.0,28.0032,False
4177,CA-2014-128846,2014-04-07,2014-04-12,Standard Class,RS-19765,Roland Schwarz,Corporate,United States,Columbia,South Carolina,29203,South,TEC-PH-10003273,Technology,Phones,AT&T TR1909W,629.95,5,0.0,163.787,True
4178,CA-2014-128846,2014-04-07,2014-04-12,Standard Class,RS-19765,Roland Schwarz,Corporate,United States,Columbia,South Carolina,29203,South,OFF-PA-10000100,Office Supplies,Paper,Xerox 1945,122.97,3,0.0,60.2553,False
4180,US-2017-119039,2017-03-06,2017-03-10,Standard Class,BF-11170,Ben Ferrer,Home Office,United States,San Francisco,California,94109,West,OFF-BI-10004182,Office Supplies,Binders,Economy Binders,14.976,9,0.2,5.4288,False
4181,CA-2017-128426,2017-10-07,2017-10-11,Standard Class,JK-15730,Joe Kamberova,Consumer,United States,Houston,Texas,77036,Central,OFF-BI-10000756,Office Supplies,Binders,Storex DuraTech Recycled Plastic Frosted Binders,4.24,5,0.8,-6.36,False
4182,US-2017-136868,2017-10-06,2017-10-12,Standard Class,CR-12820,Cyra Reiten,Home Office,United States,New York City,New York,10035,East,TEC-AC-10001539,Technology,Accessories,Logitech G430 Surround Sound Gaming Headset with Dolby 7.1 Technology,319.96,4,0.0,115.1856,False
4183,US-2017-136868,2017-10-06,2017-10-12,Standard Class,CR-12820,Cyra Reiten,Home Office,United States,New York City,New York,10035,East,OFF-PA-10002377,Office Supplies,Paper,"Adams Telephone Message Book W/Dividers/Space For Phone Numbers, 5 1/4""X8 1/2"", 200/Messages",17.04,3,0.0,7.668,False
4184,US-2017-136868,2017-10-06,2017-10-12,Standard Class,CR-12820,Cyra Reiten,Home Office,United States,New York City,New York,10035,East,OFF-ST-10000991,Office Supplies,Storage,Space Solutions HD Industrial Steel Shelving.,344.91,3,0.0,10.3473,False
4185,CA-2016-143749,2016-12-05,2016-12-07,First Class,AG-10300,Aleksandra Gannaway,Corporate,United States,Franklin,Massachusetts,2038,East,FUR-BO-10002853,Furniture,Bookcases,O'Sullivan 5-Shelf Heavy-Duty Bookcases,81.94,1,0.0,20.485,False
4192,CA-2015-129392,2015-07-08,2015-07-08,Same Day,DM-13015,Darrin Martin,Consumer,United States,Houston,Texas,77070,Central,OFF-PA-10004248,Office Supplies,Paper,Xerox 1990,21.12,5,0.2,6.6,False
4198,US-2016-161683,2016-12-03,2016-12-08,Standard Class,CJ-12010,Caroline Jumper,Consumer,United States,Philadelphia,Pennsylvania,19134,East,OFF-AP-10000179,Office Supplies,Appliances,Honeywell Enviracaire Portable HEPA Air Cleaner for up to 10 x 16 Room,394.816,4,0.2,93.7688,False
4199,US-2016-161683,2016-12-03,2016-12-08,Standard Class,CJ-12010,Caroline Jumper,Consumer,United States,Philadelphia,Pennsylvania,19134,East,OFF-BI-10001072,Office Supplies,Binders,"GBC Clear Cover, 8-1/2 x 11, unpunched, 25 covers per pack",18.192,4,0.7,-14.5536,False
4200,CA-2015-143105,2015-12-10,2015-12-10,Same Day,MA-17560,Matt Abelman,Home Office,United States,New York City,New York,10024,East,OFF-LA-10004093,Office Supplies,Labels,Avery 486,7.31,1,0.0,3.4357,False
4201,CA-2015-143105,2015-12-10,2015-12-10,Same Day,MA-17560,Matt Abelman,Home Office,United States,New York City,New York,10024,East,TEC-CO-10002095,Technology,Copiers,Hewlett Packard 610 Color Digital Copier / Printer,799.984,2,0.2,249.995,True
4202,CA-2015-143105,2015-12-10,2015-12-10,Same Day,MA-17560,Matt Abelman,Home Office,United States,New York City,New York,10024,East,OFF-PA-10002713,Office Supplies,Paper,"Adams Phone Message Book, 200 Message Capacity, 8 1/16ï¿½ x 11ï¿½",41.28,6,0.0,18.9888,False
4203,CA-2015-143105,2015-12-10,2015-12-10,Same Day,MA-17560,Matt Abelman,Home Office,United States,New York City,New York,10024,East,OFF-PA-10002254,Office Supplies,Paper,Xerox 1883,184.66,7,0.0,84.9436,False
4212,CA-2014-166457,2014-05-05,2014-05-09,Second Class,PF-19120,Peter Fuller,Consumer,United States,Richmond,Kentucky,40475,South,OFF-PA-10003016,Office Supplies,Paper,"Adams ""While You Were Out"" Message Pads",9.42,3,0.0,4.239,False
4213,CA-2014-166457,2014-05-05,2014-05-09,Second Class,PF-19120,Peter Fuller,Consumer,United States,Richmond,Kentucky,40475,South,OFF-AR-10003651,Office Supplies,Art,Newell 350,6.56,2,0.0,1.9024,False
4214,CA-2014-166457,2014-05-05,2014-05-09,Second Class,PF-19120,Peter Fuller,Consumer,United States,Richmond,Kentucky,40475,South,OFF-PA-10001363,Office Supplies,Paper,Xerox 1933,24.56,2,0.0,11.5432,False
4215,CA-2016-164637,2016-03-04,2016-03-08,Standard Class,RD-19480,Rick Duston,Consumer,United States,Mishawaka,Indiana,46544,Central,OFF-BI-10003876,Office Supplies,Binders,"Green Canvas Binder for 8-1/2"" x 14"" Sheets",128.4,3,0.0,64.2,False
4218,CA-2017-149881,2017-04-01,2017-04-03,First Class,NC-18535,Nick Crebassa,Corporate,United States,San Francisco,California,94110,West,FUR-BO-10003894,Furniture,Bookcases,"Safco Value Mate Steel Bookcase, Baked Enamel Finish on Steel, Black",482.664,8,0.15,85.176,True
4219,CA-2017-149881,2017-04-01,2017-04-03,First Class,NC-18535,Nick Crebassa,Corporate,United States,San Francisco,California,94110,West,TEC-MA-10000418,Technology,Machines,Cubify CubeX 3D Printer Double Head Print,4799.984,2,0.2,359.9988,True
4228,CA-2015-154970,2015-01-05,2015-01-10,Standard Class,SR-20740,Steven Roelle,Home Office,United States,Seattle,Washington,98103,West,FUR-CH-10003396,Furniture,Chairs,Global Deluxe Steno Chair,61.584,1,0.2,-6.9282,False
4230,CA-2017-100223,2017-07-05,2017-07-10,Standard Class,LS-16945,Linda Southworth,Corporate,United States,Dallas,Texas,75220,Central,FUR-FU-10003601,Furniture,Furnishings,"Deflect-o RollaMat Studded, Beveled Mat for Medium Pile Carpeting",332.028,9,0.6,-348.6294,False
4231,CA-2017-100223,2017-07-05,2017-07-10,Standard Class,LS-16945,Linda Southworth,Corporate,United States,Dallas,Texas,75220,Central,OFF-BI-10003429,Office Supplies,Binders,"Cardinal HOLDit! Binder Insert Strips,Extra Strips",11.394,9,0.8,-17.6607,False
4232,CA-2017-100223,2017-07-05,2017-07-10,Standard Class,LS-16945,Linda Southworth,Corporate,United States,Dallas,Texas,75220,Central,OFF-PA-10000232,Office Supplies,Paper,Xerox 1975,15.552,3,0.2,5.6376,False
4233,CA-2017-100223,2017-07-05,2017-07-10,Standard Class,LS-16945,Linda Southworth,Corporate,United States,Dallas,Texas,75220,Central,OFF-PA-10002195,Office Supplies,Paper,Xerox 1966,31.104,6,0.2,11.2752,False
4234,CA-2017-100223,2017-07-05,2017-07-10,Standard Class,LS-16945,Linda Southworth,Corporate,United States,Dallas,Texas,75220,Central,OFF-BI-10004492,Office Supplies,Binders,Tuf-Vin Binders,6.316,1,0.8,-10.4214,False
4243,CA-2016-159142,2016-04-04,2016-04-05,First Class,ME-17320,Maria Etezadi,Home Office,United States,Springfield,Virginia,22153,South,TEC-PH-10001448,Technology,Phones,Anker Astro 15000mAh USB Portable Charger,149.97,3,0.0,5.9988,False
4244,CA-2016-159142,2016-04-04,2016-04-05,First Class,ME-17320,Maria Etezadi,Home Office,United States,Springfield,Virginia,22153,South,OFF-PA-10001776,Office Supplies,Paper,"Wirebound Message Books, Four 2 3/4"" x 5"" Forms per Page, 600 Sets per Book",27.81,3,0.0,13.0707,False
4249,CA-2016-157336,2016-12-01,2016-12-05,Second Class,SJ-20500,Shirley Jackson,Consumer,United States,Fairfield,Connecticut,6824,East,OFF-BI-10004236,Office Supplies,Binders,"XtraLife ClearVue Slant-D Ring Binder, White, 3""",88.08,6,0.0,40.5168,False
4250,CA-2016-157336,2016-12-01,2016-12-05,Second Class,SJ-20500,Shirley Jackson,Consumer,United States,Fairfield,Connecticut,6824,East,FUR-CH-10004997,Furniture,Chairs,Hon Every-Day Series Multi-Task Chairs,751.92,4,0.0,150.384,True
4258,CA-2015-101924,2015-09-04,2015-09-09,Standard Class,KB-16585,Ken Black,Corporate,United States,Medford,Oregon,97504,West,OFF-BI-10000962,Office Supplies,Binders,"Acco Flexible ACCOHIDE Square Ring Data Binder, Dark Blue, 11 1/2"" X 14"" 7/8""",9.762,2,0.7,-6.8334,False
4262,CA-2017-158344,2017-08-07,2017-08-11,Standard Class,CC-12475,Cindy Chapman,Consumer,United States,Moorhead,Minnesota,56560,Central,TEC-AC-10002006,Technology,Accessories,Memorex Micro Travel Drive 16 GB,63.96,4,0.0,19.8276,False
4264,CA-2017-110429,2017-11-03,2017-11-08,Standard Class,DM-13015,Darrin Martin,Consumer,United States,Philadelphia,Pennsylvania,19143,East,OFF-BI-10000216,Office Supplies,Binders,"Mead 1st Gear 2"" Zipper Binder, Asst. Colors",11.673,3,0.7,-7.782,False
4265,US-2016-131611,2016-11-05,2016-11-09,Standard Class,EP-13915,Emily Phan,Consumer,United States,Houston,Texas,77036,Central,FUR-TA-10002774,Furniture,Tables,Laminate Occasional Tables,863.128,8,0.3,-160.2952,True
4266,US-2016-131611,2016-11-05,2016-11-09,Standard Class,EP-13915,Emily Phan,Consumer,United States,Houston,Texas,77036,Central,OFF-BI-10004364,Office Supplies,Binders,Storex Dura Pro Binders,3.564,3,0.8,-6.237,False
4267,US-2016-131611,2016-11-05,2016-11-09,Standard Class,EP-13915,Emily Phan,Consumer,United States,Houston,Texas,77036,Central,FUR-BO-10000780,Furniture,Bookcases,O'Sullivan Plantations 2-Door Library in Landvery Oak,956.6648,7,0.32,-225.0976,True
4268,US-2016-131611,2016-11-05,2016-11-09,Standard Class,EP-13915,Emily Phan,Consumer,United States,Houston,Texas,77036,Central,OFF-BI-10001989,Office Supplies,Binders,Premium Transparent Presentation Covers by GBC,12.588,3,0.8,-20.1408,False
4269,US-2016-131611,2016-11-05,2016-11-09,Standard Class,EP-13915,Emily Phan,Consumer,United States,Houston,Texas,77036,Central,TEC-AC-10004001,Technology,Accessories,Logitech Wireless Headset H600 Over-The-Head Design,171.96,5,0.2,45.1395,False
4296,CA-2017-169124,2017-07-03,2017-07-10,Standard Class,MB-17305,Maria Bertelson,Consumer,United States,Citrus Heights,California,95610,West,FUR-FU-10001215,Furniture,Furnishings,"Howard Miller 11-1/2"" Diameter Brentwood Wall Clock",129.39,3,0.0,54.3438,False
4297,CA-2017-117261,2017-09-04,2017-09-10,Standard Class,TH-21235,Tiffany House,Corporate,United States,Los Angeles,California,90032,West,OFF-ST-10000419,Office Supplies,Storage,"Rogers Jumbo File, Granite",54.32,4,0.0,0.5432,False
4304,CA-2016-121601,2016-10-04,2016-10-04,Same Day,MO-17500,Mary O'Rourke,Consumer,United States,The Colony,Texas,75056,Central,OFF-EN-10003862,Office Supplies,Envelopes,Laser & Ink Jet Business Envelopes,59.752,7,0.2,19.4194,False
4309,CA-2014-125829,2014-11-04,2014-11-11,Standard Class,WB-21850,William Brown,Consumer,United States,Los Angeles,California,90045,West,TEC-PH-10001079,Technology,Phones,Polycom SoundPoint Pro SE-225 Corded phone,666.344,7,0.2,66.6344,True
4310,CA-2014-125829,2014-11-04,2014-11-11,Standard Class,WB-21850,William Brown,Consumer,United States,Los Angeles,California,90045,West,FUR-TA-10002041,Furniture,Tables,"Bevis Round Conference Table Top, X-Base",573.728,4,0.2,-64.5444,True
4311,CA-2014-125829,2014-11-04,2014-11-11,Standard Class,WB-21850,William Brown,Consumer,United States,Los Angeles,California,90045,West,OFF-BI-10001036,Office Supplies,Binders,Cardinal EasyOpen D-Ring Binders,21.936,3,0.2,8.226,False
4312,CA-2014-125829,2014-11-04,2014-11-11,Standard Class,WB-21850,William Brown,Consumer,United States,Los Angeles,California,90045,West,OFF-PA-10000223,Office Supplies,Paper,Xerox 2000,19.44,3,0.0,9.3312,False
4313,CA-2014-125829,2014-11-04,2014-11-11,Standard Class,WB-21850,William Brown,Consumer,United States,Los Angeles,California,90045,West,TEC-MA-10003246,Technology,Machines,Hewlett-Packard Deskjet D4360 Printer,447.968,4,0.2,139.99,False
4314,CA-2014-123127,2014-09-08,2014-09-12,Standard Class,SP-20620,Stefania Perrino,Corporate,United States,Long Beach,New York,11561,East,OFF-AP-10001962,Office Supplies,Appliances,Black & Decker Filter for Double Action Dustbuster Cordless Vac BLDV7210,16.78,2,0.0,4.195,False
4319,US-2017-136189,2017-12-07,2017-12-11,Standard Class,DC-13285,Debra Catini,Consumer,United States,Richmond,Virginia,23223,South,FUR-FU-10000175,Furniture,Furnishings,DAX Wood Document Frame.,82.38,6,0.0,25.5378,False
4329,CA-2017-118360,2017-04-01,2017-04-07,Standard Class,JC-15775,John Castell,Consumer,United States,New York City,New York,10011,East,OFF-PA-10000791,Office Supplies,Paper,"Wirebound Message Books, Four 2 3/4 x 5 Forms per Page, 200 Sets per Book",42.93,9,0.0,19.3185,False
4330,CA-2017-149853,2017-10-03,2017-10-09,Standard Class,PO-18850,Patrick O'Brill,Consumer,United States,Hialeah,Florida,33012,South,OFF-PA-10000556,Office Supplies,Paper,Xerox 208,15.552,3,0.2,5.4432,False
4331,CA-2017-149853,2017-10-03,2017-10-09,Standard Class,PO-18850,Patrick O'Brill,Consumer,United States,Hialeah,Florida,33012,South,OFF-AP-10000804,Office Supplies,Appliances,Hoover Portapower Portable Vacuum,17.92,5,0.2,1.12,False
4332,CA-2017-107909,2017-09-01,2017-09-06,Standard Class,SS-20875,Sung Shariari,Consumer,United States,Redmond,Washington,98052,West,TEC-AC-10001998,Technology,Accessories,Logitechï¿½LS21 Speaker System - PC Multimedia - 2.1-CH - Wired,19.99,1,0.0,6.7966,False
4333,CA-2017-107909,2017-09-01,2017-09-06,Standard Class,SS-20875,Sung Shariari,Consumer,United States,Redmond,Washington,98052,West,OFF-BI-10003476,Office Supplies,Binders,Avery Metallic Poly Binders,22.92,5,0.2,8.022,False
4353,CA-2017-107748,2017-12-10,2017-12-12,Second Class,AG-10330,Alex Grayson,Consumer,United States,Stockton,California,95207,West,TEC-PH-10003215,Technology,Phones,Jackery Bar Premium Fast-charging Portable Charger,95.84,4,0.2,34.742,False
4354,CA-2017-107748,2017-12-10,2017-12-12,Second Class,AG-10330,Alex Grayson,Consumer,United States,Stockton,California,95207,West,OFF-PA-10002005,Office Supplies,Paper,Xerox 225,12.96,2,0.0,6.2208,False
4356,CA-2015-155600,2015-12-04,2015-12-07,Second Class,RO-19780,Rose O'Brian,Consumer,United States,Clarksville,Tennessee,37042,South,OFF-BI-10000545,Office Supplies,Binders,GBC Ibimaster 500 Manual ProClick Binding System,1598.058,7,0.7,-1065.372,True
4357,CA-2015-155600,2015-12-04,2015-12-07,Second Class,RO-19780,Rose O'Brian,Consumer,United States,Clarksville,Tennessee,37042,South,OFF-AR-10003752,Office Supplies,Art,Deluxe Chalkboard Eraser Cleaner,36.96,4,0.2,12.012,False
4358,CA-2017-162565,2017-12-11,2017-12-11,Same Day,RR-19315,Ralph Ritter,Consumer,United States,Aurora,Illinois,60505,Central,OFF-PA-10001937,Office Supplies,Paper,Xerox 21,10.368,2,0.2,3.6288,False
4359,CA-2017-162565,2017-12-11,2017-12-11,Same Day,RR-19315,Ralph Ritter,Consumer,United States,Aurora,Illinois,60505,Central,FUR-FU-10004306,Furniture,Furnishings,Electrix Halogen Magnifier Lamp,77.72,1,0.6,-66.062,False
4360,CA-2017-162565,2017-12-11,2017-12-11,Same Day,RR-19315,Ralph Ritter,Consumer,United States,Aurora,Illinois,60505,Central,FUR-CH-10003973,Furniture,Chairs,GuestStacker Chair with Chrome Finish Legs,520.464,2,0.3,-14.8704,True
4370,US-2016-165078,2016-11-05,2016-11-10,Standard Class,MA-17995,Michelle Arnett,Home Office,United States,Lawrence,Indiana,46226,Central,OFF-BI-10001989,Office Supplies,Binders,Premium Transparent Presentation Covers by GBC,104.9,5,0.0,50.352,False
4371,US-2016-165078,2016-11-05,2016-11-10,Standard Class,MA-17995,Michelle Arnett,Home Office,United States,Lawrence,Indiana,46226,Central,OFF-AR-10002987,Office Supplies,Art,Prismacolor Color Pencil Set,39.68,2,0.0,16.2688,False
4372,US-2016-165078,2016-11-05,2016-11-10,Standard Class,MA-17995,Michelle Arnett,Home Office,United States,Lawrence,Indiana,46226,Central,OFF-LA-10000414,Office Supplies,Labels,Avery 503,51.75,5,0.0,24.84,False
4393,CA-2016-108868,2016-09-08,2016-09-12,Standard Class,KB-16585,Ken Black,Corporate,United States,Dallas,Texas,75081,Central,OFF-AR-10001953,Office Supplies,Art,Boston 1645 Deluxe Heavier-Duty Electric Pencil Sharpener,70.368,2,0.2,6.1572,False
4394,CA-2016-108868,2016-09-08,2016-09-12,Standard Class,KB-16585,Ken Black,Corporate,United States,Dallas,Texas,75081,Central,TEC-PH-10000923,Technology,Phones,"Belkin SportFit Armband For iPhone 5s/5c, Fuchsia",59.96,5,0.2,21.7355,False
4398,US-2014-138758,2014-07-07,2014-07-11,Standard Class,JL-15835,John Lee,Consumer,United States,Philadelphia,Pennsylvania,19120,East,FUR-CH-10002880,Furniture,Chairs,"Global High-Back Leather Tilter, Burgundy",172.186,2,0.3,-46.7362,False
4399,US-2014-138758,2014-07-07,2014-07-11,Standard Class,JL-15835,John Lee,Consumer,United States,Philadelphia,Pennsylvania,19120,East,FUR-FU-10003039,Furniture,Furnishings,"Howard Miller 11-1/2"" Diameter Grantwood Wall Clock",69.008,2,0.2,12.0764,False
4404,CA-2014-127936,2014-09-02,2014-09-04,First Class,CL-12565,Clay Ludtke,Consumer,United States,New York City,New York,10009,East,OFF-AR-10002445,Office Supplies,Art,SANFORD Major Accent Highlighters,21.24,3,0.0,8.0712,False
4405,CA-2015-164336,2015-07-05,2015-07-10,Standard Class,MW-18220,Mitch Webber,Consumer,United States,Philadelphia,Pennsylvania,19140,East,TEC-AC-10002345,Technology,Accessories,HP Standard 104 key PS/2 Keyboard,34.8,3,0.2,2.175,False
4406,CA-2015-164336,2015-07-05,2015-07-10,Standard Class,MW-18220,Mitch Webber,Consumer,United States,Philadelphia,Pennsylvania,19140,East,OFF-ST-10001558,Office Supplies,Storage,Acco Perma 4000 Stacking Storage Drawers,38.976,3,0.2,-2.436,False
4410,US-2014-154879,2014-05-06,2014-05-11,Standard Class,SN-20710,Steve Nguyen,Home Office,United States,Los Angeles,California,90004,West,OFF-LA-10004425,Office Supplies,Labels,Staple-on labels,5.78,2,0.0,2.7166,False
4411,US-2014-154879,2014-05-06,2014-05-11,Standard Class,SN-20710,Steve Nguyen,Home Office,United States,Los Angeles,California,90004,West,OFF-AR-10001897,Office Supplies,Art,Model L Table or Wall-Mount Pencil Sharpener,107.94,6,0.0,30.2232,False
4418,CA-2017-112900,2017-04-09,2017-04-12,Second Class,KL-16645,Ken Lonsdale,Consumer,United States,Detroit,Michigan,48205,Central,OFF-BI-10002867,Office Supplies,Binders,GBC Recycled Regency Composition Covers,478.24,8,0.0,219.9904,True
4422,CA-2014-117016,2014-03-04,2014-03-09,Standard Class,SC-20095,Sanjit Chand,Consumer,United States,Margate,Florida,33063,South,OFF-AR-10001374,Office Supplies,Art,"BIC Brite Liner Highlighters, Chisel Tip",15.552,3,0.2,2.3328,False
4431,CA-2016-168893,2016-11-03,2016-11-08,Second Class,AP-10915,Arthur Prichep,Consumer,United States,Henderson,Kentucky,42420,South,OFF-FA-10002280,Office Supplies,Fasteners,Advantus Plastic Paper Clips,20.0,4,0.0,9.6,False
4432,CA-2016-168893,2016-11-03,2016-11-08,Second Class,AP-10915,Arthur Prichep,Consumer,United States,Henderson,Kentucky,42420,South,OFF-AR-10001770,Office Supplies,Art,Economy #2 Pencils,7.98,3,0.0,2.0748,False
4433,CA-2016-168893,2016-11-03,2016-11-08,Second Class,AP-10915,Arthur Prichep,Consumer,United States,Henderson,Kentucky,42420,South,FUR-FU-10002885,Furniture,Furnishings,Magna Visual Magnetic Picture Hangers,24.1,5,0.0,9.158,False
4434,CA-2016-168893,2016-11-03,2016-11-08,Second Class,AP-10915,Arthur Prichep,Consumer,United States,Henderson,Kentucky,42420,South,OFF-AR-10003772,Office Supplies,Art,Boston 16750 Black Compact Battery Pencil Sharpener,8.75,1,0.0,2.625,False
4435,CA-2016-168893,2016-11-03,2016-11-08,Second Class,AP-10915,Arthur Prichep,Consumer,United States,Henderson,Kentucky,42420,South,FUR-TA-10003392,Furniture,Tables,Global Adaptabilities Conference Tables,842.94,3,0.0,160.1586,True
4436,CA-2016-163398,2016-05-03,2016-05-08,Standard Class,CB-12415,Christy Brittain,Consumer,United States,Chicago,Illinois,60653,Central,OFF-BI-10000014,Office Supplies,Binders,Heavy-Duty E-Z-D Binders,2.182,1,0.8,-3.6003,False
4437,CA-2016-163398,2016-05-03,2016-05-08,Standard Class,CB-12415,Christy Brittain,Consumer,United States,Chicago,Illinois,60653,Central,OFF-AR-10003217,Office Supplies,Art,Newell 316,27.384,7,0.2,2.7384,False
4438,CA-2016-163398,2016-05-03,2016-05-08,Standard Class,CB-12415,Christy Brittain,Consumer,United States,Chicago,Illinois,60653,Central,OFF-AP-10002403,Office Supplies,Appliances,Acco Smartsocket Color-Coded Six-Outlet AC Adapter Model Surge Protectors,26.406,3,0.8,-71.2962,False
4452,CA-2016-147137,2016-07-04,2016-07-06,First Class,AA-10645,Anna Andreadi,Consumer,United States,San Francisco,California,94109,West,FUR-FU-10000221,Furniture,Furnishings,"Master Caster Door Stop, Brown",25.4,5,0.0,8.636,False
4453,CA-2016-147137,2016-07-04,2016-07-06,First Class,AA-10645,Anna Andreadi,Consumer,United States,San Francisco,California,94109,West,OFF-EN-10003567,Office Supplies,Envelopes,"Inter-Office Recycled Envelopes, Brown Kraft, Button-String,10"" x 13"" , 100/Box",43.96,2,0.0,20.6612,False
4454,CA-2016-147137,2016-07-04,2016-07-06,First Class,AA-10645,Anna Andreadi,Consumer,United States,San Francisco,California,94109,West,FUR-BO-10001811,Furniture,Bookcases,"Atlantic Metals Mobile 5-Shelf Bookcases, Custom Colors",1279.165,5,0.15,225.735,True
4455,CA-2016-147137,2016-07-04,2016-07-06,First Class,AA-10645,Anna Andreadi,Consumer,United States,San Francisco,California,94109,West,OFF-ST-10002486,Office Supplies,Storage,Eldon Shelf Savers Cubes and Bins,27.92,4,0.0,0.5584,False
4456,US-2015-146745,2015-09-03,2015-09-08,Standard Class,AS-10630,Ann Steele,Home Office,United States,San Francisco,California,94110,West,FUR-CH-10002372,Furniture,Chairs,Office Star - Ergonomically Designed Knee Chair,129.568,2,0.2,-12.9568,False
4457,US-2015-146745,2015-09-03,2015-09-08,Standard Class,AS-10630,Ann Steele,Home Office,United States,San Francisco,California,94110,West,OFF-BI-10003274,Office Supplies,Binders,"Avery Durable Slant Ring Binders, No Labels",6.368,2,0.2,2.1492,False
4458,CA-2017-115175,2017-08-07,2017-08-12,Standard Class,MC-17575,Matt Collins,Consumer,United States,San Jose,California,95123,West,OFF-PA-10001878,Office Supplies,Paper,Xerox 1891,244.55,5,0.0,114.9385,False
4466,CA-2015-163895,2015-08-07,2015-08-11,Standard Class,NS-18640,Noel Staavos,Corporate,United States,Boise,Idaho,83704,West,OFF-BI-10004970,Office Supplies,Binders,"ACCOHIDE 3-Ring Binder, Blue, 1""",3.304,1,0.2,1.1151,False
4471,CA-2017-156895,2017-05-08,2017-05-12,Standard Class,DJ-13510,Don Jones,Corporate,United States,Philadelphia,Pennsylvania,19140,East,FUR-CH-10003535,Furniture,Chairs,"Global Armless Task Chair, Royal Blue",128.058,3,0.3,-23.7822,False
4481,CA-2016-109365,2016-11-03,2016-11-08,Standard Class,XP-21865,Xylona Preis,Consumer,United States,Los Angeles,California,90049,West,OFF-FA-10001561,Office Supplies,Fasteners,Stockwell Push Pins,15.26,7,0.0,5.0358,False
4482,CA-2016-109365,2016-11-03,2016-11-08,Standard Class,XP-21865,Xylona Preis,Consumer,United States,Los Angeles,California,90049,West,OFF-AP-10002998,Office Supplies,Appliances,Holmes 99% HEPA Air Purifier,43.32,2,0.0,14.2956,False
4483,CA-2016-109365,2016-11-03,2016-11-08,Standard Class,XP-21865,Xylona Preis,Consumer,United States,Los Angeles,California,90049,West,OFF-BI-10003981,Office Supplies,Binders,"Avery Durable Plastic 1"" Binders",43.584,12,0.2,15.7992,False
4484,CA-2016-109365,2016-11-03,2016-11-08,Standard Class,XP-21865,Xylona Preis,Consumer,United States,Los Angeles,California,90049,West,OFF-PA-10001725,Office Supplies,Paper,Xerox 1892,116.28,3,0.0,56.9772,False
4485,CA-2016-109365,2016-11-03,2016-11-08,Standard Class,XP-21865,Xylona Preis,Consumer,United States,Los Angeles,California,90049,West,OFF-BI-10002071,Office Supplies,Binders,Fellowes Black Plastic Comb Bindings,9.296,2,0.2,3.0212,False
4486,CA-2016-109365,2016-11-03,2016-11-08,Standard Class,XP-21865,Xylona Preis,Consumer,United States,Los Angeles,California,90049,West,OFF-PA-10000477,Office Supplies,Paper,Xerox 22,19.44,3,0.0,9.3312,False
4487,CA-2016-109365,2016-11-03,2016-11-08,Standard Class,XP-21865,Xylona Preis,Consumer,United States,Los Angeles,California,90049,West,OFF-PA-10004359,Office Supplies,Paper,Multicolor Computer Printout Paper,314.55,3,0.0,150.984,False
4488,CA-2015-162621,2015-09-05,2015-09-11,Standard Class,CA-12055,Cathy Armstrong,Home Office,United States,Houston,Texas,77036,Central,OFF-BI-10000962,Office Supplies,Binders,"Acco Flexible ACCOHIDE Square Ring Data Binder, Dark Blue, 11 1/2"" X 14"" 7/8""",16.27,5,0.8,-25.2185,False
4489,CA-2015-162621,2015-09-05,2015-09-11,Standard Class,CA-12055,Cathy Armstrong,Home Office,United States,Houston,Texas,77036,Central,OFF-SU-10003567,Office Supplies,Supplies,Stiletto Hand Letter Openers,69.12,9,0.2,-14.688,False
4490,CA-2015-162621,2015-09-05,2015-09-11,Standard Class,CA-12055,Cathy Armstrong,Home Office,United States,Houston,Texas,77036,Central,OFF-BI-10003708,Office Supplies,Binders,"Acco Four Pocket Poly Ring Binder with Label Holder, Smoke, 1""",4.47,3,0.8,-7.8225,False
4492,CA-2014-150798,2014-12-01,2014-12-03,Second Class,JK-15730,Joe Kamberova,Consumer,United States,Columbus,Ohio,43229,East,TEC-CO-10001571,Technology,Copiers,Sharp 1540cs Digital Laser Copier,659.988,2,0.4,109.998,True
4493,CA-2014-150798,2014-12-01,2014-12-03,Second Class,JK-15730,Joe Kamberova,Consumer,United States,Columbus,Ohio,43229,East,FUR-FU-10000221,Furniture,Furnishings,"Master Caster Door Stop, Brown",8.128,2,0.2,1.4224,False
4494,CA-2014-150798,2014-12-01,2014-12-03,Second Class,JK-15730,Joe Kamberova,Consumer,United States,Columbus,Ohio,43229,East,OFF-PA-10001972,Office Supplies,Paper,Xerox 214,36.288,7,0.2,12.7008,False
4495,CA-2014-150798,2014-12-01,2014-12-03,Second Class,JK-15730,Joe Kamberova,Consumer,United States,Columbus,Ohio,43229,East,FUR-CH-10000015,Furniture,Chairs,Hon Multipurpose Stacking Arm Chairs,909.72,6,0.3,-51.984,True
4498,CA-2017-155075,2017-12-02,2017-12-09,Standard Class,GW-14605,Giulietta Weimer,Consumer,United States,Philadelphia,Pennsylvania,19140,East,OFF-BI-10003650,Office Supplies,Binders,GBC DocuBind 300 Electric Binding Machine,631.176,4,0.7,-462.8624,True
4513,CA-2016-118969,2016-10-02,2016-10-03,First Class,LP-17095,Liz Preis,Consumer,United States,Phoenix,Arizona,85023,West,OFF-BI-10002429,Office Supplies,Binders,"Premier Elliptical Ring Binder, Black",54.792,6,0.7,-40.1808,False
4514,CA-2016-145240,2016-09-06,2016-09-08,First Class,BG-11740,Bruce Geld,Consumer,United States,Houston,Texas,77070,Central,OFF-ST-10001590,Office Supplies,Storage,"Tenex Personal Project File with Scoop Front Design, Black",10.784,1,0.2,0.8088,False
4524,CA-2014-107454,2014-11-02,2014-11-06,Standard Class,RD-19720,Roger Demir,Consumer,United States,New York City,New York,10024,East,OFF-LA-10001569,Office Supplies,Labels,Avery 499,34.86,7,0.0,16.0356,False
4525,CA-2014-107454,2014-11-02,2014-11-06,Standard Class,RD-19720,Roger Demir,Consumer,United States,New York City,New York,10024,East,FUR-FU-10004018,Furniture,Furnishings,Tensor Computer Mounted Lamp,89.34,6,0.0,24.1218,False
4529,CA-2017-152856,2017-09-08,2017-09-10,Second Class,RS-19765,Roland Schwarz,Corporate,United States,Marion,Ohio,43302,East,TEC-AC-10004864,Technology,Accessories,Memorex Micro Travel Drive 32 GB,116.832,4,0.2,33.5892,False
4533,CA-2014-140403,2014-10-10,2014-10-10,Same Day,TN-21040,Tanja Norvell,Home Office,United States,Manteca,California,95336,West,FUR-CH-10002774,Furniture,Chairs,"Global Deluxe Stacking Chair, Gray",122.352,3,0.2,13.7646,False
4534,CA-2014-140403,2014-10-10,2014-10-10,Same Day,TN-21040,Tanja Norvell,Home Office,United States,Manteca,California,95336,West,OFF-EN-10001219,Office Supplies,Envelopes,"#10- 4 1/8"" x 9 1/2"" Security-Tint Envelopes",15.28,2,0.0,7.4872,False
4536,CA-2017-138464,2017-07-08,2017-07-12,Standard Class,VF-21715,Vicky Freymann,Home Office,United States,Seattle,Washington,98115,West,FUR-FU-10003142,Furniture,Furnishings,"Master Big Foot Doorstop, Beige",15.84,3,0.0,4.9104,False
4537,CA-2017-138464,2017-07-08,2017-07-12,Standard Class,VF-21715,Vicky Freymann,Home Office,United States,Seattle,Washington,98115,West,OFF-BI-10001543,Office Supplies,Binders,GBC VeloBinder Manual Binding System,86.376,3,0.2,30.2316,False
4538,CA-2017-138464,2017-07-08,2017-07-12,Standard Class,VF-21715,Vicky Freymann,Home Office,United States,Seattle,Washington,98115,West,OFF-AR-10003560,Office Supplies,Art,Zebra Zazzle Fluorescent Highlighters,18.24,3,0.0,6.2016,False
4539,CA-2017-138464,2017-07-08,2017-07-12,Standard Class,VF-21715,Vicky Freymann,Home Office,United States,Seattle,Washington,98115,West,OFF-AR-10004757,Office Supplies,Art,Crayola Colored Pencils,13.12,4,0.0,4.3296,False
4560,CA-2014-110219,2014-05-05,2014-05-08,First Class,EB-13870,Emily Burns,Consumer,United States,San Antonio,Texas,78207,Central,FUR-CH-10001146,Furniture,Chairs,"Global Value Mid-Back Manager's Chair, Gray",127.869,3,0.3,-9.1335,False
4561,CA-2015-118871,2015-12-04,2015-12-09,Second Class,HM-14860,Harry Marie,Corporate,United States,Los Angeles,California,90049,West,OFF-EN-10003296,Office Supplies,Envelopes,Tyvek Side-Opening Peel & Seel Expanding Envelopes,271.44,3,0.0,122.148,False
4562,CA-2015-118871,2015-12-04,2015-12-09,Second Class,HM-14860,Harry Marie,Corporate,United States,Los Angeles,California,90049,West,TEC-PH-10000193,Technology,Phones,Jensen SMPS-640 -ï¿½speaker phone,110.352,3,0.2,8.2764,False
4563,CA-2015-118871,2015-12-04,2015-12-09,Second Class,HM-14860,Harry Marie,Corporate,United States,Los Angeles,California,90049,West,FUR-FU-10002111,Furniture,Furnishings,"Master Caster Door Stop, Large Brown",36.4,5,0.0,13.832,False
4566,US-2017-149510,2017-12-03,2017-12-10,Standard Class,MC-17575,Matt Collins,Consumer,United States,Fayetteville,North Carolina,28314,South,OFF-AP-10002350,Office Supplies,Appliances,Belkin F9H710-06 7 Outlet SurgeMaster Surge Protector,45.216,3,0.2,4.5216,False
4567,US-2017-149510,2017-12-03,2017-12-10,Standard Class,MC-17575,Matt Collins,Consumer,United States,Fayetteville,North Carolina,28314,South,OFF-BI-10004233,Office Supplies,Binders,"GBC Pre-Punched Binding Paper, Plastic, White, 8-1/2"" x 11""",28.782,6,0.7,-21.1068,False
4568,US-2017-149510,2017-12-03,2017-12-10,Standard Class,MC-17575,Matt Collins,Consumer,United States,Fayetteville,North Carolina,28314,South,OFF-PA-10001892,Office Supplies,Paper,"Rediform Wirebound ""Phone Memo"" Message Book, 11 x 5-3/4",24.448,4,0.2,8.8624,False
4583,CA-2016-121993,2016-06-10,2016-06-12,First Class,JB-16000,Joy Bell-,Consumer,United States,Philadelphia,Pennsylvania,19140,East,OFF-LA-10003720,Office Supplies,Labels,Avery 487,23.616,8,0.2,7.9704,False
4585,US-2017-163790,2017-11-02,2017-11-04,Second Class,NL-18310,Nancy Lomonaco,Home Office,United States,Danville,California,94526,West,OFF-EN-10001335,Office Supplies,Envelopes,"White Business Envelopes with Contemporary Seam, Recycled White Business Envelopes",76.58,7,0.0,38.29,False
4586,US-2017-163790,2017-11-02,2017-11-04,Second Class,NL-18310,Nancy Lomonaco,Home Office,United States,Danville,California,94526,West,OFF-AR-10003469,Office Supplies,Art,Nontoxic Chalk,8.8,5,0.0,4.224,False
4587,US-2017-163790,2017-11-02,2017-11-04,Second Class,NL-18310,Nancy Lomonaco,Home Office,United States,Danville,California,94526,West,OFF-BI-10003718,Office Supplies,Binders,GBC Therma-A-Bind 250T Electric Binding System,590.352,6,0.2,206.6232,True
4588,US-2017-163790,2017-11-02,2017-11-04,Second Class,NL-18310,Nancy Lomonaco,Home Office,United States,Danville,California,94526,West,OFF-FA-10004838,Office Supplies,Fasteners,"Super Bands, 12/Pack",5.58,3,0.0,0.1674,False
4589,US-2017-163790,2017-11-02,2017-11-04,Second Class,NL-18310,Nancy Lomonaco,Home Office,United States,Danville,California,94526,West,FUR-FU-10002508,Furniture,Furnishings,Document Clip Frames,25.02,3,0.0,10.5084,False
4590,US-2017-163790,2017-11-02,2017-11-04,Second Class,NL-18310,Nancy Lomonaco,Home Office,United States,Danville,California,94526,West,OFF-ST-10001511,Office Supplies,Storage,Space Solutions Commercial Steel Shelving,452.55,7,0.0,22.6275,False
4597,CA-2016-140564,2016-12-05,2016-12-10,Second Class,TC-21475,Tony Chapman,Home Office,United States,Washington,District of Columbia,20016,East,OFF-AR-10000034,Office Supplies,Art,"BIC Brite Liner Grip Highlighters, Assorted, 5/Pack",33.92,8,0.0,13.2288,False
4615,CA-2016-144540,2016-09-05,2016-09-10,Standard Class,GH-14410,Gary Hansen,Home Office,United States,Houston,Texas,77070,Central,OFF-AP-10002457,Office Supplies,Appliances,"Eureka The Boss Plus 12-Amp Hard Box Upright Vacuum, Red",62.79,3,0.8,-166.3935,False
4616,CA-2016-144540,2016-09-05,2016-09-10,Standard Class,GH-14410,Gary Hansen,Home Office,United States,Houston,Texas,77070,Central,OFF-FA-10002763,Office Supplies,Fasteners,Advantus Map Pennant Flags and Round Head Tacks,28.44,9,0.2,4.266,False
4617,CA-2015-159863,2015-09-04,2015-09-07,Second Class,DS-13180,David Smith,Corporate,United States,Houston,Texas,77095,Central,TEC-AC-10000109,Technology,Accessories,Sony Micro Vault Click 16 GB USB 2.0 Flash Drive,134.376,3,0.2,6.7188,False
4622,CA-2015-161214,2015-10-05,2015-10-08,Second Class,SF-20965,Sylvia Foulston,Corporate,United States,Wilmington,Delaware,19805,East,OFF-ST-10001328,Office Supplies,Storage,"Personal Filing Tote with Lid, Black/Gray",77.55,5,0.0,21.714,False
4632,CA-2017-168396,2017-08-03,2017-08-08,Second Class,BD-11725,Bruce Degenhardt,Consumer,United States,San Francisco,California,94122,West,OFF-LA-10001297,Office Supplies,Labels,Avery 473,51.75,5,0.0,24.84,False
4633,CA-2017-168396,2017-08-03,2017-08-08,Second Class,BD-11725,Bruce Degenhardt,Consumer,United States,San Francisco,California,94122,West,FUR-FU-10000723,Furniture,Furnishings,"Deflect-o EconoMat Studded, No Bevel Mat for Low Pile Carpeting",123.96,3,0.0,11.1564,False
4644,CA-2015-147501,2015-08-02,2015-08-06,Standard Class,Co-12640,Corey-Lock,Consumer,United States,Seattle,Washington,98105,West,OFF-BI-10002003,Office Supplies,Binders,Ibico Presentation Index for Binding Systems,6.368,2,0.2,2.1492,False
4645,CA-2015-147501,2015-08-02,2015-08-06,Standard Class,Co-12640,Corey-Lock,Consumer,United States,Seattle,Washington,98105,West,TEC-MA-10001972,Technology,Machines,Okidata C331dn Printer,558.4,2,0.2,41.88,True
4651,CA-2017-150987,2017-04-08,2017-04-12,Standard Class,AH-10120,Adrian Hane,Home Office,United States,San Francisco,California,94110,West,OFF-PA-10001878,Office Supplies,Paper,Xerox 1891,244.55,5,0.0,114.9385,False
4652,CA-2017-150987,2017-04-08,2017-04-12,Standard Class,AH-10120,Adrian Hane,Home Office,United States,San Francisco,California,94110,West,OFF-PA-10002923,Office Supplies,Paper,Xerox 1942,195.76,4,0.0,97.88,False
4656,CA-2014-160738,2014-05-05,2014-05-10,Standard Class,KH-16330,Katharine Harms,Corporate,United States,Freeport,Illinois,61032,Central,OFF-ST-10003442,Office Supplies,Storage,Eldon Portable Mobile Manager,45.248,2,0.2,3.9592,False
4657,CA-2015-112130,2015-05-03,2015-05-07,Standard Class,SV-20785,Stewart Visinsky,Consumer,United States,Philadelphia,Pennsylvania,19140,East,OFF-AR-10001468,Office Supplies,Art,"Sanford Prismacolor Professional Thick Lead Art Pencils, 36-Color Set",59.904,2,0.2,14.2272,False
4658,CA-2015-112130,2015-05-03,2015-05-07,Standard Class,SV-20785,Stewart Visinsky,Consumer,United States,Philadelphia,Pennsylvania,19140,East,OFF-AP-10003266,Office Supplies,Appliances,"Holmes Replacement Filter for HEPA Air Cleaner, Large Room",23.696,2,0.2,6.5164,False
4659,CA-2015-112130,2015-05-03,2015-05-07,Standard Class,SV-20785,Stewart Visinsky,Consumer,United States,Philadelphia,Pennsylvania,19140,East,OFF-PA-10002230,Office Supplies,Paper,Xerox 1897,7.968,2,0.2,2.8884,False
4660,CA-2015-112130,2015-05-03,2015-05-07,Standard Class,SV-20785,Stewart Visinsky,Consumer,United States,Philadelphia,Pennsylvania,19140,East,OFF-AP-10003622,Office Supplies,Appliances,"Bravo II Megaboss 12-Amp Hard Body Upright, Replacement Belts, 2 Belts per Pack",18.2,7,0.2,2.0475,False
4661,CA-2015-112130,2015-05-03,2015-05-07,Standard Class,SV-20785,Stewart Visinsky,Consumer,United States,Philadelphia,Pennsylvania,19140,East,TEC-AC-10001542,Technology,Accessories,SanDisk Cruzer 16 GB USB Flash Drive,27.552,3,0.2,-0.3444,False
4662,CA-2015-112130,2015-05-03,2015-05-07,Standard Class,SV-20785,Stewart Visinsky,Consumer,United States,Philadelphia,Pennsylvania,19140,East,FUR-CH-10002965,Furniture,Chairs,"Global Leather Highback Executive Chair with Pneumatic Height Adjustment, Black",844.116,6,0.3,-36.1764,True
4663,CA-2015-112130,2015-05-03,2015-05-07,Standard Class,SV-20785,Stewart Visinsky,Consumer,United States,Philadelphia,Pennsylvania,19140,East,OFF-ST-10000563,Office Supplies,Storage,Fellowes Bankers Box Stor/Drawer Steel Plus,76.752,3,0.2,-9.594,False
4669,US-2017-133200,2017-05-06,2017-05-11,Standard Class,DB-13555,Dorothy Badders,Corporate,United States,Fort Worth,Texas,76106,Central,OFF-BI-10002827,Office Supplies,Binders,Avery Durable Poly Binders,11.06,10,0.8,-18.802,False
4670,US-2017-133200,2017-05-06,2017-05-11,Standard Class,DB-13555,Dorothy Badders,Corporate,United States,Fort Worth,Texas,76106,Central,FUR-BO-10001601,Furniture,Bookcases,"Sauder Mission Library with Doors, Fruitwood Finish",623.4648,7,0.32,-119.1918,True
4671,US-2017-133200,2017-05-06,2017-05-11,Standard Class,DB-13555,Dorothy Badders,Corporate,United States,Fort Worth,Texas,76106,Central,OFF-ST-10001932,Office Supplies,Storage,Fellowes Staxonsteel Drawer Files,772.68,5,0.2,-57.951,True
4683,CA-2016-127698,2016-12-01,2016-12-01,Same Day,MV-18190,Mike Vittorini,Consumer,United States,Raleigh,North Carolina,27604,South,TEC-PH-10003811,Technology,Phones,Jabra Supreme Plus Driver Editionï¿½Headset,863.928,9,0.2,86.3928,True
4717,CA-2017-143126,2017-12-03,2017-12-07,Second Class,CM-12655,Corinna Mitchell,Home Office,United States,Seattle,Washington,98115,West,FUR-TA-10002958,Furniture,Tables,"Bevis Oval Conference Table, Walnut",521.96,2,0.0,88.7332,True
4719,CA-2015-109736,2015-10-10,2015-10-11,First Class,DJ-13420,Denny Joy,Corporate,United States,San Francisco,California,94109,West,OFF-PA-10004101,Office Supplies,Paper,Xerox 1894,45.36,7,0.0,21.7728,False
4722,CA-2014-106229,2014-06-07,2014-06-11,Second Class,NR-18550,Nick Radford,Consumer,United States,Aurora,Illinois,60505,Central,FUR-TA-10002041,Furniture,Tables,"Bevis Round Conference Table Top, X-Base",268.935,3,0.5,-209.7693,False
4723,US-2017-135230,2017-09-01,2017-09-07,Standard Class,CK-12325,Christine Kargatis,Home Office,United States,Seattle,Washington,98103,West,OFF-AR-10001166,Office Supplies,Art,Staples in misc. colors,7.58,1,0.0,2.9562,False
4729,CA-2014-123323,2014-11-07,2014-11-12,Standard Class,LH-16900,Lena Hernandez,Consumer,United States,San Francisco,California,94110,West,OFF-BI-10003684,Office Supplies,Binders,Wilson Jones Legal Size Ring Binders,123.144,7,0.2,46.179,False
4735,CA-2016-120530,2016-04-07,2016-04-12,Standard Class,Dl-13600,Dorris liebe,Corporate,United States,New York City,New York,10035,East,FUR-CH-10000454,Furniture,Chairs,"Hon Deluxe Fabric Upholstered Stacking Chairs, Rounded Back",658.746,3,0.1,146.388,True
4744,CA-2017-168123,2017-03-05,2017-03-05,Same Day,JD-16060,Julia Dunbar,Consumer,United States,Rochester,Minnesota,55901,Central,OFF-FA-10002763,Office Supplies,Fasteners,Advantus Map Pennant Flags and Round Head Tacks,7.9,2,0.0,2.528,False
4745,CA-2017-168123,2017-03-05,2017-03-05,Same Day,JD-16060,Julia Dunbar,Consumer,United States,Rochester,Minnesota,55901,Central,OFF-ST-10000877,Office Supplies,Storage,Recycled Steel Personal File for Standard File Folders,221.16,4,0.0,57.5016,False
4746,CA-2017-168123,2017-03-05,2017-03-05,Same Day,JD-16060,Julia Dunbar,Consumer,United States,Rochester,Minnesota,55901,Central,OFF-BI-10001071,Office Supplies,Binders,GBC ProClick Punch Binding System,127.96,2,0.0,62.7004,False
4747,CA-2017-168123,2017-03-05,2017-03-05,Same Day,JD-16060,Julia Dunbar,Consumer,United States,Rochester,Minnesota,55901,Central,OFF-BI-10001097,Office Supplies,Binders,Avery Hole Reinforcements,18.69,3,0.0,9.1581,False
4748,CA-2016-120005,2016-03-03,2016-03-03,Same Day,TS-21160,Theresa Swint,Corporate,United States,San Francisco,California,94110,West,OFF-SU-10004782,Office Supplies,Supplies,"Elite 5"" Scissors",25.35,3,0.0,7.605,False
4749,CA-2016-120005,2016-03-03,2016-03-03,Same Day,TS-21160,Theresa Swint,Corporate,United States,San Francisco,California,94110,West,FUR-FU-10000672,Furniture,Furnishings,"Executive Impressions 10"" Spectator Wall Clock",35.28,3,0.0,11.9952,False
4751,CA-2016-127649,2016-10-07,2016-10-09,First Class,DL-13495,Dionis Lloyd,Corporate,United States,Spokane,Washington,99207,West,TEC-MA-10001972,Technology,Machines,Okidata C331dn Printer,837.6,3,0.2,62.82,True
4755,CA-2017-126354,2017-02-03,2017-02-08,Standard Class,SC-20380,Shahid Collister,Consumer,United States,Pembroke Pines,Florida,33024,South,OFF-BI-10000301,Office Supplies,Binders,GBC Instant Report Kit,3.882,2,0.7,-2.588,False
4756,CA-2017-126354,2017-02-03,2017-02-08,Standard Class,SC-20380,Shahid Collister,Consumer,United States,Pembroke Pines,Florida,33024,South,OFF-PA-10004381,Office Supplies,Paper,14-7/8 x 11 Blue Bar Computer Printout Paper,115.296,3,0.2,40.3536,False
4759,CA-2014-121573,2014-11-03,2014-11-07,Standard Class,SG-20605,Speros Goranitis,Consumer,United States,New York City,New York,10009,East,TEC-PH-10000984,Technology,Phones,Panasonic KX-TG9471B,783.96,4,0.0,219.5088,True
4760,CA-2014-121573,2014-11-03,2014-11-07,Standard Class,SG-20605,Speros Goranitis,Consumer,United States,New York City,New York,10009,East,OFF-BI-10000666,Office Supplies,Binders,Surelock Post Binders,48.896,2,0.2,18.336,False
4761,CA-2014-121573,2014-11-03,2014-11-07,Standard Class,SG-20605,Speros Goranitis,Consumer,United States,New York City,New York,10009,East,OFF-BI-10003712,Office Supplies,Binders,"Acco Pressboard Covers with Storage Hooks, 14 7/8"" x 11"", Light Blue",7.856,2,0.2,2.8478,False
4767,CA-2015-123155,2015-03-09,2015-03-12,First Class,NS-18640,Noel Staavos,Corporate,United States,San Antonio,Texas,78207,Central,TEC-AC-10002473,Technology,Accessories,Maxell 4.7GB DVD-R,113.52,5,0.2,29.799,False
4768,CA-2015-123155,2015-03-09,2015-03-12,First Class,NS-18640,Noel Staavos,Corporate,United States,San Antonio,Texas,78207,Central,TEC-PH-10001809,Technology,Phones,Panasonic KX T7736-B Digital phone,359.88,3,0.2,22.4925,False
4769,CA-2017-158883,2017-06-02,2017-06-03,Same Day,CS-11860,Cari Schnelling,Consumer,United States,Jacksonville,North Carolina,28540,South,OFF-PA-10004733,Office Supplies,Paper,Things To Do Today Spiral Book,25.344,4,0.2,9.1872,False
4779,CA-2017-132346,2017-11-07,2017-11-11,Standard Class,PK-19075,Pete Kriz,Consumer,United States,Newark,Delaware,19711,East,OFF-AP-10000696,Office Supplies,Appliances,Holmes Odor Grabber,100.94,7,0.0,33.3102,False
4780,CA-2014-150301,2014-07-08,2014-07-10,First Class,MH-18025,Michelle Huthwaite,Consumer,United States,Buffalo,New York,14215,East,FUR-CH-10002647,Furniture,Chairs,"Situations Contoured Folding Chairs, 4/Set",63.882,1,0.1,10.647,False
4781,CA-2014-159310,2014-11-07,2014-11-12,Standard Class,SC-20725,Steven Cartwright,Consumer,United States,Houston,Texas,77070,Central,FUR-CH-10002758,Furniture,Chairs,"Hon Deluxe Fabric Upholstered Stacking Chairs, Squared Back",683.144,4,0.3,0.0,True
4782,CA-2014-159310,2014-11-07,2014-11-12,Standard Class,SC-20725,Steven Cartwright,Consumer,United States,Houston,Texas,77070,Central,OFF-BI-10000201,Office Supplies,Binders,"Avery Triangle Shaped Sheet Lifters, Black, 2/Pack",1.476,3,0.8,-2.214,False
4783,CA-2014-159310,2014-11-07,2014-11-12,Standard Class,SC-20725,Steven Cartwright,Consumer,United States,Houston,Texas,77070,Central,OFF-SU-10004115,Office Supplies,Supplies,Acme Stainless Steel Office Snips,40.712,7,0.2,3.5623,False
4815,CA-2016-111696,2016-05-08,2016-05-10,First Class,TB-21625,Trudy Brown,Consumer,United States,Los Angeles,California,90004,West,OFF-PA-10002751,Office Supplies,Paper,Xerox 1920,17.94,3,0.0,8.073,False
4821,CA-2015-140025,2015-04-07,2015-04-11,Standard Class,PF-19120,Peter Fuller,Consumer,United States,San Antonio,Texas,78207,Central,OFF-AP-10002651,Office Supplies,Appliances,Hoover Upright Vacuum With Dirt Cup,463.248,8,0.8,-1181.2824,False
4822,CA-2015-140025,2015-04-07,2015-04-11,Standard Class,PF-19120,Peter Fuller,Consumer,United States,San Antonio,Texas,78207,Central,TEC-AC-10002402,Technology,Accessories,Razer Kraken PRO Over Ear PC and Music Headset,383.952,6,0.2,47.994,False
4823,CA-2016-134222,2016-07-10,2016-07-11,Same Day,NZ-18565,Nick Zandusky,Home Office,United States,Yuma,Arizona,85364,West,OFF-BI-10001658,Office Supplies,Binders,GBC Standard Therm-A-Bind Covers,44.856,6,0.7,-35.8848,False
4828,CA-2014-152562,2014-11-01,2014-11-08,Standard Class,JO-15145,Jack O'Briant,Corporate,United States,Richmond,Kentucky,40475,South,OFF-ST-10000464,Office Supplies,Storage,"Multi-Use Personal File Cart and Caster Set, Three Stacking Bins",69.52,2,0.0,19.4656,False
4829,CA-2014-152562,2014-11-01,2014-11-08,Standard Class,JO-15145,Jack O'Briant,Corporate,United States,Richmond,Kentucky,40475,South,OFF-AR-10001919,Office Supplies,Art,"OIC #2 Pencils, Medium Soft",5.64,3,0.0,1.6356,False
4831,CA-2014-120278,2014-11-07,2014-11-12,Standard Class,MS-17365,Maribeth Schnelling,Consumer,United States,Wausau,Wisconsin,54401,Central,OFF-AP-10001293,Office Supplies,Appliances,Belkin 8 Outlet Surge Protector,245.88,6,0.0,68.8464,False
4832,CA-2014-120278,2014-11-07,2014-11-12,Standard Class,MS-17365,Maribeth Schnelling,Consumer,United States,Wausau,Wisconsin,54401,Central,OFF-ST-10004258,Office Supplies,Storage,Portable Personal File Box,36.63,3,0.0,9.8901,False
4833,CA-2014-120278,2014-11-07,2014-11-12,Standard Class,MS-17365,Maribeth Schnelling,Consumer,United States,Wausau,Wisconsin,54401,Central,OFF-ST-10002214,Office Supplies,Storage,X-Rack File for Hanging Folders,22.58,2,0.0,5.8708,False
4834,CA-2014-120278,2014-11-07,2014-11-12,Standard Class,MS-17365,Maribeth Schnelling,Consumer,United States,Wausau,Wisconsin,54401,Central,OFF-BI-10004970,Office Supplies,Binders,"ACCOHIDE 3-Ring Binder, Blue, 1""",12.39,3,0.0,5.8233,False
4835,CA-2017-167661,2017-10-05,2017-10-10,Standard Class,MP-18175,Mike Pelletier,Home Office,United States,San Francisco,California,94110,West,OFF-BI-10002571,Office Supplies,Binders,"Avery Framed View Binder, EZD Ring (Locking), Navy, 1 1/2""",39.92,5,0.2,13.473,False
4836,CA-2017-167661,2017-10-05,2017-10-10,Standard Class,MP-18175,Mike Pelletier,Home Office,United States,San Francisco,California,94110,West,OFF-PA-10002581,Office Supplies,Paper,Xerox 1951,61.96,2,0.0,27.882,False
4837,CA-2017-167661,2017-10-05,2017-10-10,Standard Class,MP-18175,Mike Pelletier,Home Office,United States,San Francisco,California,94110,West,OFF-BI-10001097,Office Supplies,Binders,Avery Hole Reinforcements,19.936,4,0.2,7.2268,False
4838,CA-2017-106831,2017-06-01,2017-06-03,First Class,FH-14350,Fred Harton,Consumer,United States,Dublin,Ohio,43017,East,OFF-BI-10003429,Office Supplies,Binders,"Cardinal HOLDit! Binder Insert Strips,Extra Strips",3.798,2,0.7,-2.6586,False
4839,CA-2017-106831,2017-06-01,2017-06-03,First Class,FH-14350,Fred Harton,Consumer,United States,Dublin,Ohio,43017,East,OFF-PA-10000682,Office Supplies,Paper,Xerox 1924,27.744,6,0.2,10.0572,False
4840,CA-2017-106831,2017-06-01,2017-06-03,First Class,FH-14350,Fred Harton,Consumer,United States,Dublin,Ohio,43017,East,TEC-PH-10001700,Technology,Phones,Panasonic KX-TG6844B Expandable Digital Cordless Telephone,158.376,4,0.4,-34.3148,False
4844,US-2016-139388,2016-11-07,2016-11-09,First Class,CC-12475,Cindy Chapman,Consumer,United States,Lakewood,New Jersey,8701,East,OFF-FA-10004968,Office Supplies,Fasteners,Rubber Band Ball,14.96,4,0.0,0.2992,False
4845,US-2014-128685,2014-04-04,2014-04-05,First Class,MZ-17515,Mary Zewe,Corporate,United States,Los Angeles,California,90008,West,OFF-BI-10004140,Office Supplies,Binders,Avery Non-Stick Binders,7.184,2,0.2,2.245,False
4876,CA-2014-132864,2014-12-02,2014-12-07,Standard Class,KN-16390,Katherine Nockton,Corporate,United States,Columbus,Ohio,43229,East,TEC-AC-10001267,Technology,Accessories,Imationï¿½32GB Pocket Pro USB 3.0ï¿½Flash Driveï¿½- 32 GB - Black - 1 P ...,119.8,5,0.2,29.95,False
4877,US-2014-155817,2014-10-03,2014-10-09,Standard Class,SL-20155,Sara Luxemburg,Home Office,United States,Durham,North Carolina,27707,South,OFF-ST-10000532,Office Supplies,Storage,Advantus Rolling Drawer Organizers,61.568,2,0.2,4.6176,False
4878,US-2014-155817,2014-10-03,2014-10-09,Standard Class,SL-20155,Sara Luxemburg,Home Office,United States,Durham,North Carolina,27707,South,OFF-AR-10002335,Office Supplies,Art,DIXON Oriole Pencils,6.192,3,0.2,0.4644,False
4880,CA-2017-143567,2017-11-02,2017-11-05,Second Class,TB-21175,Thomas Boland,Corporate,United States,Henderson,Kentucky,42420,South,OFF-EN-10004846,Office Supplies,Envelopes,Letter or Legal Size Expandable Poly String Tie Envelopes,5.32,2,0.0,2.6068,False
4881,CA-2017-143567,2017-11-02,2017-11-05,Second Class,TB-21175,Thomas Boland,Corporate,United States,Henderson,Kentucky,42420,South,FUR-CH-10000454,Furniture,Chairs,"Hon Deluxe Fabric Upholstered Stacking Chairs, Rounded Back",975.92,4,0.0,292.776,True
4882,CA-2017-143567,2017-11-02,2017-11-05,Second Class,TB-21175,Thomas Boland,Corporate,United States,Henderson,Kentucky,42420,South,TEC-AC-10004145,Technology,Accessories,Logitech diNovo Edge Keyboard,2249.91,9,0.0,517.4793,True
4883,CA-2017-143567,2017-11-02,2017-11-05,Second Class,TB-21175,Thomas Boland,Corporate,United States,Henderson,Kentucky,42420,South,OFF-ST-10001580,Office Supplies,Storage,Super Decoflex Portable Personal File,59.92,4,0.0,16.7776,False
4903,CA-2017-110884,2017-03-07,2017-03-12,Standard Class,SH-20395,Shahid Hopkins,Consumer,United States,New York City,New York,10035,East,OFF-BI-10003669,Office Supplies,Binders,3M Organizer Strips,25.92,6,0.2,9.072,False
4904,CA-2017-110884,2017-03-07,2017-03-12,Standard Class,SH-20395,Shahid Hopkins,Consumer,United States,New York City,New York,10035,East,OFF-LA-10003510,Office Supplies,Labels,"Avery 4027 File Folder Labels for Dot Matrix Printers, 5000 Labels per Box, White",91.59,3,0.0,42.1314,False
4905,US-2014-161613,2014-12-01,2014-12-03,Second Class,MC-17605,Matt Connell,Corporate,United States,Houston,Texas,77070,Central,FUR-CH-10003746,Furniture,Chairs,Hon 4070 Series Pagoda Round Back Stacking Chairs,674.058,3,0.3,-19.2588,True
4917,CA-2017-163125,2017-10-09,2017-10-11,Second Class,MB-17305,Maria Bertelson,Consumer,United States,League City,Texas,77573,Central,OFF-AR-10004344,Office Supplies,Art,Bulldog Vacuum Base Pencil Sharpener,67.144,7,0.2,5.8751,False
4918,CA-2017-163125,2017-10-09,2017-10-11,Second Class,MB-17305,Maria Bertelson,Consumer,United States,League City,Texas,77573,Central,FUR-CH-10001802,Furniture,Chairs,Hon Every-Day Chair Series Swivel Task Chairs,254.058,3,0.3,-32.6646,False
4919,CA-2016-160304,2016-01-02,2016-01-07,Standard Class,BM-11575,Brendan Murry,Corporate,United States,Gaithersburg,Maryland,20877,East,FUR-BO-10004709,Furniture,Bookcases,"Bush Westfield Collection Bookcases, Medium Cherry Finish",173.94,3,0.0,38.2668,False
4920,CA-2016-160304,2016-01-02,2016-01-07,Standard Class,BM-11575,Brendan Murry,Corporate,United States,Gaithersburg,Maryland,20877,East,TEC-PH-10000455,Technology,Phones,GE 30522EE2,231.98,2,0.0,67.2742,False
4928,CA-2017-143245,2017-12-01,2017-12-06,Standard Class,AD-10180,Alan Dominguez,Home Office,United States,Fairfield,Connecticut,6824,East,OFF-PA-10001972,Office Supplies,Paper,Xerox 214,19.44,3,0.0,9.3312,False
4929,CA-2017-143245,2017-12-01,2017-12-06,Standard Class,AD-10180,Alan Dominguez,Home Office,United States,Fairfield,Connecticut,6824,East,FUR-CH-10000155,Furniture,Chairs,Global Comet Stacking Armless Chair,897.15,3,0.0,251.202,True
4930,US-2014-138828,2014-09-02,2014-09-03,First Class,KD-16345,Katherine Ducich,Consumer,United States,New York City,New York,10009,East,OFF-AR-10000658,Office Supplies,Art,Newell 324,57.75,5,0.0,16.17,False
4931,US-2014-138828,2014-09-02,2014-09-03,First Class,KD-16345,Katherine Ducich,Consumer,United States,New York City,New York,10009,East,OFF-PA-10000349,Office Supplies,Paper,Easy-staple paper,14.94,3,0.0,7.0218,False
4945,CA-2016-151372,2016-09-05,2016-09-06,First Class,JH-15985,Joseph Holt,Consumer,United States,Redondo Beach,California,90278,West,OFF-PA-10004381,Office Supplies,Paper,14-7/8 x 11 Blue Bar Computer Printout Paper,96.08,2,0.0,46.1184,False
4946,CA-2016-151372,2016-09-05,2016-09-06,First Class,JH-15985,Joseph Holt,Consumer,United States,Redondo Beach,California,90278,West,OFF-BI-10000050,Office Supplies,Binders,"Angle-D Binders with Locking Rings, Label Holders",11.68,2,0.2,3.942,False
4947,CA-2016-151372,2016-09-05,2016-09-06,First Class,JH-15985,Joseph Holt,Consumer,United States,Redondo Beach,California,90278,West,OFF-FA-10000304,Office Supplies,Fasteners,Advantus Push Pins,4.36,2,0.0,1.7876,False
4948,CA-2014-102085,2014-10-04,2014-10-09,Standard Class,JD-16015,Joy Daniels,Consumer,United States,Seattle,Washington,98115,West,OFF-LA-10002475,Office Supplies,Labels,Avery 519,29.24,4,0.0,13.7428,False
4953,CA-2017-117926,2017-12-08,2017-12-12,Second Class,AS-10225,Alan Schoenberger,Corporate,United States,San Francisco,California,94109,West,OFF-AP-10002670,Office Supplies,Appliances,Belkin 8-Outlet Premiere SurgeMaster II Surge Protectors,69.48,1,0.0,20.844,False
4962,CA-2014-156587,2014-03-07,2014-03-08,First Class,AB-10015,Aaron Bergman,Consumer,United States,Seattle,Washington,98103,West,FUR-CH-10004477,Furniture,Chairs,"Global Push Button Manager's Chair, Indigo",48.712,1,0.2,5.4801,False
4963,CA-2014-156587,2014-03-07,2014-03-08,First Class,AB-10015,Aaron Bergman,Consumer,United States,Seattle,Washington,98103,West,OFF-AR-10001427,Office Supplies,Art,Newell 330,17.94,3,0.0,4.6644,False
4964,CA-2014-156587,2014-03-07,2014-03-08,First Class,AB-10015,Aaron Bergman,Consumer,United States,Seattle,Washington,98103,West,OFF-ST-10002344,Office Supplies,Storage,"Carina 42""Hx23 3/4""W Media Storage Unit",242.94,3,0.0,4.8588,False
4967,CA-2015-122406,2015-08-02,2015-08-05,Second Class,BE-11455,Brad Eason,Home Office,United States,Providence,Rhode Island,2908,East,TEC-PH-10001527,Technology,Phones,Plantronics MX500i Earset,128.85,3,0.0,3.8655,False
4968,CA-2015-122406,2015-08-02,2015-08-05,Second Class,BE-11455,Brad Eason,Home Office,United States,Providence,Rhode Island,2908,East,OFF-PA-10001307,Office Supplies,Paper,"Important Message Pads, 50 4-1/4 x 5-1/2 Forms per Pad",8.4,2,0.0,4.116,False
4969,CA-2015-122406,2015-08-02,2015-08-05,Second Class,BE-11455,Brad Eason,Home Office,United States,Providence,Rhode Island,2908,East,TEC-AC-10004571,Technology,Accessories,Logitech G700s Rechargeable Gaming Mouse,199.98,2,0.0,83.9916,False
4970,CA-2015-122406,2015-08-02,2015-08-05,Second Class,BE-11455,Brad Eason,Home Office,United States,Providence,Rhode Island,2908,East,FUR-CH-10001973,Furniture,Chairs,Office Star Flex Back Scooter Chair with White Frame,110.98,1,0.0,15.5372,False
4971,US-2016-153815,2016-11-06,2016-11-09,First Class,KL-16555,Kelly Lampkin,Corporate,United States,Jacksonville,Florida,32216,South,FUR-CH-10000513,Furniture,Chairs,High-Back Leather Manager's Chair,207.984,2,0.2,-28.5978,False
4972,US-2016-153815,2016-11-06,2016-11-09,First Class,KL-16555,Kelly Lampkin,Corporate,United States,Jacksonville,Florida,32216,South,OFF-PA-10002421,Office Supplies,Paper,Embossed Ink Jet Note Cards,36.112,2,0.2,12.6392,False
4973,US-2016-153815,2016-11-06,2016-11-09,First Class,KL-16555,Kelly Lampkin,Corporate,United States,Jacksonville,Florida,32216,South,FUR-FU-10004090,Furniture,Furnishings,"Executive Impressions 14"" Contract Wall Clock",35.568,2,0.2,5.7798,False
4974,US-2016-153815,2016-11-06,2016-11-09,First Class,KL-16555,Kelly Lampkin,Corporate,United States,Jacksonville,Florida,32216,South,OFF-PA-10004071,Office Supplies,Paper,"Eaton Premium Continuous-Feed Paper, 25% Cotton, Letter Size, White, 1000 Shts/Box",88.768,2,0.2,31.0688,False
4975,CA-2016-164896,2016-11-07,2016-11-12,Standard Class,PS-19045,Penelope Sewall,Home Office,United States,Oceanside,California,92054,West,OFF-PA-10002246,Office Supplies,Paper,"Wirebound Four 2-3/4 x 5 Forms per Page, 400 Sets per Book",12.9,2,0.0,6.321,False
4977,CA-2015-165050,2015-12-07,2015-12-09,First Class,AH-10210,Alan Hwang,Consumer,United States,New York City,New York,10024,East,OFF-BI-10001031,Office Supplies,Binders,Pressboard Data Binders by Wilson Jones,21.36,5,0.2,7.209,False
4978,CA-2015-165050,2015-12-07,2015-12-09,First Class,AH-10210,Alan Hwang,Consumer,United States,New York City,New York,10024,East,OFF-BI-10003727,Office Supplies,Binders,Avery Durable Slant Ring Binders With Label Holder,6.688,2,0.2,2.3408,False
4979,CA-2015-165050,2015-12-07,2015-12-09,First Class,AH-10210,Alan Hwang,Consumer,United States,New York City,New York,10024,East,TEC-PH-10001336,Technology,Phones,Digium D40 VoIP phone,773.94,6,0.0,224.4426,True
4984,CA-2016-109925,2016-11-06,2016-11-10,Second Class,IM-15070,Irene Maddox,Consumer,United States,San Diego,California,92105,West,OFF-ST-10003442,Office Supplies,Storage,Eldon Portable Mobile Manager,84.84,3,0.0,22.9068,False
4985,CA-2015-160696,2015-09-06,2015-09-10,Standard Class,CK-12760,Cyma Kinney,Corporate,United States,Nashville,Tennessee,37211,South,OFF-FA-10003059,Office Supplies,Fasteners,Assorted Color Push Pins,7.24,5,0.2,1.1765,False
4986,CA-2014-125171,2014-09-03,2014-09-03,Same Day,AG-10390,Allen Goldenen,Consumer,United States,New York City,New York,10009,East,OFF-LA-10001175,Office Supplies,Labels,Avery 514,14.4,5,0.0,7.056,False
4996,CA-2014-132227,2014-11-04,2014-11-10,Standard Class,SZ-20035,Sam Zeldin,Home Office,United States,New York City,New York,10011,East,OFF-BI-10000962,Office Supplies,Binders,"Acco Flexible ACCOHIDE Square Ring Data Binder, Dark Blue, 11 1/2"" X 14"" 7/8""",52.064,4,0.2,18.8732,False
5001,CA-2017-159688,2017-05-07,2017-05-12,Standard Class,AB-10060,Adam Bellavance,Home Office,United States,Los Angeles,California,90004,West,TEC-AC-10000736,Technology,Accessories,Logitech G600 MMO Gaming Mouse,79.99,1,0.0,28.7964,False
5004,CA-2016-155033,2016-10-07,2016-10-12,Standard Class,CC-12475,Cindy Chapman,Consumer,United States,Los Angeles,California,90032,West,OFF-PA-10000143,Office Supplies,Paper,Astroparche Fine Business Paper,10.56,2,0.0,5.0688,False
5029,CA-2014-151792,2014-09-02,2014-09-07,Second Class,CV-12295,Christina VanderZanden,Consumer,United States,Chicago,Illinois,60653,Central,TEC-AC-10001606,Technology,Accessories,Logitech Wireless Performance Mouse MX for PC and Mac,239.976,3,0.2,53.9946,False
5036,CA-2014-169803,2014-04-06,2014-04-12,Standard Class,SC-20260,Scott Cohen,Corporate,United States,Seattle,Washington,98115,West,FUR-TA-10000688,Furniture,Tables,"Chromcraft Bull-Nose Wood Round Conference Table Top, Wood Base",653.55,3,0.0,111.1035,True
5037,CA-2014-169803,2014-04-06,2014-04-12,Standard Class,SC-20260,Scott Cohen,Corporate,United States,Seattle,Washington,98115,West,TEC-AC-10003441,Technology,Accessories,Kingston Digital DataTraveler 32GB USB 2.0,33.9,2,0.0,2.034,False
5039,CA-2015-136469,2015-07-11,2015-07-12,First Class,TS-21370,Todd Sumrall,Corporate,United States,Wilmington,Delaware,19805,East,FUR-TA-10001520,Furniture,Tables,"Lesro Sheffield Collection Coffee Table, End Table, Center Table, Corner Table",199.836,4,0.3,-37.1124,False
5040,CA-2015-136469,2015-07-11,2015-07-12,First Class,TS-21370,Todd Sumrall,Corporate,United States,Wilmington,Delaware,19805,East,TEC-PH-10001817,Technology,Phones,Wilson Electronics DB Pro Signal Booster,716.0,2,0.0,193.32,True
5041,CA-2015-136469,2015-07-11,2015-07-12,First Class,TS-21370,Todd Sumrall,Corporate,United States,Wilmington,Delaware,19805,East,OFF-BI-10004492,Office Supplies,Binders,Tuf-Vin Binders,221.06,7,0.0,103.8982,False
5052,CA-2015-134922,2015-11-07,2015-11-11,Standard Class,KB-16240,Karen Bern,Corporate,United States,Philadelphia,Pennsylvania,19140,East,OFF-EN-10000483,Office Supplies,Envelopes,"White Envelopes, White Envelopes with Clear Poly Window",24.4,2,0.2,7.93,False
5054,CA-2015-141243,2015-01-03,2015-01-08,Second Class,AH-10465,Amy Hunt,Consumer,United States,Dallas,Texas,75217,Central,TEC-AC-10003198,Technology,Accessories,Enermax Acrylux Wireless Keyboard,398.4,5,0.2,84.66,False
5055,CA-2015-141243,2015-01-03,2015-01-08,Second Class,AH-10465,Amy Hunt,Consumer,United States,Dallas,Texas,75217,Central,OFF-AR-10001246,Office Supplies,Art,Newell 317,7.056,3,0.2,0.7938,False
5056,CA-2015-141243,2015-01-03,2015-01-08,Second Class,AH-10465,Amy Hunt,Consumer,United States,Dallas,Texas,75217,Central,FUR-BO-10003272,Furniture,Bookcases,O'Sullivan Living Dimensions 5-Shelf Bookcases,1352.3976,9,0.32,-437.5404,True
5057,CA-2015-162166,2015-09-08,2015-09-11,First Class,NM-18520,Neoma Murray,Consumer,United States,Moreno Valley,California,92553,West,OFF-PA-10002606,Office Supplies,Paper,Xerox 1928,26.4,5,0.0,11.88,False
5058,CA-2015-162166,2015-09-08,2015-09-11,First Class,NM-18520,Neoma Murray,Consumer,United States,Moreno Valley,California,92553,West,OFF-ST-10002486,Office Supplies,Storage,Eldon Shelf Savers Cubes and Bins,41.88,6,0.0,0.8376,False
5059,CA-2016-120796,2016-04-03,2016-04-07,Standard Class,CS-11950,Carlos Soltero,Consumer,United States,Philadelphia,Pennsylvania,19140,East,OFF-BI-10004330,Office Supplies,Binders,"GBC Velobind Prepunched Cover Sets, Regency Series",99.846,9,0.7,-83.205,False
5060,CA-2016-109722,2016-12-05,2016-12-07,Second Class,TP-21130,Theone Pippenger,Consumer,United States,Georgetown,Kentucky,40324,South,TEC-PH-10000560,Technology,Phones,Samsung Galaxy S III - 16GB - pebble blue (T-Mobile),699.98,2,0.0,195.9944,True
5061,CA-2016-109722,2016-12-05,2016-12-07,Second Class,TP-21130,Theone Pippenger,Consumer,United States,Georgetown,Kentucky,40324,South,OFF-ST-10000060,Office Supplies,Storage,Fellowes Bankers Box Staxonsteel Drawer File/Stacking System,584.82,9,0.0,70.1784,True
5062,CA-2015-136798,2015-05-08,2015-05-12,Standard Class,DL-12925,Daniel Lacy,Consumer,United States,Minneapolis,Minnesota,55407,Central,OFF-BI-10003684,Office Supplies,Binders,Wilson Jones Legal Size Ring Binders,43.98,2,0.0,21.99,False
5063,CA-2015-136798,2015-05-08,2015-05-12,Standard Class,DL-12925,Daniel Lacy,Consumer,United States,Minneapolis,Minnesota,55407,Central,TEC-PH-10000441,Technology,Phones,VTech DS6151,377.97,3,0.0,105.8316,False
5064,CA-2015-136798,2015-05-08,2015-05-12,Standard Class,DL-12925,Daniel Lacy,Consumer,United States,Minneapolis,Minnesota,55407,Central,FUR-FU-10000723,Furniture,Furnishings,"Deflect-o EconoMat Studded, No Bevel Mat for Low Pile Carpeting",123.96,3,0.0,11.1564,False
5069,CA-2014-124478,2014-08-08,2014-08-12,Standard Class,MA-17560,Matt Abelman,Home Office,United States,Trenton,Michigan,48183,Central,TEC-CO-10001571,Technology,Copiers,Sharp 1540cs Digital Laser Copier,549.99,1,0.0,274.995,True
5070,CA-2014-124478,2014-08-08,2014-08-12,Standard Class,MA-17560,Matt Abelman,Home Office,United States,Trenton,Michigan,48183,Central,OFF-AP-10002495,Office Supplies,Appliances,"Acco Smartsocket Table Surge Protector, 6 Color-Coded Adapter Outlets",167.535,3,0.1,37.23,False
5071,CA-2014-124478,2014-08-08,2014-08-12,Standard Class,MA-17560,Matt Abelman,Home Office,United States,Trenton,Michigan,48183,Central,OFF-EN-10002500,Office Supplies,Envelopes,Globe Weis Peel & Seel First Class Envelopes,38.34,3,0.0,17.253,False
5072,CA-2014-124478,2014-08-08,2014-08-12,Standard Class,MA-17560,Matt Abelman,Home Office,United States,Trenton,Michigan,48183,Central,FUR-FU-10002088,Furniture,Furnishings,Nu-Dell Float Frame 11 x 14 1/2,53.88,6,0.0,22.6296,False
5073,CA-2014-124478,2014-08-08,2014-08-12,Standard Class,MA-17560,Matt Abelman,Home Office,United States,Trenton,Michigan,48183,Central,TEC-PH-10001128,Technology,Phones,Motorola Droid Maxx,299.98,2,0.0,83.9944,False
5074,CA-2015-145485,2015-11-05,2015-11-05,Same Day,JM-16195,Justin MacKendrick,Consumer,United States,San Francisco,California,94109,West,OFF-ST-10000649,Office Supplies,Storage,Hanging Personal Folder File,62.8,4,0.0,15.7,False
5083,CA-2016-155138,2016-09-08,2016-09-12,Standard Class,JM-15580,Jill Matthias,Consumer,United States,Monroe,North Carolina,28110,South,TEC-AC-10004209,Technology,Accessories,Memorex Froggy Flash Drive 4 GB,35.168,4,0.2,8.3524,False
5084,CA-2016-155138,2016-09-08,2016-09-12,Standard Class,JM-15580,Jill Matthias,Consumer,United States,Monroe,North Carolina,28110,South,OFF-PA-10000501,Office Supplies,Paper,Petty Cash Envelope,64.704,3,0.2,23.4552,False
5085,CA-2016-108350,2016-06-06,2016-06-09,Second Class,SC-20230,Scot Coram,Corporate,United States,Lowell,Massachusetts,1852,East,OFF-PA-10003656,Office Supplies,Paper,Xerox 1935,105.52,4,0.0,48.5392,False
5087,CA-2015-109001,2015-03-05,2015-03-09,Standard Class,KN-16390,Katherine Nockton,Corporate,United States,Philadelphia,Pennsylvania,19120,East,TEC-PH-10000562,Technology,Phones,Samsung Convoy 3,466.158,7,0.4,-93.2316,False
5088,CA-2015-109001,2015-03-05,2015-03-09,Standard Class,KN-16390,Katherine Nockton,Corporate,United States,Philadelphia,Pennsylvania,19120,East,TEC-AC-10001101,Technology,Accessories,Sony 16GB Class 10 Micro SDHC R40 Memory Card,10.312,1,0.2,-1.289,False
5089,CA-2015-109001,2015-03-05,2015-03-09,Standard Class,KN-16390,Katherine Nockton,Corporate,United States,Philadelphia,Pennsylvania,19120,East,OFF-BI-10003529,Office Supplies,Binders,Avery Round Ring Poly Binders,2.556,3,0.7,-1.7892,False
5090,CA-2017-132738,2017-08-04,2017-08-07,First Class,HM-14860,Harry Marie,Corporate,United States,Loveland,Colorado,80538,West,OFF-PA-10001752,Office Supplies,Paper,Hammermill CopyPlus Copy Paper (20Lb. and 84 Bright),7.968,2,0.2,2.8884,False
5091,CA-2017-132738,2017-08-04,2017-08-07,First Class,HM-14860,Harry Marie,Corporate,United States,Loveland,Colorado,80538,West,OFF-EN-10001141,Office Supplies,Envelopes,"Manila Recycled Extra-Heavyweight Clasp Envelopes, 6"" x 9""",8.784,1,0.2,3.1842,False
5094,US-2014-140452,2014-12-06,2014-12-10,Standard Class,BK-11260,Berenike Kampe,Consumer,United States,Chicago,Illinois,60610,Central,OFF-AP-10004036,Office Supplies,Appliances,Bionaire 99.97% HEPA Air Cleaner,14.016,4,0.8,-31.536,False
5095,US-2014-140452,2014-12-06,2014-12-10,Standard Class,BK-11260,Berenike Kampe,Consumer,United States,Chicago,Illinois,60610,Central,FUR-TA-10004086,Furniture,Tables,KI Adjustable-Height Table,214.95,5,0.5,-120.372,False
5096,US-2014-140452,2014-12-06,2014-12-10,Standard Class,BK-11260,Berenike Kampe,Consumer,United States,Chicago,Illinois,60610,Central,TEC-PH-10000307,Technology,Phones,Shocksock Galaxy S4 Armband,35.04,4,0.2,-7.008,False
5097,US-2014-140452,2014-12-06,2014-12-10,Standard Class,BK-11260,Berenike Kampe,Consumer,United States,Chicago,Illinois,60610,Central,FUR-FU-10002088,Furniture,Furnishings,Nu-Dell Float Frame 11 x 14 1/2,10.776,3,0.6,-4.8492,False
5098,US-2014-140452,2014-12-06,2014-12-10,Standard Class,BK-11260,Berenike Kampe,Consumer,United States,Chicago,Illinois,60610,Central,OFF-BI-10004965,Office Supplies,Binders,Ibico Covers for Plastic or Wire Binding Elements,4.6,2,0.8,-8.05,False
5099,US-2014-140452,2014-12-06,2014-12-10,Standard Class,BK-11260,Berenike Kampe,Consumer,United States,Chicago,Illinois,60610,Central,OFF-ST-10002485,Office Supplies,Storage,Rogers Deluxe File Chest,35.168,2,0.2,-8.3524,False
5100,CA-2015-141936,2015-08-07,2015-08-12,Standard Class,PN-18775,Parhena Norris,Home Office,United States,Bakersfield,California,93309,West,OFF-BI-10002194,Office Supplies,Binders,Cardinal Hold-It CD Pocket,19.152,3,0.2,6.4638,False
5121,CA-2014-149538,2014-04-04,2014-04-08,Standard Class,KB-16585,Ken Black,Corporate,United States,Lafayette,Louisiana,70506,South,OFF-ST-10004180,Office Supplies,Storage,Safco Commercial Shelving,232.55,5,0.0,9.302,False
5122,CA-2014-149538,2014-04-04,2014-04-08,Standard Class,KB-16585,Ken Black,Corporate,United States,Lafayette,Louisiana,70506,South,TEC-AC-10002926,Technology,Accessories,Logitech Wireless Marathon Mouse M705,99.98,2,0.0,42.9914,False
5123,CA-2014-149538,2014-04-04,2014-04-08,Standard Class,KB-16585,Ken Black,Corporate,United States,Lafayette,Louisiana,70506,South,OFF-PA-10003797,Office Supplies,Paper,Xerox 209,19.44,3,0.0,9.3312,False
5124,CA-2014-149538,2014-04-04,2014-04-08,Standard Class,KB-16585,Ken Black,Corporate,United States,Lafayette,Louisiana,70506,South,OFF-PA-10002195,Office Supplies,Paper,Xerox 1966,12.96,2,0.0,6.3504,False
5141,CA-2015-154886,2015-11-08,2015-11-12,Standard Class,SW-20455,Shaun Weien,Consumer,United States,San Francisco,California,94109,West,TEC-AC-10001956,Technology,Accessories,Microsoft Arc Touch Mouse,119.9,2,0.0,43.164,False
5142,CA-2016-111213,2016-04-01,2016-04-05,Standard Class,FP-14320,Frank Preis,Consumer,United States,New York City,New York,10009,East,FUR-CH-10000454,Furniture,Chairs,"Hon Deluxe Fabric Upholstered Stacking Chairs, Rounded Back",1317.492,6,0.1,292.776,True
5143,CA-2016-111213,2016-04-01,2016-04-05,Standard Class,FP-14320,Frank Preis,Consumer,United States,New York City,New York,10009,East,OFF-SU-10000946,Office Supplies,Supplies,Staple remover,63.84,8,0.0,18.5136,False
5144,CA-2016-111213,2016-04-01,2016-04-05,Standard Class,FP-14320,Frank Preis,Consumer,United States,New York City,New York,10009,East,OFF-BI-10004140,Office Supplies,Binders,Avery Non-Stick Binders,3.592,1,0.2,1.1225,False
5145,CA-2017-161333,2017-02-02,2017-02-07,Standard Class,JL-15835,John Lee,Consumer,United States,Los Angeles,California,90045,West,FUR-FU-10003039,Furniture,Furnishings,"Howard Miller 11-1/2"" Diameter Grantwood Wall Clock",86.26,2,0.0,29.3284,False
5146,CA-2017-161333,2017-02-02,2017-02-07,Standard Class,JL-15835,John Lee,Consumer,United States,Los Angeles,California,90045,West,OFF-ST-10000464,Office Supplies,Storage,"Multi-Use Personal File Cart and Caster Set, Three Stacking Bins",139.04,4,0.0,38.9312,False
5147,CA-2017-161333,2017-02-02,2017-02-07,Standard Class,JL-15835,John Lee,Consumer,United States,Los Angeles,California,90045,West,OFF-AP-10000252,Office Supplies,Appliances,Harmony HEPA Quiet Air Purifiers,46.8,4,0.0,16.38,False
5151,CA-2017-125101,2017-03-06,2017-03-10,Second Class,SH-19975,Sally Hughsby,Corporate,United States,San Francisco,California,94109,West,OFF-ST-10000675,Office Supplies,Storage,"File Shuttle II and Handi-File, Black",67.78,2,0.0,16.945,False
5155,US-2015-124219,2015-08-07,2015-08-08,First Class,KW-16570,Kelly Williams,Consumer,United States,Kirkwood,Missouri,63122,Central,OFF-BI-10002215,Office Supplies,Binders,"Wilson Jones Hanging View Binder, White, 1""",28.4,4,0.0,13.064,False
5156,US-2015-124219,2015-08-07,2015-08-08,First Class,KW-16570,Kelly Williams,Consumer,United States,Kirkwood,Missouri,63122,Central,FUR-FU-10000305,Furniture,Furnishings,"Tenex V2T-RE Standard Weight Series Chair Mat, 45"" x 53"", Lip 25"" x 12""",212.94,3,0.0,34.0704,False
5164,CA-2015-161627,2015-07-06,2015-07-11,Standard Class,SJ-20215,Sarah Jordon,Consumer,United States,Pasadena,California,91104,West,FUR-CH-10003968,Furniture,Chairs,Novimex Turbo Task Chair,170.352,3,0.2,-17.0352,False
5174,CA-2015-107741,2015-03-08,2015-03-10,First Class,FC-14335,Fred Chung,Corporate,United States,Pueblo,Colorado,81001,West,OFF-AR-10002399,Office Supplies,Art,"Dixon Prang Watercolor Pencils, 10-Color Set with Brush",3.408,1,0.2,0.8946,False
5177,CA-2016-148908,2016-11-05,2016-11-08,First Class,JH-15985,Joseph Holt,Consumer,United States,San Francisco,California,94109,West,OFF-BI-10002082,Office Supplies,Binders,GBC Twin Loop Wire Binding Elements,53.248,2,0.2,19.968,False
5192,US-2017-141943,2017-05-05,2017-05-09,Standard Class,DK-12985,Darren Koutras,Consumer,United States,San Francisco,California,94122,West,OFF-EN-10003448,Office Supplies,Envelopes,"Peel & Seel Recycled Catalog Envelopes, Brown",23.16,2,0.0,11.58,False
5199,CA-2016-103982,2016-03-03,2016-03-08,Standard Class,AA-10315,Alex Avila,Consumer,United States,Round Rock,Texas,78664,Central,OFF-SU-10000151,Office Supplies,Supplies,High Speed Automatic Electric Letter Opener,3930.072,3,0.2,-786.0144,True
5200,CA-2016-103982,2016-03-03,2016-03-08,Standard Class,AA-10315,Alex Avila,Consumer,United States,Round Rock,Texas,78664,Central,OFF-FA-10001332,Office Supplies,Fasteners,"Acco Banker's Clasps, 5 3/4""-Long",2.304,1,0.2,0.7776,False
5201,CA-2016-103982,2016-03-03,2016-03-08,Standard Class,AA-10315,Alex Avila,Consumer,United States,Round Rock,Texas,78664,Central,TEC-PH-10000895,Technology,Phones,Polycom VVX 310 VoIP phone,431.976,3,0.2,32.3982,False
5202,CA-2016-103982,2016-03-03,2016-03-08,Standard Class,AA-10315,Alex Avila,Consumer,United States,Round Rock,Texas,78664,Central,TEC-AC-10002857,Technology,Accessories,"Verbatim 25 GB 6x Blu-ray Single Layer Recordable Disc, 1/Pack",41.72,7,0.2,5.7365,False
5220,CA-2017-145653,2017-09-01,2017-09-01,Same Day,CA-12775,Cynthia Arntzen,Consumer,United States,Detroit,Michigan,48205,Central,FUR-CH-10004875,Furniture,Chairs,Harbour Creations 67200 Series Stacking Chairs,498.26,7,0.0,134.5302,True
5243,CA-2017-146367,2017-08-04,2017-08-08,Standard Class,HM-14860,Harry Marie,Corporate,United States,Carrollton,Texas,75007,Central,OFF-BI-10002827,Office Supplies,Binders,Avery Durable Poly Binders,3.318,3,0.8,-5.6406,False
5245,CA-2016-156265,2016-08-02,2016-08-04,Second Class,BF-11020,Barry Franzï¿½sisch,Corporate,United States,Los Angeles,California,90032,West,FUR-TA-10001691,Furniture,Tables,"Barricks Non-Folding Utility Table with Steel Legs, Laminate Tops",136.464,2,0.2,15.3522,False
5246,CA-2016-156265,2016-08-02,2016-08-04,Second Class,BF-11020,Barry Franzï¿½sisch,Corporate,United States,Los Angeles,California,90032,West,TEC-PH-10001918,Technology,Phones,Nortel Business Series Terminal T7208 Digital phone,333.576,3,0.2,33.3576,False
5247,CA-2016-156265,2016-08-02,2016-08-04,Second Class,BF-11020,Barry Franzï¿½sisch,Corporate,United States,Los Angeles,California,90032,West,OFF-BI-10000285,Office Supplies,Binders,XtraLife ClearVue Slant-D Ring Binders by Cardinal,12.544,2,0.2,4.704,False
5249,US-2017-110989,2017-11-03,2017-11-05,Second Class,EJ-14155,Eva Jacobs,Consumer,United States,Seattle,Washington,98105,West,TEC-AC-10002345,Technology,Accessories,HP Standard 104 key PS/2 Keyboard,43.5,3,0.0,10.875,False
5254,US-2014-131982,2014-03-07,2014-03-11,Second Class,NP-18685,Nora Pelletier,Home Office,United States,Des Moines,Washington,98198,West,OFF-BI-10004224,Office Supplies,Binders,Catalog Binders with Expanding Posts,107.648,2,0.2,33.64,False
5255,CA-2015-125185,2015-03-05,2015-03-07,Second Class,AH-10195,Alan Haines,Corporate,United States,Bethlehem,Pennsylvania,18018,East,FUR-CH-10002647,Furniture,Chairs,"Situations Contoured Folding Chairs, 4/Set",99.372,2,0.3,-7.098,False
5256,CA-2015-125185,2015-03-05,2015-03-07,Second Class,AH-10195,Alan Haines,Corporate,United States,Bethlehem,Pennsylvania,18018,East,FUR-FU-10003247,Furniture,Furnishings,36X48 HARDFLOOR CHAIRMAT,33.568,2,0.2,-5.4548,False
5258,US-2017-114034,2017-01-03,2017-01-08,Standard Class,DL-13315,Delfina Latchford,Consumer,United States,Rancho Cucamonga,California,91730,West,OFF-PA-10004735,Office Supplies,Paper,Xerox 1905,38.88,6,0.0,18.6624,False
5259,US-2017-115595,2017-10-09,2017-10-11,First Class,XP-21865,Xylona Preis,Consumer,United States,Los Angeles,California,90032,West,OFF-PA-10001745,Office Supplies,Paper,"Wirebound Message Books, 2 7/8"" x 5"", 3 Forms per Page",35.2,5,0.0,16.544,False
5261,CA-2014-105165,2014-09-07,2014-09-10,First Class,SZ-20035,Sam Zeldin,Home Office,United States,Houston,Texas,77036,Central,TEC-PH-10000675,Technology,Phones,Panasonic KX TS3282B Corded phone,196.776,3,0.2,14.7582,False
5262,CA-2014-105165,2014-09-07,2014-09-10,First Class,SZ-20035,Sam Zeldin,Home Office,United States,Houston,Texas,77036,Central,OFF-BI-10000050,Office Supplies,Binders,"Angle-D Binders with Locking Rings, Label Holders",2.92,2,0.8,-4.818,False
5263,CA-2014-105165,2014-09-07,2014-09-10,First Class,SZ-20035,Sam Zeldin,Home Office,United States,Houston,Texas,77036,Central,FUR-TA-10004154,Furniture,Tables,"Riverside Furniture Oval Coffee Table, Oval End Table, End Table with Drawer",200.795,1,0.3,-22.948,False
5264,CA-2014-105165,2014-09-07,2014-09-10,First Class,SZ-20035,Sam Zeldin,Home Office,United States,Houston,Texas,77036,Central,TEC-AC-10002718,Technology,Accessories,Belkin Standard 104 key USB Keyboard,46.688,4,0.2,-2.918,False
5265,CA-2014-105165,2014-09-07,2014-09-10,First Class,SZ-20035,Sam Zeldin,Home Office,United States,Houston,Texas,77036,Central,OFF-AR-10003179,Office Supplies,Art,Dixon Ticonderoga Core-Lock Colored Pencils,21.864,3,0.2,3.5529,False
5270,CA-2017-144484,2017-09-11,2017-09-11,Same Day,CB-12025,Cassandra Brandow,Consumer,United States,San Francisco,California,94110,West,FUR-FU-10000260,Furniture,Furnishings,"6"" Cubicle Wall Clock, Black",32.36,4,0.0,11.6496,False
5271,CA-2017-144484,2017-09-11,2017-09-11,Same Day,CB-12025,Cassandra Brandow,Consumer,United States,San Francisco,California,94110,West,OFF-AP-10004487,Office Supplies,Appliances,Kensington 4 Outlet MasterPiece Compact Power Control Center,406.6,5,0.0,113.848,False
5275,CA-2015-162887,2015-11-07,2015-11-09,Second Class,SV-20785,Stewart Visinsky,Consumer,United States,Burlington,Vermont,5408,East,FUR-CH-10000595,Furniture,Chairs,Safco Contoured Stacking Chairs,715.2,3,0.0,178.8,True
5280,US-2017-104094,2017-09-07,2017-09-11,Standard Class,AG-10675,Anna Gayman,Consumer,United States,Milwaukee,Wisconsin,53209,Central,TEC-AC-10002134,Technology,Accessories,Rosewill 107 Normal Keys USB Wired Standard Keyboard,13.48,1,0.0,1.8872,False
5281,CA-2017-152709,2017-10-07,2017-10-12,Standard Class,DB-13210,Dean Braden,Consumer,United States,Detroit,Michigan,48234,Central,OFF-ST-10001837,Office Supplies,Storage,"SAFCO Mobile Desk Side File, Wire Frame",85.52,2,0.0,22.2352,False
5282,CA-2015-105158,2015-09-05,2015-09-10,Standard Class,SP-20860,Sung Pak,Corporate,United States,Rochester,Minnesota,55901,Central,FUR-FU-10001706,Furniture,Furnishings,Longer-Life Soft White Bulbs,6.16,2,0.0,2.9568,False
5283,CA-2015-105158,2015-09-05,2015-09-10,Standard Class,SP-20860,Sung Pak,Corporate,United States,Rochester,Minnesota,55901,Central,OFF-PA-10001970,Office Supplies,Paper,Xerox 1881,36.84,3,0.0,17.3148,False
5286,CA-2017-105991,2017-05-05,2017-05-06,First Class,LH-17020,Lisa Hazard,Consumer,United States,Louisville,Colorado,80027,West,OFF-EN-10002600,Office Supplies,Envelopes,"Redi-Strip #10 Envelopes, 4 1/8 x 9 1/2",21.24,9,0.2,7.434,False
5287,CA-2017-105991,2017-05-05,2017-05-06,First Class,LH-17020,Lisa Hazard,Consumer,United States,Louisville,Colorado,80027,West,OFF-BI-10003274,Office Supplies,Binders,"Avery Durable Slant Ring Binders, No Labels",9.552,8,0.7,-7.3232,False
5288,CA-2017-105991,2017-05-05,2017-05-06,First Class,LH-17020,Lisa Hazard,Consumer,United States,Louisville,Colorado,80027,West,FUR-BO-10004467,Furniture,Bookcases,Bestar Classic Bookcase,89.991,3,0.7,-152.9847,False
5296,CA-2017-142174,2017-03-04,2017-03-09,Standard Class,DP-13000,Darren Powers,Consumer,United States,Houston,Texas,77041,Central,OFF-PA-10000806,Office Supplies,Paper,Xerox 1934,89.568,2,0.2,32.4684,False
5316,CA-2016-154060,2016-05-02,2016-05-08,Standard Class,DL-12865,Dan Lawera,Consumer,United States,Greensboro,North Carolina,27405,South,FUR-CH-10002304,Furniture,Chairs,"Global Stack Chair without Arms, Black",187.056,9,0.2,11.691,False
5317,US-2017-162558,2017-10-02,2017-10-05,First Class,Dp-13240,Dean percer,Home Office,United States,Knoxville,Tennessee,37918,South,FUR-FU-10002364,Furniture,Furnishings,"Eldon Expressions Wood Desk Accessories, Oak",11.808,2,0.2,1.3284,False
5318,US-2017-162558,2017-10-02,2017-10-05,First Class,Dp-13240,Dean percer,Home Office,United States,Knoxville,Tennessee,37918,South,FUR-FU-10004864,Furniture,Furnishings,Eldon 500 Class Desk Accessories,9.656,1,0.2,1.5691,False
5319,US-2017-162558,2017-10-02,2017-10-05,First Class,Dp-13240,Dean percer,Home Office,United States,Knoxville,Tennessee,37918,South,OFF-PA-10003172,Office Supplies,Paper,Xerox 1996,20.736,4,0.2,7.2576,False
5320,US-2017-162558,2017-10-02,2017-10-05,First Class,Dp-13240,Dean percer,Home Office,United States,Knoxville,Tennessee,37918,South,OFF-BI-10000977,Office Supplies,Binders,Ibico Plastic Spiral Binding Combs,27.36,3,0.7,-21.888,False
5321,US-2017-162558,2017-10-02,2017-10-05,First Class,Dp-13240,Dean percer,Home Office,United States,Knoxville,Tennessee,37918,South,FUR-TA-10000198,Furniture,Tables,Chromcraft Bull-Nose Wood Oval Conference Tables & Bases,2314.116,7,0.4,-1002.7836,True
5322,US-2017-162558,2017-10-02,2017-10-05,First Class,Dp-13240,Dean percer,Home Office,United States,Knoxville,Tennessee,37918,South,OFF-BI-10003984,Office Supplies,Binders,Lock-Up Easel 'Spel-Binder',34.236,4,0.7,-26.2476,False
5323,US-2017-162558,2017-10-02,2017-10-05,First Class,Dp-13240,Dean percer,Home Office,United States,Knoxville,Tennessee,37918,South,FUR-FU-10003691,Furniture,Furnishings,"Eldon Image Series Desk Accessories, Ebony",19.76,2,0.2,5.928,False
5325,CA-2015-119508,2015-12-04,2015-12-09,Standard Class,TZ-21580,Tracy Zic,Consumer,United States,Lakewood,California,90712,West,OFF-AR-10003723,Office Supplies,Art,Avery Hi-Liter Fluorescent Desk Style Markers,16.9,5,0.0,6.253,False
5326,CA-2015-119508,2015-12-04,2015-12-09,Standard Class,TZ-21580,Tracy Zic,Consumer,United States,Lakewood,California,90712,West,FUR-FU-10004270,Furniture,Furnishings,"Eldon Image Series Desk Accessories, Burgundy",25.08,6,0.0,9.0288,False
5328,CA-2014-130813,2014-01-06,2014-01-08,Second Class,LS-17230,Lycoris Saunders,Consumer,United States,Los Angeles,California,90049,West,OFF-PA-10002005,Office Supplies,Paper,Xerox 225,19.44,3,0.0,9.3312,False
5329,CA-2015-120320,2015-03-05,2015-03-09,Standard Class,MV-18190,Mike Vittorini,Consumer,United States,Houston,Texas,77036,Central,TEC-PH-10000149,Technology,Phones,Cisco SPA525G2 IP Phone - Wireless,31.92,2,0.2,2.394,False
5331,CA-2016-123120,2016-09-04,2016-09-08,Standard Class,CV-12295,Christina VanderZanden,Consumer,United States,New York City,New York,10011,East,FUR-FU-10004748,Furniture,Furnishings,"Howard Miller 16"" Diameter Gallery Wall Clock",63.94,1,0.0,24.9366,False
5332,CA-2016-123120,2016-09-04,2016-09-08,Standard Class,CV-12295,Christina VanderZanden,Consumer,United States,New York City,New York,10011,East,OFF-BI-10001460,Office Supplies,Binders,Plastic Binding Combs,60.6,5,0.2,20.4525,False
5333,CA-2016-123120,2016-09-04,2016-09-08,Standard Class,CV-12295,Christina VanderZanden,Consumer,United States,New York City,New York,10011,East,OFF-SU-10002503,Office Supplies,Supplies,Acme Preferred Stainless Steel Scissors,22.72,4,0.0,6.5888,False
5349,CA-2015-149811,2015-01-04,2015-01-10,Standard Class,CS-12250,Chris Selesnick,Corporate,United States,Woodbury,Minnesota,55125,Central,OFF-BI-10003676,Office Supplies,Binders,"GBC Standard Recycled Report Covers, Clear Plastic Sheets",32.34,3,0.0,15.5232,False
5350,CA-2015-149811,2015-01-04,2015-01-10,Standard Class,CS-12250,Chris Selesnick,Corporate,United States,Woodbury,Minnesota,55125,Central,OFF-PA-10004082,Office Supplies,Paper,"Adams Telephone Message Book w/Frequently-Called Numbers Space, 400 Messages per Book",39.9,5,0.0,19.95,False
5352,CA-2016-123932,2016-09-06,2016-09-12,Standard Class,YC-21895,Yoseph Carroll,Corporate,United States,Dallas,Texas,75217,Central,OFF-PA-10004665,Office Supplies,Paper,Advantus Motivational Note Cards,41.92,4,0.2,15.196,False
5353,CA-2016-123932,2016-09-06,2016-09-12,Standard Class,YC-21895,Yoseph Carroll,Corporate,United States,Dallas,Texas,75217,Central,TEC-PH-10002447,Technology,Phones,AT&T CL83451 4-Handset Telephone,329.584,2,0.2,37.0782,False
5354,US-2016-101616,2016-09-03,2016-09-06,First Class,CY-12745,Craig Yedwab,Corporate,United States,Monroe,Louisiana,71203,South,OFF-BI-10000014,Office Supplies,Binders,Heavy-Duty E-Z-D Binders,87.28,8,0.0,41.0216,False
5358,CA-2014-150490,2014-08-05,2014-08-11,Standard Class,SS-20590,Sonia Sunley,Consumer,United States,San Francisco,California,94122,West,TEC-AC-10004510,Technology,Accessories,Logitech Desktop MK120 Mouse and keyboard Combo,16.36,1,0.0,1.636,False
5359,CA-2014-150490,2014-08-05,2014-08-11,Standard Class,SS-20590,Sonia Sunley,Consumer,United States,San Francisco,California,94122,West,OFF-ST-10000321,Office Supplies,Storage,Akro Stacking Bins,15.78,2,0.0,0.6312,False
5360,CA-2014-150490,2014-08-05,2014-08-11,Standard Class,SS-20590,Sonia Sunley,Consumer,United States,San Francisco,California,94122,West,OFF-AR-10004602,Office Supplies,Art,Boston KS Multi-Size Manual Pencil Sharpener,45.98,2,0.0,12.8744,False
5362,CA-2017-100951,2017-06-09,2017-06-10,First Class,NC-18625,Noah Childs,Corporate,United States,Dallas,Texas,75217,Central,OFF-ST-10001496,Office Supplies,Storage,Standard Rollaway File with Lock,720.76,5,0.2,54.057,True
5371,US-2017-136721,2017-04-08,2017-04-12,Standard Class,NH-18610,Nicole Hansen,Corporate,United States,Oak Park,Michigan,48237,Central,FUR-FU-10004665,Furniture,Furnishings,"3M Polarizing Task Lamp with Clamp Arm, Light Gray",273.96,2,0.0,71.2296,False
5372,US-2017-136721,2017-04-08,2017-04-12,Standard Class,NH-18610,Nicole Hansen,Corporate,United States,Oak Park,Michigan,48237,Central,FUR-FU-10004188,Furniture,Furnishings,Luxo Professional Combination Clamp-On Lamps,306.9,3,0.0,79.794,False
5378,CA-2014-125542,2014-12-05,2014-12-07,First Class,NB-18655,Nona Balk,Corporate,United States,Philadelphia,Pennsylvania,19134,East,OFF-EN-10000056,Office Supplies,Envelopes,Cameo Buff Policy Envelopes,348.488,7,0.2,117.6147,False
5379,CA-2014-125542,2014-12-05,2014-12-07,First Class,NB-18655,Nona Balk,Corporate,United States,Philadelphia,Pennsylvania,19134,East,OFF-ST-10001469,Office Supplies,Storage,Fellowes Bankers Box Recycled Super Stor/Drawer,172.736,4,0.2,-30.2288,False
5382,CA-2016-149195,2016-09-05,2016-09-07,Second Class,DM-13525,Don Miller,Corporate,United States,Houston,Texas,77070,Central,OFF-PA-10001870,Office Supplies,Paper,Xerox 202,25.92,5,0.2,9.072,False
5383,CA-2016-149195,2016-09-05,2016-09-07,Second Class,DM-13525,Don Miller,Corporate,United States,Houston,Texas,77070,Central,OFF-FA-10001843,Office Supplies,Fasteners,Staples,15.808,8,0.2,5.3352,False
5384,CA-2016-149195,2016-09-05,2016-09-07,Second Class,DM-13525,Don Miller,Corporate,United States,Houston,Texas,77070,Central,OFF-PA-10002036,Office Supplies,Paper,Xerox 1930,10.368,2,0.2,3.7584,False
5391,CA-2017-163874,2017-11-10,2017-11-12,Second Class,NC-18535,Nick Crebassa,Corporate,United States,Seattle,Washington,98105,West,OFF-BI-10000088,Office Supplies,Binders,GBC Imprintable Covers,26.352,3,0.2,9.5526,False
5418,CA-2014-132542,2014-10-06,2014-10-08,Second Class,AM-10360,Alice McCarthy,Corporate,United States,Omaha,Nebraska,68104,Central,OFF-BI-10004099,Office Supplies,Binders,GBC VeloBinder Strips,15.36,2,0.0,7.68,False
5424,CA-2017-103009,2017-11-03,2017-11-05,Second Class,PJ-18835,Patrick Jones,Corporate,United States,Richmond,Kentucky,40475,South,OFF-PA-10001215,Office Supplies,Paper,Xerox 1963,26.4,5,0.0,11.88,False
5426,CA-2016-153598,2016-12-03,2016-12-06,First Class,NM-18520,Neoma Murray,Consumer,United States,Los Angeles,California,90045,West,TEC-AC-10003870,Technology,Accessories,Logitechï¿½Z-906 Speaker sys - home theater - 5.1-CH,1649.95,5,0.0,659.98,True
5427,CA-2016-153598,2016-12-03,2016-12-06,First Class,NM-18520,Neoma Murray,Consumer,United States,Los Angeles,California,90045,West,FUR-FU-10001085,Furniture,Furnishings,3M Polarizing Light Filter Sleeves,111.9,6,0.0,51.474,False
5429,CA-2016-113096,2016-09-02,2016-09-04,First Class,SZ-20035,Sam Zeldin,Home Office,United States,San Francisco,California,94122,West,OFF-ST-10003455,Office Supplies,Storage,"Tenex File Box, Personal Filing Tote with Lid, Black",46.53,3,0.0,12.0978,False
5430,CA-2014-136861,2014-09-05,2014-09-07,First Class,PR-18880,Patrick Ryan,Consumer,United States,Saint Petersburg,Florida,33710,South,FUR-FU-10001967,Furniture,Furnishings,Telescoping Adjustable Floor Lamp,31.984,2,0.2,1.999,False
5437,CA-2014-103317,2014-07-05,2014-07-08,First Class,DM-13525,Don Miller,Corporate,United States,Palm Coast,Florida,32137,South,FUR-FU-10001591,Furniture,Furnishings,Advantus Panel Wall Certificate Holder - 8.5x11,19.52,2,0.2,5.368,False
5438,CA-2014-103317,2014-07-05,2014-07-08,First Class,DM-13525,Don Miller,Corporate,United States,Palm Coast,Florida,32137,South,OFF-BI-10001787,Office Supplies,Binders,Wilson Jones Four-Pocket Poly Binders,9.81,5,0.7,-6.867,False
5439,CA-2014-103317,2014-07-05,2014-07-08,First Class,DM-13525,Don Miller,Corporate,United States,Palm Coast,Florida,32137,South,FUR-FU-10003192,Furniture,Furnishings,Luxo Adjustable Task Clamp Lamp,213.216,3,0.2,15.9912,False
5440,CA-2016-167115,2016-04-04,2016-04-09,Standard Class,EH-14185,Evan Henry,Consumer,United States,New York City,New York,10035,East,OFF-BI-10004600,Office Supplies,Binders,Ibico Ibimaster 300 Manual Binding System,588.784,2,0.2,183.995,True
5459,CA-2017-116680,2017-09-04,2017-09-06,Second Class,PK-19075,Pete Kriz,Consumer,United States,San Francisco,California,94122,West,OFF-BI-10004022,Office Supplies,Binders,Acco Suede Grain Vinyl Round Ring Binder,13.344,6,0.2,4.3368,False
5460,CA-2017-116680,2017-09-04,2017-09-06,Second Class,PK-19075,Pete Kriz,Consumer,United States,San Francisco,California,94122,West,FUR-TA-10001771,Furniture,Tables,"Bush Cubix Conference Tables, Fully Assembled",1478.272,8,0.2,92.392,True
5488,CA-2017-134495,2017-04-01,2017-04-04,Second Class,BF-11020,Barry Franzï¿½sisch,Corporate,United States,Jacksonville,Florida,32216,South,TEC-PH-10004897,Technology,Phones,Mediabridge Sport Armband iPhone 5s,23.976,3,0.2,-5.6943,False
5489,CA-2017-134495,2017-04-01,2017-04-04,Second Class,BF-11020,Barry Franzï¿½sisch,Corporate,United States,Jacksonville,Florida,32216,South,OFF-LA-10000262,Office Supplies,Labels,Avery 494,6.264,3,0.2,2.0358,False
5490,CA-2017-134495,2017-04-01,2017-04-04,Second Class,BF-11020,Barry Franzï¿½sisch,Corporate,United States,Jacksonville,Florida,32216,South,OFF-AP-10002222,Office Supplies,Appliances,Staple holder,20.808,3,0.2,1.8207,False
5491,CA-2017-134495,2017-04-01,2017-04-04,Second Class,BF-11020,Barry Franzï¿½sisch,Corporate,United States,Jacksonville,Florida,32216,South,FUR-CH-10003774,Furniture,Chairs,"Global Wood Trimmed Manager's Task Chair, Khaki",218.352,3,0.2,-19.1058,False
5496,CA-2015-113523,2015-09-04,2015-09-08,Standard Class,SC-20440,Shaun Chance,Corporate,United States,Philadelphia,Pennsylvania,19140,East,OFF-BI-10001249,Office Supplies,Binders,Avery Heavy-Duty EZD View Binder with Locking Rings,7.656,4,0.7,-6.1248,False
5503,CA-2017-127782,2017-11-02,2017-11-06,Standard Class,TH-21115,Thea Hudgings,Corporate,United States,Philadelphia,Pennsylvania,19140,East,FUR-FU-10001847,Furniture,Furnishings,Eldon Image Series Black Desk Accessories,3.312,1,0.2,0.6624,False
5504,CA-2017-127782,2017-11-02,2017-11-06,Standard Class,TH-21115,Thea Hudgings,Corporate,United States,Philadelphia,Pennsylvania,19140,East,OFF-AP-10001962,Office Supplies,Appliances,Black & Decker Filter for Double Action Dustbuster Cordless Vac BLDV7210,20.136,3,0.2,1.2585,False
5505,CA-2017-127782,2017-11-02,2017-11-06,Standard Class,TH-21115,Thea Hudgings,Corporate,United States,Philadelphia,Pennsylvania,19140,East,OFF-EN-10003845,Office Supplies,Envelopes,Colored Envelopes,8.856,3,0.2,2.8782,False
5506,CA-2017-127782,2017-11-02,2017-11-06,Standard Class,TH-21115,Thea Hudgings,Corporate,United States,Philadelphia,Pennsylvania,19140,East,TEC-PH-10001817,Technology,Phones,Wilson Electronics DB Pro Signal Booster,859.2,4,0.4,-186.16,True
5507,US-2016-162026,2016-10-08,2016-10-08,Same Day,JE-15745,Joel Eaton,Consumer,United States,Los Angeles,California,90036,West,OFF-PA-10000167,Office Supplies,Paper,Xerox 1925,61.96,2,0.0,27.882,False
5509,CA-2015-168529,2015-10-08,2015-10-12,Standard Class,MB-17305,Maria Bertelson,Consumer,United States,San Francisco,California,94122,West,FUR-FU-10001588,Furniture,Furnishings,"Deflect-o SuperTray Unbreakable Stackable Tray, Letter, Black",145.9,5,0.0,62.737,False
5518,CA-2017-117667,2017-12-04,2017-12-09,Standard Class,MS-17980,Michael Stewart,Corporate,United States,Philadelphia,Pennsylvania,19134,East,FUR-CH-10004540,Furniture,Chairs,Global Chrome Stack Chair,239.96,10,0.3,-10.284,False
5519,CA-2017-117667,2017-12-04,2017-12-09,Standard Class,MS-17980,Michael Stewart,Corporate,United States,Philadelphia,Pennsylvania,19134,East,FUR-FU-10004093,Furniture,Furnishings,Hand-Finished Solid Wood Document Frame,54.768,2,0.2,6.846,False
5520,CA-2017-117667,2017-12-04,2017-12-09,Standard Class,MS-17980,Michael Stewart,Corporate,United States,Philadelphia,Pennsylvania,19134,East,OFF-AR-10000716,Office Supplies,Art,DIXON Ticonderoga Erasable Checking Pencils,13.392,3,0.2,3.1806,False
5521,CA-2017-117667,2017-12-04,2017-12-09,Standard Class,MS-17980,Michael Stewart,Corporate,United States,Philadelphia,Pennsylvania,19134,East,OFF-PA-10002709,Office Supplies,Paper,Xerox 1956,23.92,5,0.2,8.671,False
5522,CA-2017-117667,2017-12-04,2017-12-09,Standard Class,MS-17980,Michael Stewart,Corporate,United States,Philadelphia,Pennsylvania,19134,East,TEC-AC-10000580,Technology,Accessories,Logitech G13 Programmable Gameboard with LCD Display,255.968,4,0.2,-28.7964,False
5523,CA-2016-110982,2016-06-05,2016-06-07,First Class,CK-12205,Chloris Kastensmidt,Consumer,United States,Santa Clara,California,95051,West,OFF-BI-10000829,Office Supplies,Binders,Avery Non-Stick Binders,21.552,6,0.2,7.0044,False
5524,CA-2016-110982,2016-06-05,2016-06-07,First Class,CK-12205,Chloris Kastensmidt,Consumer,United States,Santa Clara,California,95051,West,OFF-AP-10004859,Office Supplies,Appliances,Acco 6 Outlet Guardian Premium Surge Suppressor,58.24,4,0.0,15.7248,False
5525,CA-2016-147123,2016-12-10,2016-12-12,First Class,SJ-20125,Sanjit Jacobs,Home Office,United States,Long Beach,California,90805,West,OFF-PA-10000575,Office Supplies,Paper,"Wirebound Message Books, Four 2 3/4 x 5 White Forms per Page",80.28,12,0.0,36.9288,False
5528,CA-2015-142055,2015-05-08,2015-05-10,First Class,AB-10255,Alejandro Ballentine,Home Office,United States,New York City,New York,10009,East,OFF-PA-10003465,Office Supplies,Paper,Xerox 1912,37.94,2,0.0,18.2112,False
5530,CA-2017-136609,2017-08-06,2017-08-11,Standard Class,TB-21355,Todd Boyes,Corporate,United States,Cedar Hill,Texas,75104,Central,OFF-PA-10004381,Office Supplies,Paper,14-7/8 x 11 Blue Bar Computer Printout Paper,115.296,3,0.2,40.3536,False
5531,CA-2017-160885,2017-12-02,2017-12-06,Standard Class,JK-16090,Juliana Krohn,Consumer,United States,Omaha,Nebraska,68104,Central,TEC-PH-10001795,Technology,Phones,ClearOne CHATAttach 160 -ï¿½speaker phone,2479.96,4,0.0,743.988,True
5532,US-2016-167472,2016-06-06,2016-06-07,First Class,CK-12595,Clytie Kelty,Consumer,United States,Little Rock,Arkansas,72209,South,TEC-AC-10001109,Technology,Accessories,Logitech Trackman Marble Mouse,179.94,6,0.0,75.5748,False
5533,US-2016-167472,2016-06-06,2016-06-07,First Class,CK-12595,Clytie Kelty,Consumer,United States,Little Rock,Arkansas,72209,South,TEC-AC-10003038,Technology,Accessories,Kingston Digital DataTraveler 16GB USB 2.0,26.85,3,0.0,5.1015,False
5534,US-2016-167472,2016-06-06,2016-06-07,First Class,CK-12595,Clytie Kelty,Consumer,United States,Little Rock,Arkansas,72209,South,TEC-AC-10003174,Technology,Accessories,Plantronics S12 Corded Telephone Headset System,323.37,3,0.0,129.348,False
5535,US-2016-167472,2016-06-06,2016-06-07,First Class,CK-12595,Clytie Kelty,Consumer,United States,Little Rock,Arkansas,72209,South,OFF-PA-10000157,Office Supplies,Paper,Xerox 191,59.94,3,0.0,28.1718,False
5536,US-2016-167472,2016-06-06,2016-06-07,First Class,CK-12595,Clytie Kelty,Consumer,United States,Little Rock,Arkansas,72209,South,OFF-BI-10001721,Office Supplies,Binders,Trimflex Flexible Post Binders,64.14,3,0.0,30.7872,False
5537,US-2016-167472,2016-06-06,2016-06-07,First Class,CK-12595,Clytie Kelty,Consumer,United States,Little Rock,Arkansas,72209,South,OFF-BI-10000591,Office Supplies,Binders,Avery Binder Labels,11.67,3,0.0,5.6016,False
5538,US-2016-167472,2016-06-06,2016-06-07,First Class,CK-12595,Clytie Kelty,Consumer,United States,Little Rock,Arkansas,72209,South,OFF-PA-10001534,Office Supplies,Paper,Xerox 230,12.96,2,0.0,6.2208,False
5547,CA-2017-151008,2017-09-07,2017-09-08,First Class,JM-16195,Justin MacKendrick,Consumer,United States,Draper,Utah,84020,West,FUR-FU-10002396,Furniture,Furnishings,"DAX Copper Panel Document Frame, 5 x 7 Size",25.16,2,0.0,10.5672,False
5548,CA-2017-151008,2017-09-07,2017-09-08,First Class,JM-16195,Justin MacKendrick,Consumer,United States,Draper,Utah,84020,West,TEC-PH-10002807,Technology,Phones,Motorla HX550 Universal Bluetooth Headset,126.56,4,0.2,47.46,False
5556,CA-2017-116113,2017-10-02,2017-10-06,Second Class,JW-15220,Jane Waco,Corporate,United States,Montgomery,Alabama,36116,South,FUR-FU-10002963,Furniture,Furnishings,"Master Caster Door Stop, Gray",10.16,2,0.0,3.4544,False
5559,US-2015-114741,2015-12-06,2015-12-10,Standard Class,IL-15100,Ivan Liston,Consumer,United States,North Las Vegas,Nevada,89031,West,OFF-PA-10000048,Office Supplies,Paper,Xerox 20,6.48,1,0.0,3.1104,False
5560,US-2015-114741,2015-12-06,2015-12-10,Standard Class,IL-15100,Ivan Liston,Consumer,United States,North Las Vegas,Nevada,89031,West,OFF-ST-10000078,Office Supplies,Storage,Tennsco 6- and 18-Compartment Lockers,1325.85,5,0.0,238.653,True
5561,US-2015-114741,2015-12-06,2015-12-10,Standard Class,IL-15100,Ivan Liston,Consumer,United States,North Las Vegas,Nevada,89031,West,OFF-LA-10004853,Office Supplies,Labels,Avery 483,14.94,3,0.0,6.8724,False
5572,CA-2014-151162,2014-12-05,2014-12-09,Standard Class,EA-14035,Erin Ashbrook,Corporate,United States,Columbus,Ohio,43229,East,OFF-PA-10001033,Office Supplies,Paper,Xerox 1893,98.376,3,0.2,35.6613,False
5573,CA-2014-151162,2014-12-05,2014-12-09,Standard Class,EA-14035,Erin Ashbrook,Corporate,United States,Columbus,Ohio,43229,East,OFF-BI-10003719,Office Supplies,Binders,Large Capacity Hanging Post Binders,29.94,4,0.7,-23.952,False
5574,CA-2014-151162,2014-12-05,2014-12-09,Standard Class,EA-14035,Erin Ashbrook,Corporate,United States,Columbus,Ohio,43229,East,OFF-PA-10003036,Office Supplies,Paper,"Black Print Carbonless 8 1/2"" x 8 1/4"" Rapid Memo Book",17.472,3,0.2,5.6784,False
5575,CA-2014-151162,2014-12-05,2014-12-09,Standard Class,EA-14035,Erin Ashbrook,Corporate,United States,Columbus,Ohio,43229,East,TEC-PH-10001870,Technology,Phones,Lunatik TT5L-002 Taktik Strike Impact Protection System for iPhone 5,36.738,1,0.4,-9.1845,False
5576,CA-2014-151162,2014-12-05,2014-12-09,Standard Class,EA-14035,Erin Ashbrook,Corporate,United States,Columbus,Ohio,43229,East,TEC-PH-10001809,Technology,Phones,Panasonic KX T7736-B Digital phone,179.94,2,0.4,-44.985,False
5582,CA-2017-163818,2017-10-04,2017-10-08,Standard Class,PS-18970,Paul Stevenson,Home Office,United States,Clinton,Maryland,20735,East,FUR-FU-10000076,Furniture,Furnishings,24-Hour Round Wall Clock,19.98,1,0.0,8.5914,False
5590,CA-2016-115224,2016-12-08,2016-12-11,Second Class,DB-13615,Doug Bickford,Consumer,United States,San Francisco,California,94110,West,OFF-ST-10000615,Office Supplies,Storage,"SimpliFile Personal File, Black Granite, 15w x 6-15/16d x 11-1/4h",34.05,3,0.0,9.534,False
5591,CA-2016-115224,2016-12-08,2016-12-11,Second Class,DB-13615,Doug Bickford,Consumer,United States,San Francisco,California,94110,West,OFF-ST-10003816,Office Supplies,Storage,Fellowes High-Stak Drawer Files,352.38,2,0.0,81.0474,False
5600,CA-2014-108903,2014-10-03,2014-10-03,Same Day,DO-13435,Denny Ordway,Consumer,United States,Columbus,Ohio,43229,East,OFF-AR-10004010,Office Supplies,Art,Hunt Boston Vacuum Mount KS Pencil Sharpener,55.984,2,0.2,4.1988,False
5601,CA-2014-108903,2014-10-03,2014-10-03,Same Day,DO-13435,Denny Ordway,Consumer,United States,Columbus,Ohio,43229,East,OFF-EN-10004030,Office Supplies,Envelopes,Convenience Packs of Business Envelopes,14.48,5,0.2,4.887,False
5602,CA-2014-108903,2014-10-03,2014-10-03,Same Day,DO-13435,Denny Ordway,Consumer,United States,Columbus,Ohio,43229,East,TEC-AC-10003023,Technology,Accessories,Logitech G105 Gaming Keyboard,142.488,3,0.2,-3.5622,False
5605,CA-2015-142475,2015-12-03,2015-12-07,Standard Class,BS-11380,Bill Stewart,Corporate,United States,New York City,New York,10011,East,OFF-BI-10003718,Office Supplies,Binders,GBC Therma-A-Bind 250T Electric Binding System,590.352,6,0.2,206.6232,True
5609,CA-2015-168634,2015-12-06,2015-12-11,Standard Class,AF-10870,Art Ferguson,Consumer,United States,San Francisco,California,94109,West,OFF-AP-10001626,Office Supplies,Appliances,"Commercial WindTunnel Clean Air Upright Vacuum, Replacement Belts, Filtration Bags",7.78,2,0.0,2.0228,False
5611,CA-2015-145828,2015-10-05,2015-10-07,First Class,MB-17305,Maria Bertelson,Consumer,United States,Cincinnati,Ohio,45231,East,TEC-AC-10002323,Technology,Accessories,SanDisk Ultra 32 GB MicroSDHC Class 10 Memory Card,53.04,3,0.2,-4.641,False
5614,CA-2016-147431,2016-02-02,2016-02-07,Standard Class,AB-10105,Adrian Barton,Consumer,United States,New York City,New York,10011,East,OFF-ST-10003994,Office Supplies,Storage,"Belkin 19"" Center-Weighted Shelf, Gray",117.96,2,0.0,5.898,False
5635,CA-2015-134943,2015-12-05,2015-12-06,First Class,SU-20665,Stephanie Ulpright,Home Office,United States,Ann Arbor,Michigan,48104,Central,OFF-BI-10000666,Office Supplies,Binders,Surelock Post Binders,152.8,5,0.0,76.4,False
5636,CA-2017-123022,2017-09-03,2017-09-08,Standard Class,SC-20050,Sample Company A,Home Office,United States,La Mesa,California,91941,West,OFF-BI-10002225,Office Supplies,Binders,"Square Ring Data Binders, Rigid 75 Pt. Covers, 11"" x 14-7/8""",82.56,5,0.2,28.896,False
5637,CA-2017-123022,2017-09-03,2017-09-08,Standard Class,SC-20050,Sample Company A,Home Office,United States,La Mesa,California,91941,West,TEC-AC-10000474,Technology,Accessories,Kensington Expert Mouse Optical USB Trackball for PC or Mac,284.97,3,0.0,85.491,False
5642,CA-2017-106355,2017-04-02,2017-04-05,First Class,AT-10435,Alyssa Tate,Home Office,United States,Meriden,Connecticut,6450,East,OFF-AR-10000246,Office Supplies,Art,Newell 318,11.12,4,0.0,2.8912,False
5643,CA-2016-127985,2016-04-01,2016-04-05,Second Class,DB-12910,Daniel Byrd,Home Office,United States,Columbus,Georgia,31907,South,FUR-FU-10003274,Furniture,Furnishings,Regeneration Desk Collection,7.04,4,0.0,3.0976,False
5647,CA-2015-104241,2015-01-04,2015-01-09,Standard Class,AG-10495,Andrew Gjertsen,Corporate,United States,Alexandria,Virginia,22304,South,FUR-FU-10001473,Furniture,Furnishings,DAX Wood Document Frame,192.22,14,0.0,69.1992,False
5648,CA-2017-168179,2017-11-02,2017-11-07,Standard Class,JB-16000,Joy Bell-,Consumer,United States,Salt Lake City,Utah,84106,West,OFF-PA-10001800,Office Supplies,Paper,Xerox 220,19.44,3,0.0,9.3312,False
5653,CA-2017-109099,2017-10-06,2017-10-11,Standard Class,MM-18280,Muhammed MacIntyre,Corporate,United States,New York City,New York,10009,East,OFF-PA-10001033,Office Supplies,Paper,Xerox 1893,40.99,1,0.0,20.0851,False
5654,US-2014-134187,2014-11-04,2014-11-11,Standard Class,TH-21235,Tiffany House,Corporate,United States,Long Beach,California,90805,West,OFF-AR-10000940,Office Supplies,Art,Newell 343,2.94,1,0.0,0.7938,False
5671,CA-2015-141012,2015-06-09,2015-06-11,Second Class,TG-21640,Trudy Glocke,Consumer,United States,Pocatello,Idaho,83201,West,FUR-FU-10003192,Furniture,Furnishings,Luxo Adjustable Task Clamp Lamp,355.36,4,0.0,92.3936,False
5672,CA-2015-141012,2015-06-09,2015-06-11,Second Class,TG-21640,Trudy Glocke,Consumer,United States,Pocatello,Idaho,83201,West,TEC-PH-10004522,Technology,Phones,Dexim XPower Skin Super-Thin Power Case for iPhone 5 - Black,140.376,3,0.2,8.7735,False
5683,CA-2014-164315,2014-04-02,2014-04-08,Standard Class,RD-19585,Rob Dowd,Consumer,United States,Athens,Georgia,30605,South,OFF-PA-10004248,Office Supplies,Paper,Xerox 1990,15.84,3,0.0,7.128,False
5684,CA-2014-164315,2014-04-02,2014-04-08,Standard Class,RD-19585,Rob Dowd,Consumer,United States,Athens,Georgia,30605,South,TEC-PH-10001128,Technology,Phones,Motorola Droid Maxx,1049.93,7,0.0,293.9804,True
5685,CA-2014-164315,2014-04-02,2014-04-08,Standard Class,RD-19585,Rob Dowd,Consumer,United States,Athens,Georgia,30605,South,OFF-AP-10003842,Office Supplies,Appliances,Euro-Pro Shark Turbo Vacuum,154.9,5,0.0,40.274,False
5686,CA-2015-131072,2015-11-05,2015-11-05,Same Day,KL-16645,Ken Lonsdale,Consumer,United States,Seattle,Washington,98105,West,OFF-BI-10002794,Office Supplies,Binders,"Avery Trapezoid Ring Binder, 3"" Capacity, Black, 1040 sheets",98.352,3,0.2,35.6526,False
5696,CA-2016-126165,2016-05-05,2016-05-07,Second Class,AH-10465,Amy Hunt,Consumer,United States,San Francisco,California,94109,West,FUR-TA-10001676,Furniture,Tables,Hon 61000 Series Interactive Training Tables,71.088,2,0.2,-1.7772,False
5699,CA-2016-143441,2016-11-05,2016-11-05,Same Day,EB-14170,Evan Bailliet,Consumer,United States,Laredo,Texas,78041,Central,OFF-LA-10002312,Office Supplies,Labels,Avery 490,11.84,1,0.2,4.44,False
5700,CA-2017-148320,2017-11-03,2017-11-08,Standard Class,PG-18895,Paul Gonzalez,Consumer,United States,San Francisco,California,94109,West,OFF-PA-10003022,Office Supplies,Paper,Xerox 1992,35.88,6,0.0,17.5812,False
5706,CA-2014-155593,2014-11-03,2014-11-08,Standard Class,RP-19390,Resi Pï¿½lking,Consumer,United States,Fairfield,Connecticut,6824,East,OFF-SU-10002522,Office Supplies,Supplies,Acme Kleen Earth Office Shears,11.64,3,0.0,3.3756,False
5714,US-2014-143707,2014-03-01,2014-03-05,Standard Class,HR-14770,Hallie Redmond,Home Office,United States,New York City,New York,10035,East,TEC-PH-10003655,Technology,Phones,Sannysis Cute Owl Design Soft Skin Case Cover for Samsung Galaxy S4,5.94,3,0.0,1.6038,False
5716,CA-2015-124107,2015-10-09,2015-10-12,Second Class,BM-11650,Brian Moss,Corporate,United States,Ann Arbor,Michigan,48104,Central,TEC-AC-10002049,Technology,Accessories,Logitech G19 Programmable Gaming Keyboard,619.95,5,0.0,111.591,True
5717,CA-2015-124107,2015-10-09,2015-10-12,Second Class,BM-11650,Brian Moss,Corporate,United States,Ann Arbor,Michigan,48104,Central,TEC-PH-10003875,Technology,Phones,KLD Oscar II Style Snap-on Ultra Thin Side Flip Synthetic Leather Cover Case for HTC One HTC M7,29.16,3,0.0,8.4564,False
5718,CA-2015-124107,2015-10-09,2015-10-12,Second Class,BM-11650,Brian Moss,Corporate,United States,Ann Arbor,Michigan,48104,Central,OFF-EN-10003286,Office Supplies,Envelopes,Staple envelope,57.96,7,0.0,27.2412,False
5719,CA-2015-124107,2015-10-09,2015-10-12,Second Class,BM-11650,Brian Moss,Corporate,United States,Ann Arbor,Michigan,48104,Central,OFF-AP-10003971,Office Supplies,Appliances,Belkin 6 Outlet Metallic Surge Strip,29.403,3,0.1,5.2272,False
5727,CA-2015-110548,2015-05-04,2015-05-08,Standard Class,AH-10690,Anna Hï¿½berlin,Corporate,United States,Houston,Texas,77095,Central,TEC-PH-10002922,Technology,Phones,ShoreTel ShorePhone IP 230 VoIP phone,946.344,7,0.2,118.293,True
5747,CA-2016-113733,2016-12-08,2016-12-12,Standard Class,LH-16900,Lena Hernandez,Consumer,United States,Greenville,North Carolina,27834,South,TEC-PH-10002496,Technology,Phones,Cisco SPA301,249.584,2,0.2,31.198,False
5748,CA-2016-113733,2016-12-08,2016-12-12,Standard Class,LH-16900,Lena Hernandez,Consumer,United States,Greenville,North Carolina,27834,South,TEC-AC-10002473,Technology,Accessories,Maxell 4.7GB DVD-R,68.112,3,0.2,17.8794,False
5749,CA-2016-113733,2016-12-08,2016-12-12,Standard Class,LH-16900,Lena Hernandez,Consumer,United States,Greenville,North Carolina,27834,South,TEC-AC-10004877,Technology,Accessories,Imationï¿½30456 USBï¿½Flash Driveï¿½8GB,16.56,3,0.2,-2.484,False
5754,CA-2016-118514,2016-02-03,2016-02-10,Standard Class,LC-17050,Liz Carlisle,Consumer,United States,Richmond,Kentucky,40475,South,FUR-CH-10000015,Furniture,Chairs,Hon Multipurpose Stacking Arm Chairs,866.4,4,0.0,225.264,True
5764,CA-2015-162047,2015-11-03,2015-11-05,First Class,FH-14365,Fred Hopkins,Corporate,United States,Long Beach,New York,11561,East,FUR-CH-10004983,Furniture,Chairs,Office Star - Mid Back Dual function Ergonomic High Back Chair with 2-Way Adjustable Arms,1448.82,10,0.1,209.274,True
5765,CA-2015-117772,2015-09-10,2015-09-12,Second Class,MC-17575,Matt Collins,Consumer,United States,Seattle,Washington,98103,West,OFF-ST-10003994,Office Supplies,Storage,"Belkin 19"" Center-Weighted Shelf, Gray",353.88,6,0.0,17.694,False
5768,CA-2017-126396,2017-09-08,2017-09-12,Second Class,AR-10345,Alex Russell,Corporate,United States,Houston,Texas,77070,Central,TEC-AC-10003116,Technology,Accessories,Memorex Froggy Flash Drive 8 GB,85.2,6,0.2,20.235,False
5777,CA-2016-105277,2016-12-04,2016-12-08,Standard Class,LM-17065,Liz MacKendrick,Consumer,United States,Auburn,New York,13021,East,OFF-BI-10000301,Office Supplies,Binders,GBC Instant Report Kit,15.528,3,0.2,5.823,False
5778,CA-2016-112060,2016-12-04,2016-12-09,Standard Class,KT-16465,Kean Takahito,Consumer,United States,San Francisco,California,94109,West,OFF-PA-10000994,Office Supplies,Paper,Xerox 1915,104.85,1,0.0,50.328,False
5781,US-2015-159513,2015-04-02,2015-04-09,Standard Class,JD-15790,John Dryer,Consumer,United States,Los Angeles,California,90049,West,TEC-MA-10003329,Technology,Machines,"Vtech AT&T CL2940 Corded Speakerphone, Black",71.976,3,0.2,24.2919,False
5785,CA-2017-141117,2017-10-02,2017-10-08,Standard Class,JK-16090,Juliana Krohn,Consumer,United States,Springfield,Oregon,97477,West,FUR-BO-10001972,Furniture,Bookcases,O'Sullivan 4-Shelf Bookcase in Odessa Pine,217.764,6,0.7,-384.7164,False
5786,CA-2017-141117,2017-10-02,2017-10-08,Standard Class,JK-16090,Juliana Krohn,Consumer,United States,Springfield,Oregon,97477,West,OFF-SU-10004664,Office Supplies,Supplies,Acme Softgrip Scissors,39.072,6,0.2,4.3956,False
5787,CA-2017-141117,2017-10-02,2017-10-08,Standard Class,JK-16090,Juliana Krohn,Consumer,United States,Springfield,Oregon,97477,West,OFF-BI-10003676,Office Supplies,Binders,"GBC Standard Recycled Report Covers, Clear Plastic Sheets",22.638,7,0.7,-16.6012,False
5788,CA-2017-141117,2017-10-02,2017-10-08,Standard Class,JK-16090,Juliana Krohn,Consumer,United States,Springfield,Oregon,97477,West,OFF-AR-10003727,Office Supplies,Art,Berol Giant Pencil Sharpener,95.144,7,0.2,10.7037,False
5807,CA-2016-149783,2016-09-04,2016-09-07,Second Class,DL-13315,Delfina Latchford,Consumer,United States,Knoxville,Tennessee,37918,South,OFF-PA-10002195,Office Supplies,Paper,"RSVP Cards & Envelopes, Blank White, 8-1/2"" X 11"", 24 Cards/25 Envelopes/Set",12.192,3,0.2,4.1148,False
5808,CA-2016-149783,2016-09-04,2016-09-07,Second Class,DL-13315,Delfina Latchford,Consumer,United States,Knoxville,Tennessee,37918,South,OFF-AP-10001205,Office Supplies,Appliances,Belkin 5 Outlet SurgeMaster Power Centers,87.168,2,0.2,8.7168,False
5809,CA-2016-149783,2016-09-04,2016-09-07,Second Class,DL-13315,Delfina Latchford,Consumer,United States,Knoxville,Tennessee,37918,South,OFF-AR-10002987,Office Supplies,Art,Prismacolor Color Pencil Set,31.744,2,0.2,8.3328,False
5810,CA-2016-125017,2016-02-06,2016-02-11,Standard Class,KB-16240,Karen Bern,Corporate,United States,Chattanooga,Tennessee,37421,South,FUR-FU-10000723,Furniture,Furnishings,"Deflect-o EconoMat Studded, No Bevel Mat for Low Pile Carpeting",132.224,4,0.2,-18.1808,False
5814,CA-2015-150196,2015-07-02,2015-07-03,First Class,SR-20740,Steven Roelle,Home Office,United States,New York City,New York,10024,East,OFF-PA-10003797,Office Supplies,Paper,Xerox 209,19.44,3,0.0,9.3312,False
5825,CA-2014-115056,2014-05-02,2014-05-02,Same Day,AR-10510,Andrew Roberts,Consumer,United States,Columbus,Ohio,43229,East,OFF-AP-10003971,Office Supplies,Appliances,Belkin 6 Outlet Metallic Surge Strip,26.136,3,0.2,1.9602,False
5826,CA-2017-161067,2017-09-03,2017-09-06,Second Class,KB-16405,Katrina Bavinger,Home Office,United States,New York City,New York,10035,East,OFF-PA-10000418,Office Supplies,Paper,Xerox 189,419.4,4,0.0,201.312,False
5827,CA-2017-161067,2017-09-03,2017-09-06,Second Class,KB-16405,Katrina Bavinger,Home Office,United States,New York City,New York,10035,East,FUR-CH-10004626,Furniture,Chairs,Office Star Flex Back Scooter Chair with Aluminum Finish Frame,90.801,1,0.1,14.1246,False
5828,CA-2017-161067,2017-09-03,2017-09-06,Second Class,KB-16405,Katrina Bavinger,Home Office,United States,New York City,New York,10035,East,FUR-CH-10004860,Furniture,Chairs,Global Low Back Tilter Chair,181.764,2,0.1,-8.0784,False
5829,CA-2017-161067,2017-09-03,2017-09-06,Second Class,KB-16405,Katrina Bavinger,Home Office,United States,New York City,New York,10035,East,OFF-AR-10003251,Office Supplies,Art,Prang Drawing Pencil Set,5.56,2,0.0,2.224,False
5830,CA-2016-122063,2016-12-03,2016-12-07,Standard Class,MM-17920,Michael Moore,Consumer,United States,Richmond,Indiana,47374,Central,FUR-TA-10004575,Furniture,Tables,Hon 5100 Series Wood Tables,581.96,2,0.0,104.7528,True
5831,CA-2016-122063,2016-12-03,2016-12-07,Standard Class,MM-17920,Michael Moore,Consumer,United States,Richmond,Indiana,47374,Central,FUR-CH-10004754,Furniture,Chairs,"Global Stack Chair with Arms, Black",29.98,1,0.0,8.0946,False
5855,CA-2015-112214,2015-08-05,2015-08-11,Standard Class,AH-10690,Anna Hï¿½berlin,Corporate,United States,Dallas,Texas,75220,Central,OFF-ST-10001505,Office Supplies,Storage,"Perma STOR-ALL Hanging File Box, 13 1/8""W x 12 1/4""D x 10 1/2""H",33.488,7,0.2,-1.2558,False
5856,CA-2015-112214,2015-08-05,2015-08-11,Standard Class,AH-10690,Anna Hï¿½berlin,Corporate,United States,Dallas,Texas,75220,Central,OFF-SU-10003567,Office Supplies,Supplies,Stiletto Hand Letter Openers,23.04,3,0.2,-4.896,False
5857,CA-2015-112214,2015-08-05,2015-08-11,Standard Class,AH-10690,Anna Hï¿½berlin,Corporate,United States,Dallas,Texas,75220,Central,OFF-BI-10002982,Office Supplies,Binders,Avery Self-Adhesive Photo Pockets for Polaroid Photos,1.362,1,0.8,-2.1792,False
5858,CA-2015-112214,2015-08-05,2015-08-11,Standard Class,AH-10690,Anna Hï¿½berlin,Corporate,United States,Dallas,Texas,75220,Central,FUR-FU-10002364,Furniture,Furnishings,"Eldon Expressions Wood Desk Accessories, Oak",14.76,5,0.6,-11.439,False
5859,US-2017-153255,2017-09-03,2017-09-07,Second Class,JK-15730,Joe Kamberova,Consumer,United States,Concord,California,94521,West,FUR-BO-10004218,Furniture,Bookcases,"Bush Heritage Pine Collection 5-Shelf Bookcase, Albany Pine Finish, *Special Order",239.666,2,0.15,14.098,False
5860,CA-2015-108119,2015-11-01,2015-11-08,Standard Class,MS-17530,MaryBeth Skach,Consumer,United States,Conway,Arkansas,72032,South,FUR-TA-10002530,Furniture,Tables,"Iceberg OfficeWorks 42"" Round Tables",301.96,2,0.0,45.294,False
5862,CA-2016-101525,2016-05-01,2016-05-04,Second Class,CM-12235,Chris McAfee,Consumer,United States,Little Rock,Arkansas,72209,South,OFF-PA-10001497,Office Supplies,Paper,Xerox 1914,109.92,2,0.0,53.8608,False
5863,CA-2016-101525,2016-05-01,2016-05-04,Second Class,CM-12235,Chris McAfee,Consumer,United States,Little Rock,Arkansas,72209,South,OFF-PA-10003936,Office Supplies,Paper,Xerox 1994,19.44,3,0.0,9.3312,False
5864,CA-2016-101525,2016-05-01,2016-05-04,Second Class,CM-12235,Chris McAfee,Consumer,United States,Little Rock,Arkansas,72209,South,OFF-AR-10000716,Office Supplies,Art,DIXON Ticonderoga Erasable Checking Pencils,11.16,2,0.0,4.3524,False
5865,US-2014-117968,2014-08-05,2014-08-07,Second Class,RS-19420,Ricardo Sperren,Corporate,United States,Meriden,Connecticut,6450,East,OFF-AP-10002765,Office Supplies,Appliances,Fellowes Advanced Computer Series Surge Protectors,79.47,3,0.0,22.2516,False
5866,US-2014-117968,2014-08-05,2014-08-07,Second Class,RS-19420,Ricardo Sperren,Corporate,United States,Meriden,Connecticut,6450,East,OFF-AR-10004165,Office Supplies,Art,"Binney & Smith inkTank Erasable Pocket Highlighter, Chisel Tip, Yellow",4.56,2,0.0,2.0064,False
5867,US-2014-117968,2014-08-05,2014-08-07,Second Class,RS-19420,Ricardo Sperren,Corporate,United States,Meriden,Connecticut,6450,East,FUR-CH-10002335,Furniture,Chairs,Hon GuestStacker Chair,1133.35,5,0.0,294.671,True
5868,CA-2016-158211,2016-01-04,2016-01-08,Standard Class,BP-11185,Ben Peterman,Corporate,United States,Philadelphia,Pennsylvania,19143,East,OFF-AR-10004078,Office Supplies,Art,Newell 312,4.672,1,0.2,0.584,False
5869,CA-2016-158211,2016-01-04,2016-01-08,Standard Class,BP-11185,Ben Peterman,Corporate,United States,Philadelphia,Pennsylvania,19143,East,OFF-BI-10002026,Office Supplies,Binders,Avery Arch Ring Binders,104.58,6,0.7,-80.178,False
5870,CA-2016-152247,2016-11-07,2016-11-12,Standard Class,MA-17995,Michelle Arnett,Home Office,United States,Cheyenne,Wyoming,82001,West,FUR-CH-10001215,Furniture,Chairs,Global Troy Executive Leather Low-Back Tilter,1603.136,4,0.2,100.196,True
5874,CA-2017-133095,2017-06-04,2017-06-04,Same Day,EH-14005,Erica Hernandez,Home Office,United States,Jonesboro,Arkansas,72401,South,OFF-BI-10002353,Office Supplies,Binders,GBC VeloBind Cover Sets,108.08,7,0.0,54.04,False
5875,CA-2017-133095,2017-06-04,2017-06-04,Same Day,EH-14005,Erica Hernandez,Home Office,United States,Jonesboro,Arkansas,72401,South,OFF-BI-10004141,Office Supplies,Binders,Insertable Tab Indexes For Data Binders,9.54,3,0.0,4.3884,False
5876,CA-2015-130554,2015-04-07,2015-04-09,First Class,FM-14290,Frank Merwin,Home Office,United States,Philadelphia,Pennsylvania,19140,East,OFF-AR-10001954,Office Supplies,Art,Newell 331,11.736,3,0.2,1.0269,False
5880,CA-2016-133319,2016-09-05,2016-09-11,Standard Class,MV-17485,Mark Van Huff,Consumer,United States,New York City,New York,10011,East,OFF-PA-10001815,Office Supplies,Paper,Xerox 1885,192.16,4,0.0,92.2368,False
5888,CA-2017-151596,2017-10-08,2017-10-11,First Class,BP-11050,Barry Pond,Corporate,United States,Cranston,Rhode Island,2920,East,OFF-ST-10001837,Office Supplies,Storage,"SAFCO Mobile Desk Side File, Wire Frame",42.76,1,0.0,11.1176,False
5889,CA-2015-147879,2015-05-07,2015-05-12,Standard Class,CC-12220,Chris Cortes,Consumer,United States,Owensboro,Kentucky,42301,South,OFF-PA-10001952,Office Supplies,Paper,Xerox 1902,45.68,2,0.0,21.0128,False
5896,CA-2014-168305,2014-11-01,2014-11-08,Standard Class,PL-18925,Paul Lucas,Home Office,United States,Los Angeles,California,90049,West,OFF-LA-10003498,Office Supplies,Labels,Avery 475,44.4,3,0.0,22.2,False
5897,CA-2014-168305,2014-11-01,2014-11-08,Standard Class,PL-18925,Paul Lucas,Home Office,United States,Los Angeles,California,90049,West,OFF-PA-10004947,Office Supplies,Paper,Easy-staple paper,21.4,5,0.0,9.63,False
5898,CA-2016-167682,2016-04-03,2016-04-09,Standard Class,ZD-21925,Zuschuss Donatelli,Consumer,United States,Richmond,Indiana,47374,Central,FUR-FU-10003799,Furniture,Furnishings,"Seth Thomas 13 1/2"" Wall Clock",71.12,4,0.0,22.0472,False
5899,CA-2016-167682,2016-04-03,2016-04-09,Standard Class,ZD-21925,Zuschuss Donatelli,Consumer,United States,Richmond,Indiana,47374,Central,TEC-PH-10000673,Technology,Phones,Plantronics Voyager Pro HD - Bluetooth Headset,259.96,4,0.0,124.7808,False
5903,US-2017-153948,2017-11-06,2017-11-06,Same Day,FM-14290,Frank Merwin,Home Office,United States,San Francisco,California,94122,West,OFF-PA-10000157,Office Supplies,Paper,Xerox 191,59.94,3,0.0,28.1718,False
5904,US-2017-153948,2017-11-06,2017-11-06,Same Day,FM-14290,Frank Merwin,Home Office,United States,San Francisco,California,94122,West,OFF-PA-10002764,Office Supplies,Paper,Easy-staple paper,45.36,4,0.0,22.2264,False
5905,US-2017-153948,2017-11-06,2017-11-06,Same Day,FM-14290,Frank Merwin,Home Office,United States,San Francisco,California,94122,West,OFF-PA-10000143,Office Supplies,Paper,Astroparche Fine Business Paper,26.4,5,0.0,12.672,False
5906,US-2017-153948,2017-11-06,2017-11-06,Same Day,FM-14290,Frank Merwin,Home Office,United States,San Francisco,California,94122,West,OFF-LA-10000414,Office Supplies,Labels,Avery 503,41.4,4,0.0,19.872,False
5907,US-2017-153948,2017-11-06,2017-11-06,Same Day,FM-14290,Frank Merwin,Home Office,United States,San Francisco,California,94122,West,TEC-AC-10003441,Technology,Accessories,Kingston Digital DataTraveler 32GB USB 2.0,16.95,1,0.0,1.017,False
5908,US-2016-113985,2016-12-02,2016-12-07,Standard Class,KD-16495,Keith Dawkins,Corporate,United States,San Jose,California,95123,West,OFF-BI-10002353,Office Supplies,Binders,GBC VeloBind Cover Sets,24.704,2,0.2,9.264,False
5909,US-2016-113985,2016-12-02,2016-12-07,Standard Class,KD-16495,Keith Dawkins,Corporate,United States,San Jose,California,95123,West,OFF-AP-10001303,Office Supplies,Appliances,"Holmes Cool Mist Humidifier for the Whole House with 8-Gallon Output per Day, Extended Life Filter",59.7,3,0.0,26.865,False
5910,US-2016-113985,2016-12-02,2016-12-07,Standard Class,KD-16495,Keith Dawkins,Corporate,United States,San Jose,California,95123,West,FUR-FU-10003026,Furniture,Furnishings,"Eldon Regeneration Recycled Desk Accessories, Black",14.52,3,0.0,5.6628,False
5911,US-2016-113985,2016-12-02,2016-12-07,Standard Class,KD-16495,Keith Dawkins,Corporate,United States,San Jose,California,95123,West,OFF-BI-10000632,Office Supplies,Binders,Satellite Sectional Post Binders,104.184,3,0.2,33.8598,False
5926,CA-2017-150420,2017-06-03,2017-06-08,Standard Class,GD-14590,Giulietta Dortch,Corporate,United States,Bellingham,Washington,98226,West,TEC-AC-10004975,Technology,Accessories,Plantronics Audio 995 Wireless Stereo Headset,1099.5,10,0.0,362.835,True
5927,US-2014-118997,2014-04-08,2014-04-12,Standard Class,RA-19885,Ruben Ausman,Corporate,United States,Decatur,Alabama,35601,South,FUR-TA-10001086,Furniture,Tables,"SAFCO PlanMaster Boards, 60w x 37-1/2d, White Melamine",1215.92,8,0.0,316.1392,True
5930,US-2017-169551,2017-07-07,2017-07-09,First Class,RL-19615,Rob Lucas,Consumer,United States,Philadelphia,Pennsylvania,19120,East,FUR-BO-10001519,Furniture,Bookcases,O'Sullivan 3-Shelf Heavy-Duty Bookcases,87.21,3,0.5,-45.3492,False
5931,US-2017-169551,2017-07-07,2017-07-09,First Class,RL-19615,Rob Lucas,Consumer,United States,Philadelphia,Pennsylvania,19120,East,OFF-PA-10004100,Office Supplies,Paper,Xerox 216,15.552,3,0.2,5.4432,False
5932,US-2017-169551,2017-07-07,2017-07-09,First Class,RL-19615,Rob Lucas,Consumer,United States,Philadelphia,Pennsylvania,19120,East,TEC-PH-10001363,Technology,Phones,Apple iPhone 5S,683.988,2,0.4,-113.998,True
5933,US-2017-169551,2017-07-07,2017-07-09,First Class,RL-19615,Rob Lucas,Consumer,United States,Philadelphia,Pennsylvania,19120,East,OFF-ST-10004835,Office Supplies,Storage,Plastic Stacking Crates & Casters,13.392,3,0.2,1.0044,False
5934,US-2017-169551,2017-07-07,2017-07-09,First Class,RL-19615,Rob Lucas,Consumer,United States,Philadelphia,Pennsylvania,19120,East,TEC-AC-10002018,Technology,Accessories,AmazonBasics 3-Button USB Wired Mouse,16.776,3,0.2,4.8231,False
5935,US-2017-169551,2017-07-07,2017-07-09,First Class,RL-19615,Rob Lucas,Consumer,United States,Philadelphia,Pennsylvania,19120,East,TEC-AC-10003033,Technology,Accessories,Plantronics CS510 - Over-the-Head monaural Wireless Headset System,527.92,2,0.2,85.787,True
5936,CA-2016-103107,2016-07-04,2016-07-04,Same Day,RB-19465,Rick Bensley,Home Office,United States,Seattle,Washington,98103,West,FUR-FU-10000221,Furniture,Furnishings,"Master Caster Door Stop, Brown",25.4,5,0.0,8.636,False
5937,CA-2016-103107,2016-07-04,2016-07-04,Same Day,RB-19465,Rick Bensley,Home Office,United States,Seattle,Washington,98103,West,TEC-PH-10001198,Technology,Phones,Avaya 4621SW VoIP phone,177.48,3,0.2,19.9665,False
5938,CA-2016-103107,2016-07-04,2016-07-04,Same Day,RB-19465,Rick Bensley,Home Office,United States,Seattle,Washington,98103,West,TEC-PH-10002564,Technology,Phones,OtterBox Defender Series Case - Samsung Galaxy S4,71.976,3,0.2,8.997,False
5949,CA-2017-161046,2017-03-05,2017-03-05,Same Day,CB-12535,Claudia Bergmann,Corporate,United States,Southaven,Mississippi,38671,South,OFF-EN-10003862,Office Supplies,Envelopes,Laser & Ink Jet Business Envelopes,42.68,4,0.0,19.6328,False
5950,CA-2017-161046,2017-03-05,2017-03-05,Same Day,CB-12535,Claudia Bergmann,Corporate,United States,Southaven,Mississippi,38671,South,TEC-AC-10004571,Technology,Accessories,Logitech G700s Rechargeable Gaming Mouse,299.97,3,0.0,125.9874,False
5951,CA-2017-161046,2017-03-05,2017-03-05,Same Day,CB-12535,Claudia Bergmann,Corporate,United States,Southaven,Mississippi,38671,South,OFF-AP-10000891,Office Supplies,Appliances,Kensington 7 Outlet MasterPiece HOMEOFFICE Power Control Center,262.24,2,0.0,78.672,False
5952,CA-2017-161046,2017-03-05,2017-03-05,Same Day,CB-12535,Claudia Bergmann,Corporate,United States,Southaven,Mississippi,38671,South,OFF-BI-10002026,Office Supplies,Binders,Ibico Recycled Linen-Style Covers,234.36,6,0.0,112.4928,False
5973,CA-2017-115105,2017-02-06,2017-02-11,Standard Class,BD-11770,Bryan Davis,Consumer,United States,New York City,New York,10024,East,FUR-BO-10001811,Furniture,Bookcases,"Atlantic Metals Mobile 5-Shelf Bookcases, Custom Colors",240.784,1,0.2,30.098,False
5994,CA-2016-162187,2016-12-11,2016-12-11,Same Day,NS-18640,Noel Staavos,Corporate,United States,Columbus,Ohio,43229,East,OFF-ST-10001558,Office Supplies,Storage,Acco Perma 4000 Stacking Storage Drawers,64.96,5,0.2,-4.06,False
5995,CA-2016-162187,2016-12-11,2016-12-11,Same Day,NS-18640,Noel Staavos,Corporate,United States,Columbus,Ohio,43229,East,OFF-SU-10004782,Office Supplies,Supplies,"Elite 5"" Scissors",13.52,2,0.2,1.69,False
5996,CA-2016-162187,2016-12-11,2016-12-11,Same Day,NS-18640,Noel Staavos,Corporate,United States,Columbus,Ohio,43229,East,FUR-CH-10003298,Furniture,Chairs,"Office Star - Contemporary Task Swivel chair with Loop Arms, Charcoal",458.43,5,0.3,-137.529,False
5997,CA-2016-162187,2016-12-11,2016-12-11,Same Day,NS-18640,Noel Staavos,Corporate,United States,Columbus,Ohio,43229,East,OFF-AP-10000576,Office Supplies,Appliances,"Belkin 325VA UPS Surge Protector, 6'",387.136,4,0.2,24.196,False
5998,CA-2016-162187,2016-12-11,2016-12-11,Same Day,NS-18640,Noel Staavos,Corporate,United States,Columbus,Ohio,43229,East,FUR-TA-10003008,Furniture,Tables,"Lesro Round Back Collection Coffee Table, End Table",328.59,3,0.4,-147.8655,False
6005,CA-2017-107244,2017-09-07,2017-09-11,Standard Class,AG-10390,Allen Goldenen,Consumer,United States,Los Angeles,California,90004,West,FUR-FU-10002597,Furniture,Furnishings,"C-Line Magnetic Cubicle Keepers, Clear Polypropylene",19.76,4,0.0,8.2992,False
6006,CA-2015-100657,2015-11-02,2015-11-07,Standard Class,SW-20245,Scot Wooten,Consumer,United States,Troy,New York,12180,East,FUR-CH-10003535,Furniture,Chairs,"Global Armless Task Chair, Royal Blue",109.764,2,0.1,8.5372,False
6008,CA-2017-129028,2017-04-01,2017-04-03,First Class,GB-14530,George Bell,Corporate,United States,Florence,South Carolina,29501,South,FUR-FU-10004006,Furniture,Furnishings,"Deflect-o DuraMat Lighweight, Studded, Beveled Mat for Low Pile Carpeting",127.95,3,0.0,21.7515,False
6014,CA-2016-159016,2016-03-10,2016-03-11,First Class,KF-16285,Karen Ferguson,Home Office,United States,Los Angeles,California,90008,West,OFF-PA-10004405,Office Supplies,Paper,Rediform Voice Mail Log Books,14.9,5,0.0,7.152,False
6015,CA-2016-159016,2016-03-10,2016-03-11,First Class,KF-16285,Karen Ferguson,Home Office,United States,Los Angeles,California,90008,West,TEC-PH-10002885,Technology,Phones,Apple iPhone 5,4158.912,8,0.2,363.9048,True
6016,CA-2014-102652,2014-04-06,2014-04-12,Standard Class,AY-10555,Andy Yotov,Corporate,United States,Los Angeles,California,90049,West,FUR-FU-10000747,Furniture,Furnishings,Tenex B1-RE Series Chair Mats for Low Pile Carpets,91.96,2,0.0,15.6332,False
6017,CA-2014-102652,2014-04-06,2014-04-12,Standard Class,AY-10555,Andy Yotov,Corporate,United States,Los Angeles,California,90049,West,FUR-FU-10001918,Furniture,Furnishings,C-Line Cubicle Keepers Polyproplyene Holder With Velcro Backings,33.11,7,0.0,12.9129,False
6018,CA-2014-102652,2014-04-06,2014-04-12,Standard Class,AY-10555,Andy Yotov,Corporate,United States,Los Angeles,California,90049,West,OFF-PA-10003309,Office Supplies,Paper,Xerox 211,19.44,3,0.0,9.3312,False
6019,CA-2014-102652,2014-04-06,2014-04-12,Standard Class,AY-10555,Andy Yotov,Corporate,United States,Los Angeles,California,90049,West,OFF-PA-10001977,Office Supplies,Paper,Xerox 194,55.48,1,0.0,26.6304,False
6020,CA-2014-152422,2014-10-05,2014-10-10,Second Class,BD-11635,Brian Derr,Consumer,United States,Columbus,Ohio,43229,East,OFF-AP-10002892,Office Supplies,Appliances,Belkin F5C206VTEL 6 Outlet Surge,91.92,5,0.2,11.49,False
6031,US-2017-152492,2017-07-06,2017-07-06,Same Day,AH-10585,Angele Hood,Consumer,United States,Miami,Florida,33142,South,FUR-CH-10000155,Furniture,Chairs,Global Comet Stacking Armless Chair,239.24,1,0.2,23.924,False
6037,CA-2016-131205,2016-09-04,2016-09-08,Standard Class,AA-10645,Anna Andreadi,Consumer,United States,Georgetown,Kentucky,40324,South,FUR-FU-10003347,Furniture,Furnishings,Coloredge Poster Frame,42.6,3,0.0,16.614,False
6038,CA-2016-131205,2016-09-04,2016-09-08,Standard Class,AA-10645,Anna Andreadi,Consumer,United States,Georgetown,Kentucky,40324,South,OFF-BI-10000315,Office Supplies,Binders,Poly Designer Cover & Back,113.94,6,0.0,54.6912,False
6039,CA-2016-131205,2016-09-04,2016-09-08,Standard Class,AA-10645,Anna Andreadi,Consumer,United States,Georgetown,Kentucky,40324,South,OFF-ST-10002583,Office Supplies,Storage,Fellowes Neat Ideas Storage Cubes,129.92,4,0.0,5.1968,False
6040,CA-2016-131205,2016-09-04,2016-09-08,Standard Class,AA-10645,Anna Andreadi,Consumer,United States,Georgetown,Kentucky,40324,South,OFF-AR-10003469,Office Supplies,Art,Nontoxic Chalk,5.28,3,0.0,2.5344,False
6043,CA-2016-117912,2016-02-04,2016-02-08,Standard Class,TB-21520,Tracy Blumstein,Consumer,United States,Sierra Vista,Arizona,85635,West,FUR-FU-10002088,Furniture,Furnishings,Nu-Dell Float Frame 11 x 14 1/2,14.368,2,0.2,3.9512,False
6046,CA-2015-113215,2015-09-03,2015-09-08,Standard Class,CP-12085,Cathy Prescott,Corporate,United States,Tucson,Arizona,85705,West,FUR-FU-10002937,Furniture,Furnishings,"GE 48"" Fluorescent Tube, Cool White Energy Saver, 34 Watts, 30/Box",238.152,3,0.2,89.307,False
6048,CA-2015-105571,2015-11-07,2015-11-11,Standard Class,CP-12340,Christine Phan,Corporate,United States,Miami,Florida,33142,South,OFF-BI-10003305,Office Supplies,Binders,Avery Hanging File Binders,16.146,9,0.7,-12.9168,False
6049,CA-2015-105571,2015-11-07,2015-11-11,Standard Class,CP-12340,Christine Phan,Corporate,United States,Miami,Florida,33142,South,OFF-BI-10001359,Office Supplies,Binders,GBC DocuBind TL300 Electric Binding System,1345.485,5,0.7,-1031.5385,True
6058,CA-2014-107524,2014-03-02,2014-03-08,Standard Class,KN-16705,Kristina Nunn,Home Office,United States,New York City,New York,10009,East,OFF-EN-10001990,Office Supplies,Envelopes,Staple envelope,11.36,2,0.0,5.3392,False
6059,CA-2014-107524,2014-03-02,2014-03-08,Standard Class,KN-16705,Kristina Nunn,Home Office,United States,New York City,New York,10009,East,OFF-PA-10000587,Office Supplies,Paper,"Array Parchment Paper, Assorted Colors",36.4,5,0.0,17.472,False
6066,CA-2015-119942,2015-04-05,2015-04-07,First Class,TT-21070,Ted Trevino,Consumer,United States,Philadelphia,Pennsylvania,19120,East,OFF-LA-10001569,Office Supplies,Labels,Avery 499,23.904,6,0.2,7.7688,False
6077,CA-2016-151561,2016-09-01,2016-09-07,Standard Class,PG-18820,Patrick Gardner,Consumer,United States,New York City,New York,10011,East,TEC-AC-10001432,Technology,Accessories,Enermax Aurora Lite Keyboard,468.9,6,0.0,206.316,False
6078,CA-2016-151561,2016-09-01,2016-09-07,Standard Class,PG-18820,Patrick Gardner,Consumer,United States,New York City,New York,10011,East,TEC-AC-10003399,Technology,Accessories,Memorex Mini Travel Drive 64 GB USB 2.0 Flash Drive,72.48,2,0.0,30.4416,False
6079,CA-2016-151561,2016-09-01,2016-09-07,Standard Class,PG-18820,Patrick Gardner,Consumer,United States,New York City,New York,10011,East,OFF-SU-10001574,Office Supplies,Supplies,Acme Value Line Scissors,10.95,3,0.0,3.285,False
6080,CA-2016-151561,2016-09-01,2016-09-07,Standard Class,PG-18820,Patrick Gardner,Consumer,United States,New York City,New York,10011,East,FUR-FU-10004864,Furniture,Furnishings,"Howard Miller 14-1/2"" Diameter Chrome Round Wall Clock",191.82,3,0.0,61.3824,False
6081,CA-2017-154676,2017-08-05,2017-08-08,First Class,NZ-18565,Nick Zandusky,Home Office,United States,Houston,Texas,77070,Central,OFF-ST-10001172,Office Supplies,Storage,"Tennsco Lockers, Sand",151.056,9,0.2,7.5528,False
6123,CA-2017-152660,2017-12-04,2017-12-09,Standard Class,CB-12415,Christy Brittain,Consumer,United States,Chicago,Illinois,60610,Central,OFF-ST-10000532,Office Supplies,Storage,Advantus Rolling Drawer Organizers,61.568,2,0.2,4.6176,False
6125,CA-2017-145772,2017-06-03,2017-06-07,Standard Class,SS-20140,Saphhira Shifley,Corporate,United States,Los Angeles,California,90036,West,TEC-AC-10003038,Technology,Accessories,Kingston Digital DataTraveler 16GB USB 2.0,44.75,5,0.0,8.5025,False
6126,CA-2017-145772,2017-06-03,2017-06-07,Standard Class,SS-20140,Saphhira Shifley,Corporate,United States,Los Angeles,California,90036,West,OFF-PA-10001593,Office Supplies,Paper,Xerox 1947,11.96,2,0.0,5.382,False
6127,CA-2017-145772,2017-06-03,2017-06-07,Standard Class,SS-20140,Saphhira Shifley,Corporate,United States,Los Angeles,California,90036,West,OFF-BI-10002049,Office Supplies,Binders,UniKeep View Case Binders,3.912,1,0.2,1.2714,False
6135,CA-2016-146766,2016-11-04,2016-11-04,Same Day,TT-21220,Thomas Thornton,Consumer,United States,Chula Vista,California,91911,West,OFF-AR-10002135,Office Supplies,Art,Boston Heavy-Duty Trimline Electric Pencil Sharpeners,192.8,4,0.0,55.912,False
6151,US-2016-106600,2016-04-08,2016-04-11,First Class,RM-19375,Raymond Messe,Consumer,United States,Columbus,Georgia,31907,South,FUR-BO-10001608,Furniture,Bookcases,"Hon Metal Bookcases, Black",354.9,5,0.0,88.725,False
6153,CA-2017-139437,2017-07-03,2017-07-08,Standard Class,RD-19585,Rob Dowd,Consumer,United States,Los Angeles,California,90004,West,OFF-ST-10002485,Office Supplies,Storage,Rogers Deluxe File Chest,87.92,4,0.0,0.8792,False
6158,CA-2016-104150,2016-08-03,2016-08-05,Second Class,AG-10330,Alex Grayson,Consumer,United States,Tulsa,Oklahoma,74133,Central,OFF-EN-10002504,Office Supplies,Envelopes,"Tyvek  Top-Opening Peel & Seel Envelopes, Plain White",81.54,3,0.0,38.3238,False
6159,CA-2016-104150,2016-08-03,2016-08-05,Second Class,AG-10330,Alex Grayson,Consumer,United States,Tulsa,Oklahoma,74133,Central,TEC-AC-10004803,Technology,Accessories,Sony Micro Vault Click 4 GB USB 2.0 Flash Drive,167.28,12,0.0,23.4192,False
6160,CA-2016-161025,2016-12-03,2016-12-09,Standard Class,GM-14440,Gary McGarr,Consumer,United States,Los Angeles,California,90049,West,OFF-ST-10001932,Office Supplies,Storage,Fellowes Staxonsteel Drawer Files,772.68,4,0.0,108.1752,True
6173,US-2014-106299,2014-08-02,2014-08-08,Standard Class,NZ-18565,Nick Zandusky,Home Office,United States,Springfield,Missouri,65807,Central,OFF-BI-10001758,Office Supplies,Binders,Wilson Jones 14 Line Acrylic Coated Pressboard Data Binders,26.7,5,0.0,12.549,False
6174,US-2014-106299,2014-08-02,2014-08-08,Standard Class,NZ-18565,Nick Zandusky,Home Office,United States,Springfield,Missouri,65807,Central,TEC-AC-10003237,Technology,Accessories,Memorex Micro Travel Drive 4 GB,21.2,2,0.0,9.116,False
6175,US-2014-106299,2014-08-02,2014-08-08,Standard Class,NZ-18565,Nick Zandusky,Home Office,United States,Springfield,Missouri,65807,Central,OFF-ST-10002011,Office Supplies,Storage,Smead Adjustable Mobile File Trolley with Lockable Top,838.38,2,0.0,226.3626,True
6186,CA-2015-138331,2015-08-07,2015-08-12,Standard Class,JK-15625,Jim Karlsson,Consumer,United States,Philadelphia,Pennsylvania,19120,East,OFF-AR-10002952,Office Supplies,Art,Stanley Contemporary Battery Pencil Sharpeners,106.8,10,0.2,10.68,False
6190,CA-2017-157903,2017-04-04,2017-04-08,Standard Class,AM-10705,Anne McFarland,Consumer,United States,Des Plaines,Illinois,60016,Central,TEC-PH-10004345,Technology,Phones,Cisco SPA 502G IP Phone,383.84,4,0.2,47.98,False
6205,CA-2017-145660,2017-12-01,2017-12-03,First Class,MG-17650,Matthew Grinstein,Home Office,United States,Marion,Ohio,43302,East,FUR-FU-10002885,Furniture,Furnishings,Magna Visual Magnetic Picture Hangers,7.712,2,0.2,1.7352,False
6226,CA-2015-133445,2015-10-05,2015-10-09,Standard Class,JF-15490,Jeremy Farry,Consumer,United States,Portland,Oregon,97206,West,FUR-BO-10003660,Furniture,Bookcases,"Bush Cubix Collection Bookcases, Fully Assembled",66.294,1,0.7,-103.8606,False
6227,CA-2015-133445,2015-10-05,2015-10-09,Standard Class,JF-15490,Jeremy Farry,Consumer,United States,Portland,Oregon,97206,West,FUR-CH-10000422,Furniture,Chairs,Global Highback Leather Tilter in Burgundy,291.168,4,0.2,-14.5584,False
6228,CA-2014-148782,2014-11-02,2014-11-07,Standard Class,PO-18850,Patrick O'Brill,Consumer,United States,Irving,Texas,75061,Central,TEC-PH-10002923,Technology,Phones,"Logitech B530 USBï¿½Headsetï¿½-ï¿½headsetï¿½- Full size, Binaural",88.776,3,0.2,7.7679,False
6232,US-2017-142188,2017-09-11,2017-09-11,Same Day,JF-15415,Jennifer Ferguson,Consumer,United States,Seattle,Washington,98105,West,FUR-CH-10003199,Furniture,Chairs,Office Star - Contemporary Task Swivel Chair,177.568,2,0.2,8.8784,False
6233,US-2017-142188,2017-09-11,2017-09-11,Same Day,JF-15415,Jennifer Ferguson,Consumer,United States,Seattle,Washington,98105,West,OFF-PA-10002005,Office Supplies,Paper,Xerox 225,19.44,3,0.0,9.3312,False
6234,US-2017-142188,2017-09-11,2017-09-11,Same Day,JF-15415,Jennifer Ferguson,Consumer,United States,Seattle,Washington,98105,West,OFF-PA-10004101,Office Supplies,Paper,Xerox 1894,71.28,11,0.0,34.2144,False
6235,US-2017-142188,2017-09-11,2017-09-11,Same Day,JF-15415,Jennifer Ferguson,Consumer,United States,Seattle,Washington,98105,West,OFF-BI-10004600,Office Supplies,Binders,Ibico Ibimaster 300 Manual Binding System,1471.96,5,0.2,459.9875,True
6236,US-2017-142188,2017-09-11,2017-09-11,Same Day,JF-15415,Jennifer Ferguson,Consumer,United States,Seattle,Washington,98105,West,TEC-PH-10000127,Technology,Phones,iOttie XL Car Mount,79.96,5,0.2,-17.991,False
6252,CA-2014-101147,2014-12-02,2014-12-04,First Class,MC-17575,Matt Collins,Consumer,United States,Chicago,Illinois,60623,Central,OFF-AP-10004249,Office Supplies,Appliances,Staple holder,2.394,1,0.8,-6.3441,False
6253,CA-2014-165806,2014-04-07,2014-04-07,Same Day,VM-21685,Valerie Mitchum,Home Office,United States,Marietta,Georgia,30062,South,OFF-PA-10003441,Office Supplies,Paper,Xerox 226,58.32,9,0.0,27.9936,False
6254,CA-2014-165806,2014-04-07,2014-04-07,Same Day,VM-21685,Valerie Mitchum,Home Office,United States,Marietta,Georgia,30062,South,TEC-PH-10004922,Technology,Phones,RCA Visys Integrated PBX 8-Line Router,200.97,3,0.0,50.2425,False
6257,CA-2015-133977,2015-09-06,2015-09-08,Second Class,AT-10435,Alyssa Tate,Home Office,United States,Tamarac,Florida,33319,South,OFF-BI-10003166,Office Supplies,Binders,GBC Plasticlear Binding Covers,3.444,1,0.7,-2.5256,False
6258,CA-2017-141425,2017-11-02,2017-11-06,Second Class,AR-10825,Anthony Rawles,Corporate,United States,Columbus,Ohio,43229,East,OFF-SU-10000646,Office Supplies,Supplies,Premier Automatic Letter Opener,384.592,2,0.2,-81.7258,False
6264,CA-2017-160724,2017-05-05,2017-05-10,Standard Class,YS-21880,Yana Sorensen,Corporate,United States,Columbus,Georgia,31907,South,OFF-BI-10004965,Office Supplies,Binders,Ibico Covers for Plastic or Wire Binding Elements,34.5,3,0.0,15.525,False
6265,US-2016-115952,2016-10-06,2016-10-06,Same Day,JH-15910,Jonathan Howell,Consumer,United States,Tulsa,Oklahoma,74133,Central,OFF-BI-10004654,Office Supplies,Binders,Avery Binding System Hidden Tab Executive Style Index Sets,28.85,5,0.0,14.425,False
6266,CA-2014-146731,2014-11-03,2014-11-08,Standard Class,AT-10735,Annie Thurman,Consumer,United States,Nashville,Tennessee,37211,South,OFF-PA-10000141,Office Supplies,Paper,"Ampad Evidence Wirebond Steno Books, 6"" x 9""",3.488,2,0.2,1.1772,False
6267,CA-2014-146731,2014-11-03,2014-11-08,Standard Class,AT-10735,Annie Thurman,Consumer,United States,Nashville,Tennessee,37211,South,OFF-PA-10001019,Office Supplies,Paper,Xerox 1884,143.856,9,0.2,48.5514,False
6268,CA-2015-115392,2015-10-01,2015-10-04,Second Class,RM-19675,Robert Marley,Home Office,United States,Cambridge,Massachusetts,2138,East,TEC-PH-10002496,Technology,Phones,Cisco SPA301,311.98,2,0.0,93.594,False
6269,CA-2015-115392,2015-10-01,2015-10-04,Second Class,RM-19675,Robert Marley,Home Office,United States,Cambridge,Massachusetts,2138,East,OFF-BI-10000829,Office Supplies,Binders,Avery Non-Stick Binders,22.45,5,0.0,10.327,False
6270,CA-2017-102379,2017-12-02,2017-12-06,Standard Class,BB-11545,Brenda Bowman,Corporate,United States,Oakland,California,94601,West,TEC-PH-10001448,Technology,Phones,Anker Astro 15000mAh USB Portable Charger,39.992,1,0.2,-7.9984,False
6271,CA-2017-102379,2017-12-02,2017-12-06,Standard Class,BB-11545,Brenda Bowman,Corporate,United States,Oakland,California,94601,West,FUR-CH-10004983,Furniture,Chairs,Office Star - Mid Back Dual function Ergonomic High Back Chair with 2-Way Adjustable Arms,1159.056,9,0.2,43.4646,True
6272,CA-2017-102379,2017-12-02,2017-12-06,Standard Class,BB-11545,Brenda Bowman,Corporate,United States,Oakland,California,94601,West,OFF-AR-10004022,Office Supplies,Art,Panasonic KP-380BK Classic Electric Pencil Sharpener,179.9,5,0.0,44.975,False
6273,CA-2017-149706,2017-12-11,2017-12-12,First Class,AS-10285,Alejandro Savely,Corporate,United States,Palatine,Illinois,60067,Central,TEC-AC-10001284,Technology,Accessories,Enermax Briskie RF Wireless Keyboard and Mouse Combo,116.312,7,0.2,23.2624,False
6288,CA-2014-100090,2014-07-08,2014-07-12,Standard Class,EB-13705,Ed Braxton,Corporate,United States,San Francisco,California,94122,West,FUR-TA-10003715,Furniture,Tables,Hon 2111 Invitation Series Corner Table,502.488,3,0.2,-87.9354,True
6289,CA-2014-100090,2014-07-08,2014-07-12,Standard Class,EB-13705,Ed Braxton,Corporate,United States,San Francisco,California,94122,West,OFF-BI-10001597,Office Supplies,Binders,"Wilson Jones Ledger-Size, Piano-Hinge Binder, 2"", Blue",196.704,6,0.2,68.8464,False
6292,CA-2017-143756,2017-12-02,2017-12-05,First Class,ME-17725,Max Engle,Consumer,United States,Salem,Virginia,24153,South,FUR-CH-10001854,Furniture,Chairs,Office Star - Professional Matrix Back Chair with 2-to-1 Synchro Tilt and Mesh Fabric Seat,701.96,2,0.0,168.4704,True
6301,US-2014-161305,2014-06-06,2014-06-12,Standard Class,SB-20170,Sarah Bern,Consumer,United States,Chicago,Illinois,60623,Central,OFF-BI-10002794,Office Supplies,Binders,"Avery Trapezoid Ring Binder, 3"" Capacity, Black, 1040 sheets",24.588,3,0.8,-38.1114,False
6302,US-2014-161305,2014-06-06,2014-06-12,Standard Class,SB-20170,Sarah Bern,Consumer,United States,Chicago,Illinois,60623,Central,OFF-EN-10000461,Office Supplies,Envelopes,"#10- 4 1/8"" x 9 1/2"" Recycled Envelopes",13.984,2,0.2,4.7196,False
6305,CA-2017-107552,2017-05-05,2017-05-05,Same Day,AI-10855,Arianne Irving,Consumer,United States,New York City,New York,10035,East,OFF-PA-10002947,Office Supplies,Paper,Xerox 1923,6.68,1,0.0,3.2064,False
6306,CA-2016-163328,2016-11-04,2016-11-06,Second Class,TP-21565,Tracy Poddar,Corporate,United States,Eugene,Oregon,97405,West,OFF-SU-10002301,Office Supplies,Supplies,Serrated Blade or Curved Handle Hand Letter Openers,17.584,7,0.2,-4.1762,False
6307,CA-2016-163328,2016-11-04,2016-11-06,Second Class,TP-21565,Tracy Poddar,Corporate,United States,Eugene,Oregon,97405,West,FUR-CH-10003298,Furniture,Chairs,"Office Star - Contemporary Task Swivel chair with Loop Arms, Charcoal",104.784,1,0.2,-14.4078,False
6308,CA-2016-163328,2016-11-04,2016-11-06,Second Class,TP-21565,Tracy Poddar,Corporate,United States,Eugene,Oregon,97405,West,OFF-PA-10004353,Office Supplies,Paper,Southworth 25% Cotton Premium Laser Paper and Envelopes,47.952,3,0.2,16.7832,False
6309,CA-2016-163328,2016-11-04,2016-11-06,Second Class,TP-21565,Tracy Poddar,Corporate,United States,Eugene,Oregon,97405,West,FUR-CH-10000229,Furniture,Chairs,Global Enterprise Series Seating High-Back Swivel/Tilt Chairs,650.352,3,0.2,-97.5528,True
6310,CA-2016-163328,2016-11-04,2016-11-06,Second Class,TP-21565,Tracy Poddar,Corporate,United States,Eugene,Oregon,97405,West,OFF-LA-10003930,Office Supplies,Labels,"Dot Matrix Printer Tape Reel Labels, White, 5000/Box",629.184,8,0.2,228.0792,True
6311,CA-2016-163328,2016-11-04,2016-11-06,Second Class,TP-21565,Tracy Poddar,Corporate,United States,Eugene,Oregon,97405,West,OFF-PA-10000176,Office Supplies,Paper,Xerox 1887,15.176,1,0.2,5.3116,False
6323,CA-2014-141299,2014-06-03,2014-06-07,Second Class,RB-19795,Ross Baird,Home Office,United States,Midland,Michigan,48640,Central,OFF-EN-10004459,Office Supplies,Envelopes,Security-Tint Envelopes,15.28,2,0.0,7.4872,False
6339,CA-2017-143112,2017-10-05,2017-10-09,Standard Class,TS-21370,Todd Sumrall,Corporate,United States,New York City,New York,10035,East,TEC-PH-10003095,Technology,Phones,Samsung HM1900 Bluetooth Headset,87.8,4,0.0,43.9,False
6340,CA-2017-143112,2017-10-05,2017-10-09,Standard Class,TS-21370,Todd Sumrall,Corporate,United States,New York City,New York,10035,East,FUR-CH-10002880,Furniture,Chairs,"Global High-Back Leather Tilter, Burgundy",221.382,2,0.1,2.4598,False
6341,CA-2017-143112,2017-10-05,2017-10-09,Standard Class,TS-21370,Todd Sumrall,Corporate,United States,New York City,New York,10035,East,TEC-MA-10001047,Technology,Machines,"3D Systems Cube Printer, 2nd Generation, Magenta",5199.96,4,0.0,1351.9896,True
6343,CA-2015-146255,2015-03-07,2015-03-10,First Class,EM-14140,Eugene Moren,Home Office,United States,Newark,Delaware,19711,East,TEC-AC-10004469,Technology,Accessories,Microsoft Sculpt Comfort Mouse,119.85,3,0.0,52.734,False
6344,CA-2015-146255,2015-03-07,2015-03-10,First Class,EM-14140,Eugene Moren,Home Office,United States,Newark,Delaware,19711,East,OFF-BI-10000309,Office Supplies,Binders,"GBC Twin Loop Wire Binding Elements, 9/16"" Spine, Black",30.44,2,0.0,14.9156,False
6345,CA-2015-146255,2015-03-07,2015-03-10,First Class,EM-14140,Eugene Moren,Home Office,United States,Newark,Delaware,19711,East,OFF-BI-10001765,Office Supplies,Binders,Wilson Jones Heavy-Duty Casebound Ring Binders with Metal Hinges,69.28,2,0.0,33.2544,False
6346,CA-2015-146255,2015-03-07,2015-03-10,First Class,EM-14140,Eugene Moren,Home Office,United States,Newark,Delaware,19711,East,TEC-PH-10001619,Technology,Phones,LG G3,587.97,3,0.0,170.5113,True
6348,CA-2015-104486,2015-05-01,2015-05-06,Standard Class,PO-18850,Patrick O'Brill,Consumer,United States,San Francisco,California,94109,West,OFF-BI-10000309,Office Supplies,Binders,"GBC Twin Loop Wire Binding Elements, 9/16"" Spine, Black",12.176,1,0.2,4.4138,False
6349,CA-2015-104486,2015-05-01,2015-05-06,Standard Class,PO-18850,Patrick O'Brill,Consumer,United States,San Francisco,California,94109,West,OFF-ST-10000876,Office Supplies,Storage,Eldon Simplefile Box Office,37.32,3,0.0,10.4496,False
6350,CA-2015-104486,2015-05-01,2015-05-06,Standard Class,PO-18850,Patrick O'Brill,Consumer,United States,San Francisco,California,94109,West,OFF-SU-10002573,Office Supplies,Supplies,"Acme 10"" Easy Grip Assistive Scissors",35.06,2,0.0,10.518,False
6351,CA-2017-161557,2017-09-03,2017-09-08,Standard Class,AG-10900,Arthur Gainer,Consumer,United States,Dallas,Texas,75217,Central,FUR-FU-10004622,Furniture,Furnishings,Eldon Advantage Foldable Chair Mats for Low Pile Carpets,108.4,5,0.6,-105.69,False
6352,CA-2017-161130,2017-11-03,2017-11-08,Standard Class,BF-11275,Beth Fritzler,Corporate,United States,Miami,Florida,33178,South,TEC-PH-10002549,Technology,Phones,Polycom SoundPoint IP 450 VoIP phone,361.376,2,0.2,27.1032,False
6354,US-2015-109015,2015-09-06,2015-09-12,Standard Class,BS-11590,Brendan Sweed,Corporate,United States,New York City,New York,10011,East,OFF-AP-10001962,Office Supplies,Appliances,Black & Decker Filter for Double Action Dustbuster Cordless Vac BLDV7210,8.39,1,0.0,2.0975,False
6355,US-2015-109015,2015-09-06,2015-09-12,Standard Class,BS-11590,Brendan Sweed,Corporate,United States,New York City,New York,10011,East,TEC-PH-10002922,Technology,Phones,ShoreTel ShorePhone IP 230 VoIP phone,337.98,2,0.0,101.394,False
6366,CA-2017-144848,2017-04-04,2017-04-05,First Class,DS-13030,Darrin Sayre,Home Office,United States,New York City,New York,10009,East,TEC-PH-10004006,Technology,Phones,Panasonic KX - TS880B Telephone,41.22,1,0.0,11.1294,False
6367,CA-2017-144848,2017-04-04,2017-04-05,First Class,DS-13030,Darrin Sayre,Home Office,United States,New York City,New York,10009,East,OFF-SU-10000646,Office Supplies,Supplies,Premier Automatic Letter Opener,240.37,1,0.0,7.2111,False
6368,CA-2017-144848,2017-04-04,2017-04-05,First Class,DS-13030,Darrin Sayre,Home Office,United States,New York City,New York,10009,East,TEC-PH-10002262,Technology,Phones,LG Electronics Tone+ HBS-730 Bluetooth Headset,119.02,2,0.0,33.3256,False
6370,CA-2016-103919,2016-10-03,2016-10-07,Standard Class,TP-21565,Tracy Poddar,Corporate,United States,Grand Prairie,Texas,75051,Central,FUR-FU-10001756,Furniture,Furnishings,"Eldon Expressions Desk Accessory, Wood Photo Frame, Mahogany",38.08,5,0.6,-29.512,False
6372,CA-2017-143035,2017-10-03,2017-10-05,Second Class,CC-12430,Chuck Clark,Home Office,United States,New York City,New York,10009,East,FUR-FU-10001934,Furniture,Furnishings,Magnifier Swing Arm Lamp,83.92,4,0.0,21.8192,False
6373,CA-2017-143035,2017-10-03,2017-10-05,Second Class,CC-12430,Chuck Clark,Home Office,United States,New York City,New York,10009,East,OFF-AR-10001130,Office Supplies,Art,"Quartet Alpha White Chalk, 12/Pack",6.63,3,0.0,3.1161,False
6374,CA-2017-143035,2017-10-03,2017-10-05,Second Class,CC-12430,Chuck Clark,Home Office,United States,New York City,New York,10009,East,TEC-AC-10002049,Technology,Accessories,Logitech G19 Programmable Gaming Keyboard,371.97,3,0.0,66.9546,False
6377,CA-2016-163216,2016-10-07,2016-10-10,First Class,AW-10930,Arthur Wiediger,Home Office,United States,Philadelphia,Pennsylvania,19143,East,OFF-LA-10000134,Office Supplies,Labels,Avery 511,4.928,2,0.2,1.7248,False
6390,CA-2015-147529,2015-02-07,2015-02-11,Standard Class,DK-12835,Damala Kotsonis,Corporate,United States,Springfield,Virginia,22153,South,OFF-EN-10000056,Office Supplies,Envelopes,Cameo Buff Policy Envelopes,311.15,5,0.0,146.2405,False
6391,CA-2015-147529,2015-02-07,2015-02-11,Standard Class,DK-12835,Damala Kotsonis,Corporate,United States,Springfield,Virginia,22153,South,OFF-PA-10003349,Office Supplies,Paper,Xerox 1957,12.96,2,0.0,6.3504,False
6399,CA-2017-151981,2017-08-06,2017-08-12,Standard Class,GM-14455,Gary Mitchum,Home Office,United States,Concord,New Hampshire,3301,East,TEC-PH-10003601,Technology,Phones,"Ativa D5772 2-Line 5.8GHz Digital Expandable Corded/Cordless Phone System with Answering & Caller ID/Call Waiting, Black/Silver",824.95,5,0.0,247.485,True
6400,CA-2017-151981,2017-08-06,2017-08-12,Standard Class,GM-14455,Gary Mitchum,Home Office,United States,Concord,New Hampshire,3301,East,OFF-LA-10002195,Office Supplies,Labels,Avery 481,24.64,8,0.0,11.8272,False
6401,CA-2017-151981,2017-08-06,2017-08-12,Standard Class,GM-14455,Gary Mitchum,Home Office,United States,Concord,New Hampshire,3301,East,OFF-AR-10000380,Office Supplies,Art,"Hunt PowerHouse Electric Pencil Sharpener, Blue",227.88,6,0.0,68.364,False
6417,CA-2016-111976,2016-03-08,2016-03-12,Standard Class,BD-11620,Brian DeCherney,Consumer,United States,Philadelphia,Pennsylvania,19120,East,TEC-PH-10002890,Technology,Phones,AT&T 17929 Lendline Telephone,108.576,4,0.4,-25.3344,False
6418,CA-2016-111976,2016-03-08,2016-03-12,Standard Class,BD-11620,Brian DeCherney,Consumer,United States,Philadelphia,Pennsylvania,19120,East,OFF-FA-10004968,Office Supplies,Fasteners,Rubber Band Ball,5.984,2,0.2,-1.3464,False
6430,CA-2014-165764,2014-11-03,2014-11-07,Standard Class,SH-20395,Shahid Hopkins,Consumer,United States,Jacksonville,North Carolina,28540,South,OFF-ST-10001558,Office Supplies,Storage,Acco Perma 4000 Stacking Storage Drawers,25.984,2,0.2,-1.624,False
6431,CA-2014-165764,2014-11-03,2014-11-07,Standard Class,SH-20395,Shahid Hopkins,Consumer,United States,Jacksonville,North Carolina,28540,South,FUR-TA-10001768,Furniture,Tables,Hon Racetrack Conference Tables,945.036,6,0.4,-299.2614,True
6432,CA-2014-165764,2014-11-03,2014-11-07,Standard Class,SH-20395,Shahid Hopkins,Consumer,United States,Jacksonville,North Carolina,28540,South,OFF-BI-10002982,Office Supplies,Binders,Avery Self-Adhesive Photo Pockets for Polaroid Photos,14.301,7,0.7,-10.4874,False
6433,CA-2014-165764,2014-11-03,2014-11-07,Standard Class,SH-20395,Shahid Hopkins,Consumer,United States,Jacksonville,North Carolina,28540,South,FUR-FU-10001468,Furniture,Furnishings,Tenex Antistatic Computer Chair Mats,410.352,3,0.2,-51.294,False
6440,CA-2014-166891,2014-10-04,2014-10-06,First Class,CC-12220,Chris Cortes,Consumer,United States,New York City,New York,10024,East,FUR-CH-10003298,Furniture,Chairs,"Office Star - Contemporary Task Swivel chair with Loop Arms, Charcoal",589.41,5,0.1,-6.549,True
6446,CA-2015-151785,2015-03-05,2015-03-10,Standard Class,JJ-15445,Jennifer Jackson,Consumer,United States,Chicago,Illinois,60623,Central,OFF-FA-10000611,Office Supplies,Fasteners,Binder Clips by OIC,7.104,6,0.2,2.4864,False
6447,US-2017-119816,2017-03-04,2017-03-06,Second Class,TT-21460,Tonja Turnell,Home Office,United States,Houston,Texas,77095,Central,FUR-FU-10004848,Furniture,Furnishings,"Howard Miller 13-3/4"" Diameter Brushed Chrome Round Wall Clock",103.5,5,0.6,-77.625,False
6448,US-2017-119816,2017-03-04,2017-03-06,Second Class,TT-21460,Tonja Turnell,Home Office,United States,Houston,Texas,77095,Central,OFF-LA-10002381,Office Supplies,Labels,Avery 497,2.464,1,0.2,0.8624,False
6449,US-2017-119816,2017-03-04,2017-03-06,Second Class,TT-21460,Tonja Turnell,Home Office,United States,Houston,Texas,77095,Central,OFF-ST-10000918,Office Supplies,Storage,Crate-A-Files,8.72,1,0.2,0.654,False
6457,CA-2014-110065,2014-08-05,2014-08-11,Standard Class,SP-20650,Stephanie Phelps,Corporate,United States,New York City,New York,10009,East,TEC-PH-10002468,Technology,Phones,"Plantronics CS 50-USB -ï¿½headsetï¿½- Convertible, Monaural",135.99,1,0.0,36.7173,False
6458,CA-2014-110065,2014-08-05,2014-08-11,Standard Class,SP-20650,Stephanie Phelps,Corporate,United States,New York City,New York,10009,East,OFF-AR-10004165,Office Supplies,Art,"Binney & Smith inkTank Erasable Pocket Highlighter, Chisel Tip, Yellow",15.96,7,0.0,7.0224,False
6468,CA-2016-163804,2016-12-02,2016-12-08,Standard Class,DB-13270,Deborah Brumfield,Home Office,United States,Providence,Rhode Island,2908,East,OFF-ST-10000142,Office Supplies,Storage,Deluxe Rollaway Locking File with Drawer,2079.4,5,0.0,582.232,True
6469,CA-2016-163804,2016-12-02,2016-12-08,Standard Class,DB-13270,Deborah Brumfield,Home Office,United States,Providence,Rhode Island,2908,East,TEC-PH-10000441,Technology,Phones,VTech DS6151,629.95,5,0.0,176.386,True
6470,CA-2016-163804,2016-12-02,2016-12-08,Standard Class,DB-13270,Deborah Brumfield,Home Office,United States,Providence,Rhode Island,2908,East,FUR-FU-10004864,Furniture,Furnishings,Eldon 500 Class Desk Accessories,72.42,6,0.0,23.8986,False
6473,CA-2014-151897,2014-06-06,2014-06-10,Standard Class,VT-21700,Valerie Takahito,Home Office,United States,Houston,Texas,77070,Central,OFF-LA-10001074,Office Supplies,Labels,Round Specialty Laser Printer Labels,100.24,10,0.2,33.831,False
6476,CA-2017-140872,2017-06-03,2017-06-10,Standard Class,NR-18550,Nick Radford,Consumer,United States,Pembroke Pines,Florida,33024,South,OFF-BI-10002432,Office Supplies,Binders,Wilson Jones Standard D-Ring Binders,4.554,3,0.7,-3.4914,False
6477,CA-2017-140872,2017-06-03,2017-06-10,Standard Class,NR-18550,Nick Radford,Consumer,United States,Pembroke Pines,Florida,33024,South,OFF-AP-10003622,Office Supplies,Appliances,"Bravo II Megaboss 12-Amp Hard Body Upright, Replacement Belts, 2 Belts per Pack",5.2,2,0.2,0.585,False
6478,CA-2017-140872,2017-06-03,2017-06-10,Standard Class,NR-18550,Nick Radford,Consumer,United States,Pembroke Pines,Florida,33024,South,TEC-AC-10003832,Technology,Accessories,Logitechï¿½P710e Mobile Speakerphone,205.992,1,0.2,-2.5749,False
6479,CA-2017-140872,2017-06-03,2017-06-10,Standard Class,NR-18550,Nick Radford,Consumer,United States,Pembroke Pines,Florida,33024,South,OFF-PA-10000809,Office Supplies,Paper,Xerox 206,15.552,3,0.2,5.4432,False
6480,CA-2017-140872,2017-06-03,2017-06-10,Standard Class,NR-18550,Nick Radford,Consumer,United States,Pembroke Pines,Florida,33024,South,TEC-PH-10000441,Technology,Phones,VTech DS6151,503.96,5,0.2,50.396,True
6481,CA-2017-140872,2017-06-03,2017-06-10,Standard Class,NR-18550,Nick Radford,Consumer,United States,Pembroke Pines,Florida,33024,South,OFF-AP-10002287,Office Supplies,Appliances,"Eureka Sanitaire  Multi-Pro Heavy-Duty Upright, Disposable Bags",24.472,7,0.2,1.8354,False
6482,CA-2017-140872,2017-06-03,2017-06-10,Standard Class,NR-18550,Nick Radford,Consumer,United States,Pembroke Pines,Florida,33024,South,FUR-BO-10002824,Furniture,Bookcases,Bush Mission Pointe Library,241.568,2,0.2,0.0,False
6483,CA-2017-140872,2017-06-03,2017-06-10,Standard Class,NR-18550,Nick Radford,Consumer,United States,Pembroke Pines,Florida,33024,South,TEC-AC-10002942,Technology,Accessories,WD My Passport Ultra 1TB Portable External Hard Drive,110.4,2,0.2,-4.14,False
6484,CA-2017-113908,2017-06-03,2017-06-09,Standard Class,KN-16390,Katherine Nockton,Corporate,United States,New York City,New York,10011,East,FUR-TA-10001932,Furniture,Tables,"Chromcraft 48"" x 96"" Racetrack Double Pedestal Table",384.768,2,0.4,-115.4304,False
6485,CA-2017-113908,2017-06-03,2017-06-09,Standard Class,KN-16390,Katherine Nockton,Corporate,United States,New York City,New York,10011,East,TEC-MA-10003173,Technology,Machines,Hewlett-Packard 300S Scientific Calculator,78.66,6,0.0,36.1836,False
6486,CA-2017-113908,2017-06-03,2017-06-09,Standard Class,KN-16390,Katherine Nockton,Corporate,United States,New York City,New York,10011,East,OFF-PA-10004156,Office Supplies,Paper,Xerox 188,45.36,4,0.0,22.2264,False
6502,CA-2014-129147,2014-11-02,2014-11-06,Standard Class,LC-17050,Liz Carlisle,Consumer,United States,Medina,Ohio,44256,East,TEC-PH-10001299,Technology,Phones,Polycom CX300 Desktop Phone USB VoIP phone,539.964,6,0.4,-107.9928,True
6503,CA-2014-129147,2014-11-02,2014-11-06,Standard Class,LC-17050,Liz Carlisle,Consumer,United States,Medina,Ohio,44256,East,TEC-PH-10001552,Technology,Phones,I Need's 3d Hello Kitty Hybrid Silicone Case Cover for HTC One X 4g with 3d Hello Kitty Stylus Pen Green/pink,50.232,7,0.4,-10.0464,False
6504,CA-2014-129147,2014-11-02,2014-11-06,Standard Class,LC-17050,Liz Carlisle,Consumer,United States,Medina,Ohio,44256,East,OFF-BI-10001098,Office Supplies,Binders,Acco D-Ring Binder w/DublLock,19.242,3,0.7,-13.4694,False
6507,US-2016-128909,2016-10-09,2016-10-11,Second Class,SP-20545,Sibella Parks,Corporate,United States,Philadelphia,Pennsylvania,19143,East,OFF-PA-10001593,Office Supplies,Paper,Xerox 1947,19.136,4,0.2,5.98,False
6508,US-2016-128909,2016-10-09,2016-10-11,Second Class,SP-20545,Sibella Parks,Corporate,United States,Philadelphia,Pennsylvania,19143,East,FUR-FU-10004071,Furniture,Furnishings,Luxo Professional Magnifying Clamp-On Fluorescent Lamps,332.832,4,0.2,-24.9624,False
6512,CA-2017-167640,2017-03-06,2017-03-10,Standard Class,FC-14245,Frank Carlisle,Home Office,United States,San Francisco,California,94109,West,OFF-AR-10003158,Office Supplies,Art,Fluorescent Highlighters by Dixon,23.88,6,0.0,8.1192,False
6513,CA-2017-167640,2017-03-06,2017-03-10,Standard Class,FC-14245,Frank Carlisle,Home Office,United States,San Francisco,California,94109,West,OFF-LA-10004559,Office Supplies,Labels,Avery 49,11.52,4,0.0,5.6448,False
6514,CA-2017-167640,2017-03-06,2017-03-10,Standard Class,FC-14245,Frank Carlisle,Home Office,United States,San Francisco,California,94109,West,OFF-PA-10001033,Office Supplies,Paper,Xerox 1893,286.93,7,0.0,140.5957,False
6515,CA-2017-167640,2017-03-06,2017-03-10,Standard Class,FC-14245,Frank Carlisle,Home Office,United States,San Francisco,California,94109,West,TEC-PH-10001336,Technology,Phones,Digium D40 VoIP phone,206.384,2,0.2,23.2182,False
6532,US-2017-107384,2017-12-04,2017-12-08,Standard Class,TP-21130,Theone Pippenger,Consumer,United States,Rochester,Minnesota,55901,Central,OFF-AR-10001315,Office Supplies,Art,Newell 310,8.8,5,0.0,2.552,False
6533,US-2017-107384,2017-12-04,2017-12-08,Standard Class,TP-21130,Theone Pippenger,Consumer,United States,Rochester,Minnesota,55901,Central,TEC-AC-10004595,Technology,Accessories,First Data TMFD35 PIN Pad,142.8,1,0.0,29.988,False
6534,US-2017-107384,2017-12-04,2017-12-08,Standard Class,TP-21130,Theone Pippenger,Consumer,United States,Rochester,Minnesota,55901,Central,TEC-AC-10001539,Technology,Accessories,Logitech G430 Surround Sound Gaming Headset with Dolby 7.1 Technology,399.95,5,0.0,143.982,False
6548,CA-2014-113880,2014-03-01,2014-03-05,Standard Class,VF-21715,Vicky Freymann,Home Office,United States,Elmhurst,Illinois,60126,Central,FUR-CH-10000863,Furniture,Chairs,Novimex Swivel Fabric Task Chair,634.116,6,0.3,-172.1172,True
6549,CA-2014-113880,2014-03-01,2014-03-05,Standard Class,VF-21715,Vicky Freymann,Home Office,United States,Elmhurst,Illinois,60126,Central,OFF-PA-10003036,Office Supplies,Paper,"Black Print Carbonless 8 1/2"" x 8 1/4"" Rapid Memo Book",17.472,3,0.2,5.6784,False
6551,CA-2015-126739,2015-11-01,2015-11-03,Second Class,JH-16180,Justin Hirsh,Consumer,United States,New York City,New York,10035,East,FUR-CH-10000422,Furniture,Chairs,Global Highback Leather Tilter in Burgundy,327.564,4,0.1,21.8376,False
6559,CA-2015-166947,2015-06-05,2015-06-10,Standard Class,EB-13750,Edward Becker,Corporate,United States,Buffalo,New York,14215,East,FUR-CH-10004997,Furniture,Chairs,Hon Every-Day Series Multi-Task Chairs,1522.638,9,0.1,169.182,True
6563,CA-2014-166086,2014-05-07,2014-05-12,Standard Class,CT-11995,Carol Triggs,Consumer,United States,Lawrence,Massachusetts,1841,East,OFF-BI-10001078,Office Supplies,Binders,"Acco PRESSTEX Data Binder with Storage Hooks, Dark Blue, 14 7/8"" X 11""",16.14,3,0.0,7.9086,False
6564,CA-2014-166086,2014-05-07,2014-05-12,Standard Class,CT-11995,Carol Triggs,Consumer,United States,Lawrence,Massachusetts,1841,East,FUR-TA-10003469,Furniture,Tables,Balt Split Level Computer Training Table,194.25,2,0.3,-38.85,False
6565,CA-2014-166086,2014-05-07,2014-05-12,Standard Class,CT-11995,Carol Triggs,Consumer,United States,Lawrence,Massachusetts,1841,East,OFF-AR-10002578,Office Supplies,Art,Newell 335,8.64,3,0.0,2.5056,False
6566,CA-2014-166086,2014-05-07,2014-05-12,Standard Class,CT-11995,Carol Triggs,Consumer,United States,Lawrence,Massachusetts,1841,East,FUR-CH-10004675,Furniture,Chairs,"Lifetime Advantage Folding Chairs, 4/Carton",872.32,4,0.0,244.2496,True
6567,CA-2017-131282,2017-02-05,2017-02-08,Second Class,CB-12025,Cassandra Brandow,Consumer,United States,Waco,Texas,76706,Central,OFF-BI-10004632,Office Supplies,Binders,Ibico Hi-Tech Manual Binding System,243.992,4,0.8,-426.986,False
6568,CA-2017-131282,2017-02-05,2017-02-08,Second Class,CB-12025,Cassandra Brandow,Consumer,United States,Waco,Texas,76706,Central,OFF-AR-10003087,Office Supplies,Art,Staples in misc. colors,7.12,5,0.2,0.712,False
6576,CA-2017-123085,2017-03-03,2017-03-08,Standard Class,EJ-13720,Ed Jacobs,Consumer,United States,Los Angeles,California,90008,West,TEC-AC-10000990,Technology,Accessories,Imation Bio 2GB USBï¿½Flash Drive Imationï¿½Corp,1049.44,8,0.0,440.7648,True
6577,CA-2017-123085,2017-03-03,2017-03-08,Standard Class,EJ-13720,Ed Jacobs,Consumer,United States,Los Angeles,California,90008,West,FUR-CH-10003968,Furniture,Chairs,Novimex Turbo Task Chair,170.352,3,0.2,-17.0352,False
6578,CA-2015-153752,2015-12-06,2015-12-11,Second Class,RO-19780,Rose O'Brian,Consumer,United States,Arlington,Virginia,22204,South,TEC-PH-10001615,Technology,Phones,AT&T CL82213,173.94,6,0.0,50.4426,False
6583,CA-2016-148516,2016-08-07,2016-08-11,Standard Class,DW-13585,Dorothy Wardle,Corporate,United States,Edmonds,Washington,98026,West,TEC-AC-10003610,Technology,Accessories,Logitechï¿½Illuminated - Keyboard,179.97,3,0.0,86.3856,False
6595,CA-2015-146290,2015-05-04,2015-05-11,Standard Class,SV-20815,Stuart Van,Corporate,United States,Indianapolis,Indiana,46203,Central,OFF-AR-10001897,Office Supplies,Art,Model L Table or Wall-Mount Pencil Sharpener,125.93,7,0.0,35.2604,False
6598,CA-2014-169257,2014-06-06,2014-06-12,Standard Class,SV-20785,Stewart Visinsky,Consumer,United States,Jacksonville,Florida,32216,South,OFF-BI-10002557,Office Supplies,Binders,Presstex Flexible Ring Binders,1.365,1,0.7,-0.91,False
6599,CA-2014-169257,2014-06-06,2014-06-12,Standard Class,SV-20785,Stewart Visinsky,Consumer,United States,Jacksonville,Florida,32216,South,OFF-PA-10002319,Office Supplies,Paper,Xerox 1944,62.016,2,0.2,22.4808,False
6600,CA-2014-154095,2014-12-02,2014-12-07,Standard Class,ON-18715,Odella Nelson,Corporate,United States,Clinton,Maryland,20735,East,FUR-FU-10003849,Furniture,Furnishings,"DAX Metal Frame, Desktop, Stepped-Edge",60.72,3,0.0,23.6808,False
6601,CA-2014-154095,2014-12-02,2014-12-07,Standard Class,ON-18715,Odella Nelson,Corporate,United States,Clinton,Maryland,20735,East,OFF-PA-10002923,Office Supplies,Paper,Xerox 1942,146.82,3,0.0,73.41,False
6602,CA-2014-154095,2014-12-02,2014-12-07,Standard Class,ON-18715,Odella Nelson,Corporate,United States,Clinton,Maryland,20735,East,FUR-CH-10004754,Furniture,Chairs,"Global Stack Chair with Arms, Black",239.84,8,0.0,64.7568,False
6603,CA-2014-154095,2014-12-02,2014-12-07,Standard Class,ON-18715,Odella Nelson,Corporate,United States,Clinton,Maryland,20735,East,OFF-LA-10000634,Office Supplies,Labels,Avery 509,15.66,6,0.0,7.2036,False
6610,US-2015-118906,2015-03-10,2015-03-10,Same Day,KB-16585,Ken Black,Corporate,United States,Clinton,Maryland,20735,East,OFF-ST-10002406,Office Supplies,Storage,Pizazz Global Quick File,89.82,6,0.0,25.1496,False
6623,CA-2014-130449,2014-09-06,2014-09-09,First Class,VP-21760,Victoria Pisteka,Corporate,United States,San Francisco,California,94109,West,FUR-FU-10001487,Furniture,Furnishings,"Eldon Expressions Wood and Plastic Desk Accessories, Cherry Wood",41.88,6,0.0,12.1452,False
6624,CA-2014-130449,2014-09-06,2014-09-09,First Class,VP-21760,Victoria Pisteka,Corporate,United States,San Francisco,California,94109,West,OFF-LA-10001934,Office Supplies,Labels,Avery 516,58.48,8,0.0,27.4856,False
6630,CA-2015-125696,2015-10-02,2015-10-06,Standard Class,NP-18685,Nora Pelletier,Home Office,United States,Wilson,North Carolina,27893,South,OFF-BI-10001757,Office Supplies,Binders,Pressboard Hanging Data Binders for Unburst Sheets,7.38,5,0.7,-5.412,False
6633,US-2016-146857,2016-05-06,2016-05-08,Second Class,BE-11455,Brad Eason,Home Office,United States,Springfield,Missouri,65807,Central,OFF-AP-10001205,Office Supplies,Appliances,Belkin 5 Outlet SurgeMaster Power Centers,54.48,1,0.0,15.2544,False
6635,CA-2017-144498,2017-05-06,2017-05-06,Same Day,MB-18085,Mick Brown,Consumer,United States,Charlotte,North Carolina,28205,South,OFF-BI-10003982,Office Supplies,Binders,Wilson Jones Century Plastic Molded Ring Binders,68.541,11,0.7,-52.5481,False
6636,CA-2017-144498,2017-05-06,2017-05-06,Same Day,MB-18085,Mick Brown,Consumer,United States,Charlotte,North Carolina,28205,South,TEC-PH-10004977,Technology,Phones,GE 30524EE4,627.168,4,0.2,70.5564,True
6637,CA-2017-144498,2017-05-06,2017-05-06,Same Day,MB-18085,Mick Brown,Consumer,United States,Charlotte,North Carolina,28205,South,OFF-LA-10003510,Office Supplies,Labels,"Avery 4027 File Folder Labels for Dot Matrix Printers, 5000 Labels per Box, White",122.12,5,0.2,39.689,False
6641,CA-2017-128328,2017-08-05,2017-08-09,Standard Class,PO-18865,Patrick O'Donnell,Consumer,United States,Indianapolis,Indiana,46203,Central,OFF-BI-10001989,Office Supplies,Binders,Premium Transparent Presentation Covers by GBC,125.88,6,0.0,60.4224,False
6642,CA-2017-128328,2017-08-05,2017-08-09,Standard Class,PO-18865,Patrick O'Donnell,Consumer,United States,Indianapolis,Indiana,46203,Central,TEC-AC-10001714,Technology,Accessories,Logitechï¿½MX Performance Wireless Mouse,79.78,2,0.0,29.5186,False
6643,CA-2017-128328,2017-08-05,2017-08-09,Standard Class,PO-18865,Patrick O'Donnell,Consumer,United States,Indianapolis,Indiana,46203,Central,OFF-LA-10003498,Office Supplies,Labels,Avery 475,133.2,9,0.0,66.6,False
6649,US-2017-124779,2017-09-08,2017-09-11,First Class,BF-11020,Barry Franzï¿½sisch,Corporate,United States,Arlington,Texas,76017,Central,OFF-BI-10002429,Office Supplies,Binders,"Premier Elliptical Ring Binder, Black",42.616,7,0.8,-68.1856,False
6650,US-2017-124779,2017-09-08,2017-09-11,First Class,BF-11020,Barry Franzï¿½sisch,Corporate,United States,Arlington,Texas,76017,Central,TEC-CO-10001943,Technology,Copiers,Canon PC-428 Personal Copier,319.984,2,0.2,107.9946,False
6651,US-2017-124779,2017-09-08,2017-09-11,First Class,BF-11020,Barry Franzï¿½sisch,Corporate,United States,Arlington,Texas,76017,Central,OFF-FA-10004854,Office Supplies,Fasteners,"Vinyl Coated Wire Paper Clips in Organizer Box, 800/Box",45.92,5,0.2,15.498,False
6652,US-2017-124779,2017-09-08,2017-09-11,First Class,BF-11020,Barry Franzï¿½sisch,Corporate,United States,Arlington,Texas,76017,Central,FUR-FU-10001095,Furniture,Furnishings,DAX Black Cherry Wood-Tone Poster Frame,21.184,2,0.6,-11.6512,False
6653,US-2017-124779,2017-09-08,2017-09-11,First Class,BF-11020,Barry Franzï¿½sisch,Corporate,United States,Arlington,Texas,76017,Central,OFF-PA-10000061,Office Supplies,Paper,Xerox 205,20.736,4,0.2,7.2576,False
6654,US-2017-124779,2017-09-08,2017-09-11,First Class,BF-11020,Barry Franzï¿½sisch,Corporate,United States,Arlington,Texas,76017,Central,FUR-CH-10003535,Furniture,Chairs,"Global Armless Task Chair, Royal Blue",213.43,5,0.3,-39.637,False
6661,CA-2015-129322,2015-08-08,2015-08-10,Second Class,DB-13405,Denny Blanton,Consumer,United States,Lawrence,Massachusetts,1841,East,OFF-AR-10004587,Office Supplies,Art,"Boston 1827 Commercial Additional Cutter, Drive Gear & Gear Rack for 1606",39.66,2,0.0,11.898,False
6662,CA-2015-129322,2015-08-08,2015-08-10,Second Class,DB-13405,Denny Blanton,Consumer,United States,Lawrence,Massachusetts,1841,East,OFF-AP-10004336,Office Supplies,Appliances,"Conquest 14 Commercial Heavy-Duty Upright Vacuum, Collection System, Accessory Kit",113.92,2,0.0,33.0368,False
6663,CA-2015-129322,2015-08-08,2015-08-10,Second Class,DB-13405,Denny Blanton,Consumer,United States,Lawrence,Massachusetts,1841,East,OFF-BI-10001718,Office Supplies,Binders,GBC DocuBind P50 Personal Binding Machine,447.86,7,0.0,210.4942,False
6674,CA-2015-135510,2015-09-05,2015-09-12,Standard Class,TW-21025,Tamara Willingham,Home Office,United States,Charlottesville,Virginia,22901,South,FUR-FU-10000820,Furniture,Furnishings,Tensor Brushed Steel Torchiere Floor Lamp,67.96,4,0.0,12.2328,False
6680,CA-2017-145037,2017-09-02,2017-09-07,Second Class,TB-21055,Ted Butterfield,Consumer,United States,Meriden,Connecticut,6450,East,OFF-ST-10000918,Office Supplies,Storage,Crate-A-Files,10.9,1,0.0,2.834,False
6681,CA-2017-145037,2017-09-02,2017-09-07,Second Class,TB-21055,Ted Butterfield,Consumer,United States,Meriden,Connecticut,6450,East,OFF-PA-10000157,Office Supplies,Paper,Xerox 191,79.92,4,0.0,37.5624,False
6682,CA-2017-145037,2017-09-02,2017-09-07,Second Class,TB-21055,Ted Butterfield,Consumer,United States,Meriden,Connecticut,6450,East,OFF-PA-10002499,Office Supplies,Paper,Xerox 1890,146.82,3,0.0,73.41,False
6683,CA-2017-154466,2017-01-01,2017-01-02,First Class,DP-13390,Dennis Pardue,Home Office,United States,Franklin,Wisconsin,53132,Central,OFF-BI-10002012,Office Supplies,Binders,Wilson Jones Easy Flow II Sheet Lifters,3.6,2,0.0,1.728,False
6684,CA-2014-109134,2014-11-05,2014-11-10,Standard Class,DE-13255,Deanra Eno,Home Office,United States,Los Angeles,California,90008,West,FUR-FU-10000320,Furniture,Furnishings,OIC Stacking Trays,20.04,6,0.0,8.8176,False
6690,CA-2017-104108,2017-12-02,2017-12-09,Standard Class,RP-19855,Roy Phan,Corporate,United States,Houston,Texas,77095,Central,OFF-AR-10000817,Office Supplies,Art,Manco Dry-Lighter Erasable Highlighter,12.16,5,0.2,2.128,False
6696,US-2016-155103,2016-12-02,2016-12-07,Standard Class,JF-15190,Jamie Frazer,Consumer,United States,New York City,New York,10024,East,OFF-BI-10004318,Office Supplies,Binders,Ibico EB-19 Dual Function Manual Binding System,415.176,3,0.2,134.9322,False
6697,US-2016-155103,2016-12-02,2016-12-07,Standard Class,JF-15190,Jamie Frazer,Consumer,United States,New York City,New York,10024,East,OFF-BI-10004236,Office Supplies,Binders,"XtraLife ClearVue Slant-D Ring Binder, White, 3""",35.232,3,0.2,11.4504,False
6698,US-2016-155103,2016-12-02,2016-12-07,Standard Class,JF-15190,Jamie Frazer,Consumer,United States,New York City,New York,10024,East,OFF-PA-10000062,Office Supplies,Paper,Green Bar Computer Printout Paper,54.96,1,0.0,26.9304,False
6711,CA-2016-149503,2016-12-09,2016-12-12,First Class,SP-20650,Stephanie Phelps,Corporate,United States,Stockton,California,95207,West,OFF-BI-10002133,Office Supplies,Binders,"Wilson Jones Elliptical Ring 3 1/2"" Capacity Binders, 800 sheets",273.92,8,0.2,99.296,False
6724,US-2017-166394,2017-09-04,2017-09-06,Second Class,VM-21835,Vivian Mathis,Consumer,United States,Nashua,New Hampshire,3060,East,OFF-FA-10001843,Office Supplies,Fasteners,Staples,14.82,6,0.0,6.9654,False
6729,CA-2016-165827,2016-11-04,2016-11-09,Standard Class,MF-17665,Maureen Fritzler,Corporate,United States,Miami,Florida,33180,South,FUR-FU-10001889,Furniture,Furnishings,Ultra Door Pull Handle,50.496,6,0.2,8.2056,False
6733,CA-2014-120096,2014-07-04,2014-07-07,First Class,KE-16420,Katrina Edelman,Corporate,United States,Aurora,Colorado,80013,West,OFF-PA-10001977,Office Supplies,Paper,Xerox 194,177.536,4,0.2,62.1376,False
6734,CA-2014-120096,2014-07-04,2014-07-07,First Class,KE-16420,Katrina Edelman,Corporate,United States,Aurora,Colorado,80013,West,OFF-AP-10000692,Office Supplies,Appliances,Fellowes Mighty 8 Compact Surge Protector,32.432,2,0.2,3.2432,False
6743,US-2017-101784,2017-07-06,2017-07-11,Standard Class,PO-18850,Patrick O'Brill,Consumer,United States,Los Angeles,California,90008,West,FUR-CH-10001146,Furniture,Chairs,"Global Task Chair, Black",122.136,3,0.2,-13.7403,False
6760,CA-2017-165715,2017-12-02,2017-12-08,Standard Class,BG-11035,Barry Gonzalez,Consumer,United States,Greensboro,North Carolina,27405,South,OFF-AR-10003903,Office Supplies,Art,Sanford 52201 APSCO Electric Pencil Sharpener,32.776,1,0.2,2.4582,False
6763,CA-2016-144764,2016-09-02,2016-09-08,Standard Class,RL-19615,Rob Lucas,Consumer,United States,Chicago,Illinois,60623,Central,OFF-LA-10000240,Office Supplies,Labels,Self-Adhesive Address Labels for Typewriters by Universal,29.24,5,0.2,9.8685,False
6764,CA-2016-144764,2016-09-02,2016-09-08,Standard Class,RL-19615,Rob Lucas,Consumer,United States,Chicago,Illinois,60623,Central,OFF-ST-10002485,Office Supplies,Storage,Rogers Deluxe File Chest,35.168,2,0.2,-8.3524,False
6765,CA-2016-144764,2016-09-02,2016-09-08,Standard Class,RL-19615,Rob Lucas,Consumer,United States,Chicago,Illinois,60623,Central,TEC-MA-10003230,Technology,Machines,Okidata C610n Printer,1362.9,3,0.3,-19.47,True
6773,CA-2016-119018,2016-11-04,2016-11-08,Standard Class,CW-11905,Carl Weiss,Home Office,United States,Los Angeles,California,90004,West,OFF-BI-10003314,Office Supplies,Binders,Tuff Stuff Recycled Round Ring Binders,7.712,2,0.2,2.7956,False
6774,CA-2016-119018,2016-11-04,2016-11-08,Standard Class,CW-11905,Carl Weiss,Home Office,United States,Los Angeles,California,90004,West,OFF-BI-10000494,Office Supplies,Binders,Acco Economy Flexible Poly Round Ring Binder,4.176,1,0.2,1.305,False
6775,CA-2016-119018,2016-11-04,2016-11-08,Standard Class,CW-11905,Carl Weiss,Home Office,United States,Los Angeles,California,90004,West,OFF-PA-10000295,Office Supplies,Paper,Xerox 229,38.88,6,0.0,18.6624,False
6777,US-2016-152373,2016-09-05,2016-09-11,Standard Class,PT-19090,Pete Takahito,Consumer,United States,San Antonio,Texas,78207,Central,OFF-ST-10003479,Office Supplies,Storage,"Eldon Base for stackable storage shelf, platinum",93.456,3,0.2,-17.523,False
6779,US-2016-147711,2016-09-03,2016-09-08,Second Class,HF-14995,Herbert Flentye,Consumer,United States,Baltimore,Maryland,21215,East,FUR-BO-10003159,Furniture,Bookcases,"Sauder Camden County Collection Libraries, Planked Cherry Finish",344.94,3,0.0,31.0446,False
6780,US-2016-147711,2016-09-03,2016-09-08,Second Class,HF-14995,Herbert Flentye,Consumer,United States,Baltimore,Maryland,21215,East,FUR-FU-10002364,Furniture,Furnishings,"Eldon Expressions Wood Desk Accessories, Oak",14.76,2,0.0,4.2804,False
6781,US-2016-147711,2016-09-03,2016-09-08,Second Class,HF-14995,Herbert Flentye,Consumer,United States,Baltimore,Maryland,21215,East,OFF-BI-10003350,Office Supplies,Binders,Acco Expandable Hanging Binders,12.76,2,0.0,5.8696,False
6782,US-2016-147711,2016-09-03,2016-09-08,Second Class,HF-14995,Herbert Flentye,Consumer,United States,Baltimore,Maryland,21215,East,OFF-LA-10004093,Office Supplies,Labels,Avery 486,58.48,8,0.0,27.4856,False
6790,CA-2015-161445,2015-09-07,2015-09-09,Second Class,CC-12610,Corey Catlett,Corporate,United States,Durham,North Carolina,27707,South,OFF-AR-10001953,Office Supplies,Art,Boston 1645 Deluxe Heavier-Duty Electric Pencil Sharpener,140.736,4,0.2,12.3144,False
6805,CA-2014-152233,2014-10-05,2014-10-06,First Class,KH-16510,Keith Herrera,Consumer,United States,Pomona,California,91767,West,TEC-AC-10002800,Technology,Accessories,Plantronics Audio 478 Stereo USB Headset,99.98,2,0.0,34.993,False
6823,US-2017-115609,2017-11-02,2017-11-07,Standard Class,CS-12505,Cindy Stewart,Consumer,United States,Los Angeles,California,90036,West,OFF-AP-10003040,Office Supplies,Appliances,Fellowes 8 Outlet Superior Workstation Surge Protector w/o Phone/Fax/Modem Protection,168.1,5,0.0,43.706,False
6826,CA-2016-118689,2016-10-02,2016-10-09,Standard Class,TC-20980,Tamara Chand,Corporate,United States,Lafayette,Indiana,47905,Central,OFF-ST-10001558,Office Supplies,Storage,Acco Perma 4000 Stacking Storage Drawers,32.48,2,0.0,4.872,False
6827,CA-2016-118689,2016-10-02,2016-10-09,Standard Class,TC-20980,Tamara Chand,Corporate,United States,Lafayette,Indiana,47905,Central,TEC-CO-10004722,Technology,Copiers,Canon imageCLASS 2200 Advanced Copier,17499.95,5,0.0,8399.976,True
6828,CA-2016-118689,2016-10-02,2016-10-09,Standard Class,TC-20980,Tamara Chand,Corporate,United States,Lafayette,Indiana,47905,Central,OFF-BI-10004600,Office Supplies,Binders,Ibico Ibimaster 300 Manual Binding System,735.98,2,0.0,331.191,True
6829,CA-2016-118689,2016-10-02,2016-10-09,Standard Class,TC-20980,Tamara Chand,Corporate,United States,Lafayette,Indiana,47905,Central,OFF-BI-10003712,Office Supplies,Binders,"Acco Pressboard Covers with Storage Hooks, 14 7/8"" x 11"", Light Blue",34.37,7,0.0,16.8413,False
6830,CA-2016-118689,2016-10-02,2016-10-09,Standard Class,TC-20980,Tamara Chand,Corporate,United States,Lafayette,Indiana,47905,Central,OFF-AR-10001958,Office Supplies,Art,Stanley Bostitch Contemporary Electric Pencil Sharpeners,33.96,2,0.0,9.5088,False
6834,CA-2016-153101,2016-09-08,2016-09-08,Same Day,PJ-19015,Pauline Johnson,Consumer,United States,Santa Ana,California,92704,West,FUR-TA-10003008,Furniture,Tables,"Lesro Round Back Collection Coffee Table, End Table",146.04,1,0.2,-12.7785,False
6838,CA-2015-116260,2015-07-06,2015-07-12,Standard Class,BF-10975,Barbara Fisher,Corporate,United States,Vineland,New Jersey,8360,East,OFF-AR-10003732,Office Supplies,Art,Newell 333,11.12,4,0.0,2.8912,False
6839,CA-2017-107517,2017-02-05,2017-02-09,Standard Class,FC-14335,Fred Chung,Corporate,United States,Torrance,California,90503,West,OFF-AP-10000275,Office Supplies,Appliances,"Sanyo Counter Height Refrigerator with Crisper, 3.6 Cubic Foot, Stainless Steel/Black",1640.7,5,0.0,459.396,True
6840,CA-2017-107517,2017-02-05,2017-02-09,Standard Class,FC-14335,Fred Chung,Corporate,United States,Torrance,California,90503,West,TEC-PH-10003505,Technology,Phones,Geemarc AmpliPOWER60,371.2,5,0.2,41.76,False
6841,CA-2015-166338,2015-12-06,2015-12-07,First Class,MP-18175,Mike Pelletier,Home Office,United States,Troy,Ohio,45373,East,OFF-BI-10002852,Office Supplies,Binders,Ibico Standard Transparent Covers,14.832,3,0.7,-10.3824,False
6846,CA-2014-147543,2014-07-06,2014-07-12,Standard Class,BC-11125,Becky Castell,Home Office,United States,El Cajon,California,92020,West,FUR-CH-10000155,Furniture,Chairs,Global Comet Stacking Armless Chair,478.48,2,0.2,47.848,True
6851,US-2016-100461,2016-01-08,2016-01-12,Standard Class,JO-15145,Jack O'Briant,Corporate,United States,Franklin,Wisconsin,53132,Central,FUR-BO-10002545,Furniture,Bookcases,"Atlantic Metals Mobile 3-Shelf Bookcases, Custom Colors",1565.88,6,0.0,407.1288,True
6852,US-2016-100461,2016-01-08,2016-01-12,Standard Class,JO-15145,Jack O'Briant,Corporate,United States,Franklin,Wisconsin,53132,Central,OFF-BI-10001460,Office Supplies,Binders,Plastic Binding Combs,106.05,7,0.0,49.8435,False
6864,CA-2017-138618,2017-12-01,2017-12-08,Standard Class,MY-17380,Maribeth Yedwab,Corporate,United States,San Antonio,Texas,78207,Central,OFF-PA-10000520,Office Supplies,Paper,Xerox 201,10.368,2,0.2,3.6288,False
6872,CA-2016-145009,2016-12-05,2016-12-08,Second Class,RF-19345,Randy Ferguson,Corporate,United States,Chicago,Illinois,60610,Central,OFF-LA-10004853,Office Supplies,Labels,Avery 483,11.952,3,0.2,3.8844,False
6876,US-2016-121013,2016-09-05,2016-09-10,Standard Class,MM-17920,Michael Moore,Consumer,United States,Chesapeake,Virginia,23320,South,OFF-LA-10004545,Office Supplies,Labels,Avery 50,25.06,2,0.0,11.7782,False
6877,US-2016-121013,2016-09-05,2016-09-10,Standard Class,MM-17920,Michael Moore,Consumer,United States,Chesapeake,Virginia,23320,South,FUR-TA-10003238,Furniture,Tables,"Chromcraft Bull-Nose Wood 48"" x 96"" Rectangular Conference Tables",1652.94,3,0.0,314.0586,True
6880,CA-2015-137113,2015-12-01,2015-12-05,Second Class,TW-21025,Tamara Willingham,Home Office,United States,Seattle,Washington,98105,West,FUR-CH-10001215,Furniture,Chairs,Global Troy Executive Leather Low-Back Tilter,2003.92,5,0.2,125.245,True
6881,CA-2015-137113,2015-12-01,2015-12-05,Second Class,TW-21025,Tamara Willingham,Home Office,United States,Seattle,Washington,98105,West,OFF-PA-10004255,Office Supplies,Paper,Xerox 219,32.4,5,0.0,15.552,False
6882,CA-2015-137113,2015-12-01,2015-12-05,Second Class,TW-21025,Tamara Willingham,Home Office,United States,Seattle,Washington,98105,West,FUR-TA-10001705,Furniture,Tables,Bush Advantage Collection Round Conference Table,1913.4,9,0.0,401.814,True
6883,CA-2015-137113,2015-12-01,2015-12-05,Second Class,TW-21025,Tamara Willingham,Home Office,United States,Seattle,Washington,98105,West,OFF-ST-10002554,Office Supplies,Storage,Tennsco Industrial Shelving,146.73,3,0.0,2.9346,False
6884,CA-2015-137113,2015-12-01,2015-12-05,Second Class,TW-21025,Tamara Willingham,Home Office,United States,Seattle,Washington,98105,West,OFF-PA-10002222,Office Supplies,Paper,"Xerox Color Copier Paper, 11"" x 17"", Ream",114.2,5,0.0,52.532,False
6901,CA-2015-140557,2015-09-07,2015-09-11,Standard Class,TN-21040,Tanja Norvell,Home Office,United States,New York City,New York,10009,East,TEC-AC-10002402,Technology,Accessories,Razer Kraken PRO Over Ear PC and Music Headset,559.93,7,0.0,167.979,True
6903,CA-2017-111220,2017-09-02,2017-09-08,Standard Class,JS-15595,Jill Stevenson,Corporate,United States,Chicago,Illinois,60653,Central,OFF-FA-10002280,Office Supplies,Fasteners,Advantus Plastic Paper Clips,16.0,4,0.2,5.6,False
6904,CA-2017-111220,2017-09-02,2017-09-08,Standard Class,JS-15595,Jill Stevenson,Corporate,United States,Chicago,Illinois,60653,Central,OFF-AP-10003278,Office Supplies,Appliances,Belkin 7-Outlet SurgeMaster Home Series,5.588,2,0.8,-15.0876,False
6905,CA-2017-111220,2017-09-02,2017-09-08,Standard Class,JS-15595,Jill Stevenson,Corporate,United States,Chicago,Illinois,60653,Central,OFF-ST-10003994,Office Supplies,Storage,"Belkin 19"" Center-Weighted Shelf, Gray",235.92,5,0.2,-44.235,False
6906,US-2017-149006,2017-12-06,2017-12-08,Second Class,BN-11470,Brad Norvell,Corporate,United States,Brentwood,California,94513,West,OFF-ST-10003221,Office Supplies,Storage,Staple magnet,10.68,1,0.0,2.8836,False
6912,CA-2017-168942,2017-08-01,2017-08-05,Second Class,EM-13960,Eric Murdock,Consumer,United States,San Francisco,California,94109,West,OFF-ST-10004340,Office Supplies,Storage,"Fellowes Mobile File Cart, Black",186.54,3,0.0,50.3658,False
6913,US-2017-128398,2017-05-02,2017-05-05,Second Class,EM-13825,Elizabeth Moffitt,Corporate,United States,Los Angeles,California,90049,West,TEC-AC-10001714,Technology,Accessories,Logitechï¿½MX Performance Wireless Mouse,159.56,4,0.0,59.0372,False
6922,CA-2017-109211,2017-04-04,2017-04-10,Standard Class,PS-19045,Penelope Sewall,Home Office,United States,New York City,New York,10011,East,OFF-EN-10001532,Office Supplies,Envelopes,Brown Kraft Recycled Envelopes,16.98,1,0.0,8.49,False
6937,CA-2016-129847,2016-09-02,2016-09-04,First Class,TA-21385,Tom Ashbrook,Home Office,United States,Chicago,Illinois,60653,Central,FUR-FU-10000277,Furniture,Furnishings,Deflect-o DuraMat Antistatic Studded Beveled Mat for Medium Pile Carpeting,84.272,2,0.6,-75.8448,False
6939,CA-2016-125094,2016-11-05,2016-11-09,Standard Class,NP-18700,Nora Preis,Consumer,United States,Seattle,Washington,98105,West,TEC-AC-10004420,Technology,Accessories,Cherry 142-key Programmable Keyboard,479.72,4,0.0,52.7692,True
6953,CA-2015-129917,2015-10-02,2015-10-03,First Class,HM-14980,Henry MacAllister,Consumer,United States,Los Angeles,California,90008,West,OFF-BI-10001757,Office Supplies,Binders,Pressboard Hanging Data Binders for Unburst Sheets,11.808,3,0.2,4.1328,False
6954,CA-2015-129917,2015-10-02,2015-10-03,First Class,HM-14980,Henry MacAllister,Consumer,United States,Los Angeles,California,90008,West,OFF-BI-10004828,Office Supplies,Binders,GBC Poly Designer Binding Covers,53.568,4,0.2,19.4184,False
6955,CA-2015-129917,2015-10-02,2015-10-03,First Class,HM-14980,Henry MacAllister,Consumer,United States,Los Angeles,California,90008,West,TEC-PH-10000369,Technology,Phones,HTC One Mini,503.96,5,0.2,50.396,True
6962,CA-2017-162096,2017-11-10,2017-11-10,Same Day,TB-21190,Thomas Brumley,Home Office,United States,Riverside,California,92503,West,OFF-AR-10002221,Office Supplies,Art,12 Colored Short Pencils,7.8,3,0.0,2.106,False
6981,CA-2014-146990,2014-11-07,2014-11-08,First Class,BP-11095,Bart Pistole,Corporate,United States,New York City,New York,10024,East,OFF-FA-10000611,Office Supplies,Fasteners,Binder Clips by OIC,5.92,4,0.0,2.8416,False
6982,CA-2014-146990,2014-11-07,2014-11-08,First Class,BP-11095,Bart Pistole,Corporate,United States,New York City,New York,10024,East,OFF-PA-10000246,Office Supplies,Paper,Riverleaf Stik-Withit Designer Note Cubes,30.18,3,0.0,13.8828,False
6983,CA-2016-116526,2016-09-01,2016-09-05,Standard Class,JA-15970,Joseph Airdo,Consumer,United States,Detroit,Michigan,48227,Central,OFF-BI-10004728,Office Supplies,Binders,Wilson Jones Turn Tabs Binder Tool for Ring Binders,24.1,5,0.0,11.086,False
6984,CA-2016-116526,2016-09-01,2016-09-05,Standard Class,JA-15970,Joseph Airdo,Consumer,United States,Detroit,Michigan,48227,Central,TEC-PH-10002365,Technology,Phones,Belkin Grip Candy Sheer Case / Cover for iPhone 5 and 5S,8.78,1,0.0,2.2828,False
6985,CA-2016-116526,2016-09-01,2016-09-05,Standard Class,JA-15970,Joseph Airdo,Consumer,United States,Detroit,Michigan,48227,Central,OFF-AP-10002457,Office Supplies,Appliances,"Eureka The Boss Plus 12-Amp Hard Box Upright Vacuum, Red",376.74,4,0.1,71.162,False
6986,CA-2016-116526,2016-09-01,2016-09-05,Standard Class,JA-15970,Joseph Airdo,Consumer,United States,Detroit,Michigan,48227,Central,OFF-BI-10000320,Office Supplies,Binders,GBC Plastic Binding Combs,29.52,4,0.0,14.4648,False
6987,CA-2016-116526,2016-09-01,2016-09-05,Standard Class,JA-15970,Joseph Airdo,Consumer,United States,Detroit,Michigan,48227,Central,OFF-AR-10004999,Office Supplies,Art,Newell 315,11.96,2,0.0,2.99,False
6988,CA-2016-116526,2016-09-01,2016-09-05,Standard Class,JA-15970,Joseph Airdo,Consumer,United States,Detroit,Michigan,48227,Central,OFF-BI-10001116,Office Supplies,Binders,"Wilson Jones 1"" Hanging DublLock Ring Binders",26.4,5,0.0,12.672,False
7006,CA-2015-141740,2015-11-01,2015-11-05,Standard Class,JF-15490,Jeremy Farry,Consumer,United States,New York City,New York,10009,East,FUR-CH-10001545,Furniture,Chairs,Hon Comfortask Task/Swivel Chairs,205.164,2,0.1,13.6776,False
7014,CA-2017-141201,2017-12-09,2017-12-11,Second Class,DB-12910,Daniel Byrd,Home Office,United States,Salinas,California,93905,West,FUR-BO-10001519,Furniture,Bookcases,O'Sullivan 3-Shelf Heavy-Duty Bookcases,148.257,3,0.15,15.6978,False
7026,US-2017-101840,2017-02-06,2017-02-12,Standard Class,SP-20545,Sibella Parks,Corporate,United States,New York City,New York,10024,East,TEC-PH-10002538,Technology,Phones,Grandstream GXP1160 VoIP phone,227.46,6,0.0,65.9634,False
7027,US-2017-101840,2017-02-06,2017-02-12,Standard Class,SP-20545,Sibella Parks,Corporate,United States,New York City,New York,10024,East,OFF-BI-10000279,Office Supplies,Binders,"Acco Recycled 2"" Capacity Laser Printer Hanging Data Binders",46.24,4,0.2,15.606,False
7037,CA-2014-124618,2014-05-02,2014-05-04,Second Class,CS-11860,Cari Schnelling,Consumer,United States,Lakeland,Florida,33801,South,TEC-CO-10004202,Technology,Copiers,Brother DCP1000 Digital 3 in 1 Multifunction Machine,479.984,2,0.2,89.997,True
7046,CA-2016-160136,2016-11-03,2016-11-09,Standard Class,PJ-18835,Patrick Jones,Corporate,United States,Dallas,Texas,75217,Central,OFF-PA-10002160,Office Supplies,Paper,Xerox 1978,9.248,2,0.2,3.3524,False
7047,CA-2014-150581,2014-04-08,2014-04-12,Standard Class,NM-18445,Nathan Mautz,Home Office,United States,Concord,California,94521,West,FUR-TA-10003748,Furniture,Tables,Bevis 36 x 72 Conference Tables,99.592,1,0.2,2.4898,False
7048,CA-2014-150581,2014-04-08,2014-04-12,Standard Class,NM-18445,Nathan Mautz,Home Office,United States,Concord,California,94521,West,TEC-AC-10001908,Technology,Accessories,Logitech Wireless Headset h800,399.96,4,0.0,139.986,False
7051,CA-2016-165330,2016-12-11,2016-12-11,Same Day,WB-21850,William Brown,Consumer,United States,Anaheim,California,92804,West,OFF-BI-10004593,Office Supplies,Binders,Ibico Laser Imprintable Binding System Covers,209.6,5,0.2,68.12,False
7052,CA-2016-165330,2016-12-11,2016-12-11,Same Day,WB-21850,William Brown,Consumer,United States,Anaheim,California,92804,West,OFF-AR-10000914,Office Supplies,Art,Boston 16765 Mini Stand Up Battery Pencil Sharpener,23.32,2,0.0,6.0632,False
7053,CA-2016-165330,2016-12-11,2016-12-11,Same Day,WB-21850,William Brown,Consumer,United States,Anaheim,California,92804,West,OFF-PA-10000241,Office Supplies,Paper,"IBM Multi-Purpose Copy Paper, 8 1/2 x 11"", Case",30.98,1,0.0,13.941,False
7054,CA-2016-165330,2016-12-11,2016-12-11,Same Day,WB-21850,William Brown,Consumer,United States,Anaheim,California,92804,West,TEC-AC-10000057,Technology,Accessories,Microsoft Natural Ergonomic Keyboard 4000,119.96,4,0.0,25.1916,False
7055,CA-2016-165330,2016-12-11,2016-12-11,Same Day,WB-21850,William Brown,Consumer,United States,Anaheim,California,92804,West,FUR-CH-10003774,Furniture,Chairs,"Global Wood Trimmed Manager's Task Chair, Khaki",363.92,5,0.2,-31.843,False
7056,CA-2016-165330,2016-12-11,2016-12-11,Same Day,WB-21850,William Brown,Consumer,United States,Anaheim,California,92804,West,OFF-BI-10002824,Office Supplies,Binders,Recycled Easel Ring Binders,35.808,3,0.2,11.19,False
7057,CA-2016-165330,2016-12-11,2016-12-11,Same Day,WB-21850,William Brown,Consumer,United States,Anaheim,California,92804,West,OFF-BI-10004001,Office Supplies,Binders,GBC Recycled VeloBinder Covers,122.688,9,0.2,39.8736,False
7058,CA-2016-165330,2016-12-11,2016-12-11,Same Day,WB-21850,William Brown,Consumer,United States,Anaheim,California,92804,West,FUR-TA-10004619,Furniture,Tables,Hon Non-Folding Utility Tables,892.136,7,0.2,111.517,True
7059,CA-2016-165330,2016-12-11,2016-12-11,Same Day,WB-21850,William Brown,Consumer,United States,Anaheim,California,92804,West,OFF-ST-10000636,Office Supplies,Storage,Rogers Profile Extra Capacity Storage Tub,50.22,3,0.0,2.0088,False
7060,CA-2016-165330,2016-12-11,2016-12-11,Same Day,WB-21850,William Brown,Consumer,United States,Anaheim,California,92804,West,OFF-AP-10001469,Office Supplies,Appliances,Fellowes 8 Outlet Superior Workstation Surge Protector,83.42,2,0.0,24.1918,False
7061,CA-2016-165330,2016-12-11,2016-12-11,Same Day,WB-21850,William Brown,Consumer,United States,Anaheim,California,92804,West,OFF-BI-10002897,Office Supplies,Binders,"Black Avery Memo-Size 3-Ring Binder, 5 1/2"" x 8 1/2""",5.872,2,0.2,2.1286,False
7062,CA-2015-132633,2015-02-03,2015-02-05,Second Class,KH-16630,Ken Heidel,Corporate,United States,Pleasant Grove,Utah,84062,West,OFF-BI-10002432,Office Supplies,Binders,Wilson Jones Standard D-Ring Binders,12.144,3,0.2,4.0986,False
7065,CA-2017-169474,2017-02-04,2017-02-09,Standard Class,JF-15355,Jay Fein,Consumer,United States,Rochester,New York,14609,East,OFF-AP-10003971,Office Supplies,Appliances,Belkin 6 Outlet Metallic Surge Strip,32.67,3,0.0,8.4942,False
7066,CA-2014-106726,2014-12-06,2014-12-08,First Class,RS-19765,Roland Schwarz,Corporate,United States,Los Angeles,California,90008,West,OFF-ST-10001496,Office Supplies,Storage,Standard Rollaway File with Lock,1261.33,7,0.0,327.9458,True
7071,CA-2016-164490,2016-09-05,2016-09-10,Second Class,SU-20665,Stephanie Ulpright,Home Office,United States,Chicago,Illinois,60653,Central,OFF-PA-10004971,Office Supplies,Paper,Xerox 196,9.248,2,0.2,3.3524,False
7078,CA-2016-106950,2016-09-02,2016-09-06,Standard Class,JE-15715,Joe Elijah,Consumer,United States,Charlotte,North Carolina,28205,South,OFF-BI-10000014,Office Supplies,Binders,Heavy-Duty E-Z-D Binders,22.911,7,0.7,-17.5651,False
7079,CA-2016-106950,2016-09-02,2016-09-06,Standard Class,JE-15715,Joe Elijah,Consumer,United States,Charlotte,North Carolina,28205,South,OFF-AP-10000159,Office Supplies,Appliances,Belkin F9M820V08 8 Outlet Surge,309.456,9,0.2,34.8138,False
7080,CA-2016-106950,2016-09-02,2016-09-06,Standard Class,JE-15715,Joe Elijah,Consumer,United States,Charlotte,North Carolina,28205,South,OFF-AR-10003560,Office Supplies,Art,Zebra Zazzle Fluorescent Highlighters,19.456,4,0.2,3.4048,False
7081,CA-2016-106950,2016-09-02,2016-09-06,Standard Class,JE-15715,Joe Elijah,Consumer,United States,Charlotte,North Carolina,28205,South,FUR-TA-10001768,Furniture,Tables,Hon Racetrack Conference Tables,472.518,3,0.4,-149.6307,False
7082,CA-2016-106950,2016-09-02,2016-09-06,Standard Class,JE-15715,Joe Elijah,Consumer,United States,Charlotte,North Carolina,28205,South,TEC-AC-10002049,Technology,Accessories,Plantronics Savi W720 Multi-Device Wireless Headset System,1012.68,3,0.2,303.804,True
7083,CA-2016-106950,2016-09-02,2016-09-06,Standard Class,JE-15715,Joe Elijah,Consumer,United States,Charlotte,North Carolina,28205,South,OFF-BI-10003166,Office Supplies,Binders,GBC Plasticlear Binding Covers,17.22,5,0.7,-12.628,False
7088,US-2017-143175,2017-08-03,2017-08-06,Second Class,GA-14515,George Ashbrook,Consumer,United States,Los Angeles,California,90004,West,OFF-ST-10003123,Office Supplies,Storage,Fellowes Bases and Tops For Staxonsteel/High-Stak Systems,99.87,3,0.0,23.9688,False
7099,CA-2017-144596,2017-11-06,2017-11-10,Standard Class,CD-11980,Carol Darley,Consumer,United States,New York City,New York,10011,East,OFF-PA-10003302,Office Supplies,Paper,Xerox 1906,318.96,9,0.0,149.9112,False
7102,CA-2016-144337,2016-08-01,2016-08-05,Second Class,SG-20890,Susan Gilcrest,Corporate,United States,Amarillo,Texas,79109,Central,OFF-PA-10000249,Office Supplies,Paper,Easy-staple paper,19.648,2,0.2,6.6312,False
7104,CA-2017-147410,2017-09-04,2017-09-08,Standard Class,EJ-14155,Eva Jacobs,Consumer,United States,Santa Ana,California,92704,West,OFF-ST-10003805,Office Supplies,Storage,"24 Capacity Maxi Data Binder Racks, Pearl",421.1,2,0.0,105.275,False
7115,US-2016-102239,2016-05-05,2016-05-06,First Class,LW-16990,Lindsay Williams,Corporate,United States,Henderson,Nevada,89015,West,FUR-TA-10003392,Furniture,Tables,Global Adaptabilities Conference Tables,1685.88,6,0.0,320.3172,True
7116,US-2016-102239,2016-05-05,2016-05-06,First Class,LW-16990,Lindsay Williams,Corporate,United States,Henderson,Nevada,89015,West,OFF-BI-10001890,Office Supplies,Binders,Avery Poly Binder Pockets,5.728,2,0.2,2.0048,False
7122,CA-2017-166926,2017-12-01,2017-12-08,Standard Class,SO-20335,Sean O'Donnell,Consumer,United States,Seattle,Washington,98105,West,OFF-PA-10001593,Office Supplies,Paper,Xerox 1947,41.86,7,0.0,18.837,False
7123,CA-2017-166926,2017-12-01,2017-12-08,Standard Class,SO-20335,Sean O'Donnell,Consumer,United States,Seattle,Washington,98105,West,FUR-BO-10002598,Furniture,Bookcases,"Hon Metal Bookcases, Putty",141.96,2,0.0,41.1684,False
7141,CA-2017-128783,2017-09-07,2017-09-07,Same Day,TG-21640,Trudy Glocke,Consumer,United States,Saint Charles,Missouri,63301,Central,TEC-AC-10002473,Technology,Accessories,Maxell 4.7GB DVD-R,113.52,4,0.0,46.5432,False
7142,CA-2017-128783,2017-09-07,2017-09-07,Same Day,TG-21640,Trudy Glocke,Consumer,United States,Saint Charles,Missouri,63301,Central,FUR-FU-10003623,Furniture,Furnishings,"DataProducts Ampli Magnifier Task Lamp, Black,",135.3,5,0.0,37.884,False
7162,CA-2014-138709,2014-07-04,2014-07-09,Standard Class,MS-17770,Maxwell Schwartz,Consumer,United States,Richmond,Virginia,23223,South,OFF-PA-10004734,Office Supplies,Paper,Southworth Structures Collection,21.84,3,0.0,10.92,False
7163,CA-2014-138709,2014-07-04,2014-07-09,Standard Class,MS-17770,Maxwell Schwartz,Consumer,United States,Richmond,Virginia,23223,South,OFF-BI-10000145,Office Supplies,Binders,Zipper Ring Binder Pockets,15.6,5,0.0,7.644,False
7178,CA-2017-133067,2017-05-04,2017-05-10,Standard Class,MY-18295,Muhammed Yedwab,Corporate,United States,Philadelphia,Pennsylvania,19140,East,OFF-BI-10002897,Office Supplies,Binders,"Black Avery Memo-Size 3-Ring Binder, 5 1/2"" x 8 1/2""",2.202,2,0.7,-1.5414,False
7179,CA-2017-133067,2017-05-04,2017-05-10,Standard Class,MY-18295,Muhammed Yedwab,Corporate,United States,Philadelphia,Pennsylvania,19140,East,OFF-BI-10003694,Office Supplies,Binders,"Avery 3 1/2"" Diskette Storage Pages, 10/Pack",9.396,3,0.7,-7.5168,False
7181,CA-2014-106054,2014-01-06,2014-01-07,First Class,JO-15145,Jack O'Briant,Corporate,United States,Athens,Georgia,30605,South,OFF-AR-10002399,Office Supplies,Art,"Dixon Prang Watercolor Pencils, 10-Color Set with Brush",12.78,3,0.0,5.2398,False
7192,CA-2016-116918,2016-10-01,2016-10-06,Second Class,JK-15205,Jamie Kunitz,Consumer,United States,Hialeah,Florida,33012,South,OFF-BI-10004140,Office Supplies,Binders,Avery Non-Stick Binders,5.388,4,0.7,-4.49,False
7193,CA-2016-116918,2016-10-01,2016-10-06,Second Class,JK-15205,Jamie Kunitz,Consumer,United States,Hialeah,Florida,33012,South,OFF-AR-10003631,Office Supplies,Art,Staples in misc. colors,30.976,8,0.2,5.0336,False
7206,CA-2017-137414,2017-10-02,2017-10-06,Standard Class,CM-12115,Chad McGuire,Consumer,United States,San Francisco,California,94109,West,FUR-FU-10001424,Furniture,Furnishings,Dax Clear Box Frame,17.46,2,0.0,5.9364,False
7207,CA-2017-137414,2017-10-02,2017-10-06,Standard Class,CM-12115,Chad McGuire,Consumer,United States,San Francisco,California,94109,West,TEC-MA-10002930,Technology,Machines,Ricoh - Ink Collector Unit for GX3000 Series Printers,369.16,11,0.2,32.3015,False
7211,US-2016-119046,2016-06-02,2016-06-06,Standard Class,EH-13765,Edward Hooks,Corporate,United States,Seattle,Washington,98115,West,OFF-PA-10000246,Office Supplies,Paper,Riverleaf Stik-Withit Designer Note Cubes,30.18,3,0.0,13.8828,False
7212,US-2016-119046,2016-06-02,2016-06-06,Standard Class,EH-13765,Edward Hooks,Corporate,United States,Seattle,Washington,98115,West,OFF-BI-10001078,Office Supplies,Binders,"Acco PRESSTEX Data Binder with Storage Hooks, Dark Blue, 14 7/8"" X 11""",51.648,12,0.2,18.7224,False
7213,US-2016-119046,2016-06-02,2016-06-06,Standard Class,EH-13765,Edward Hooks,Corporate,United States,Seattle,Washington,98115,West,OFF-BI-10000138,Office Supplies,Binders,Acco Translucent Poly Ring Binders,11.232,3,0.2,3.9312,False
7217,CA-2015-150770,2015-05-03,2015-05-06,First Class,LC-16870,Lena Cacioppo,Consumer,United States,San Francisco,California,94109,West,OFF-AR-10001246,Office Supplies,Art,Newell 317,8.82,3,0.0,2.5578,False
7218,CA-2015-150770,2015-05-03,2015-05-06,First Class,LC-16870,Lena Cacioppo,Consumer,United States,San Francisco,California,94109,West,OFF-BI-10002026,Office Supplies,Binders,Ibico Recycled Linen-Style Covers,62.496,2,0.2,21.8736,False
7219,CA-2015-150770,2015-05-03,2015-05-06,First Class,LC-16870,Lena Cacioppo,Consumer,United States,San Francisco,California,94109,West,TEC-AC-10000844,Technology,Accessories,Logitechï¿½Gaming G510s - Keyboard,339.96,4,0.0,122.3856,False
7220,CA-2015-150770,2015-05-03,2015-05-06,First Class,LC-16870,Lena Cacioppo,Consumer,United States,San Francisco,California,94109,West,OFF-BI-10001575,Office Supplies,Binders,GBC Linen Binding Covers,49.568,2,0.2,17.3488,False
7223,CA-2017-113075,2017-09-02,2017-09-06,Standard Class,MC-18100,Mick Crebagga,Consumer,United States,Chicago,Illinois,60623,Central,TEC-AC-10003441,Technology,Accessories,Kingston Digital DataTraveler 32GB USB 2.0,40.68,3,0.2,-7.119,False
7234,CA-2016-137337,2016-03-08,2016-03-12,Standard Class,GB-14575,Giulietta Baptist,Consumer,United States,New York City,New York,10011,East,FUR-FU-10003347,Furniture,Furnishings,Coloredge Poster Frame,113.6,8,0.0,44.304,False
7235,CA-2016-137337,2016-03-08,2016-03-12,Standard Class,GB-14575,Giulietta Baptist,Consumer,United States,New York City,New York,10011,East,OFF-PA-10001934,Office Supplies,Paper,Xerox 1993,12.96,2,0.0,6.3504,False
7236,CA-2016-137337,2016-03-08,2016-03-12,Standard Class,GB-14575,Giulietta Baptist,Consumer,United States,New York City,New York,10011,East,OFF-BI-10000632,Office Supplies,Binders,Satellite Sectional Post Binders,69.456,2,0.2,22.5732,False
7237,CA-2014-138737,2014-12-07,2014-12-10,First Class,FP-14320,Frank Preis,Consumer,United States,Los Angeles,California,90049,West,OFF-AR-10003190,Office Supplies,Art,Newell 32,8.64,3,0.0,2.4192,False
7238,CA-2016-164924,2016-07-10,2016-07-10,Same Day,EA-14035,Erin Ashbrook,Corporate,United States,Philadelphia,Pennsylvania,19143,East,TEC-MA-10000904,Technology,Machines,"Brother MFC-9340CDW LED All-In-One Printer, Copier Scanner",341.991,3,0.7,-319.1916,False
7247,US-2014-127978,2014-03-03,2014-03-08,Standard Class,JS-15595,Jill Stevenson,Corporate,United States,Columbus,Ohio,43229,East,OFF-LA-10000305,Office Supplies,Labels,Avery 495,15.12,3,0.2,4.914,False
7248,US-2014-127978,2014-03-03,2014-03-08,Standard Class,JS-15595,Jill Stevenson,Corporate,United States,Columbus,Ohio,43229,East,FUR-BO-10001972,Furniture,Bookcases,O'Sullivan 4-Shelf Bookcase in Odessa Pine,302.45,5,0.5,-199.617,False
7249,US-2014-127978,2014-03-03,2014-03-08,Standard Class,JS-15595,Jill Stevenson,Corporate,United States,Columbus,Ohio,43229,East,OFF-ST-10002486,Office Supplies,Storage,Eldon Shelf Savers Cubes and Bins,44.672,8,0.2,-10.0512,False
7250,CA-2015-158491,2015-06-04,2015-06-09,Second Class,BP-11155,Becky Pak,Consumer,United States,Los Angeles,California,90008,West,TEC-AC-10001874,Technology,Accessories,Logitech Wireless Anywhere Mouse MX for PC and Mac,119.98,2,0.0,35.994,False
7251,CA-2015-158491,2015-06-04,2015-06-09,Second Class,BP-11155,Becky Pak,Consumer,United States,Los Angeles,California,90008,West,TEC-AC-10003870,Technology,Accessories,Logitechï¿½Z-906 Speaker sys - home theater - 5.1-CH,989.97,3,0.0,395.988,True
7277,CA-2014-120670,2014-11-02,2014-11-06,Standard Class,JK-16120,Julie Kriz,Home Office,United States,Fort Lauderdale,Florida,33311,South,TEC-AC-10004171,Technology,Accessories,Razer Kraken 7.1 Surround Sound Over Ear USB Gaming Headset,799.92,10,0.2,239.976,True
7289,CA-2014-158281,2014-09-02,2014-09-07,Standard Class,AG-10525,Andy Gerbode,Corporate,United States,Houston,Texas,77095,Central,TEC-MA-10002210,Technology,Machines,Epson TM-T88V Direct Thermal Printer - Monochrome - Desktop,559.71,3,0.4,-121.2705,True
7293,CA-2017-109183,2017-12-04,2017-12-09,Standard Class,LR-16915,Lena Radford,Consumer,United States,Nashville,Tennessee,37211,South,TEC-MA-10001856,Technology,Machines,Okidata C610n Printer,649.0,2,0.5,-272.58,True
7296,CA-2014-111899,2014-05-04,2014-05-05,First Class,NC-18340,Nat Carroll,Consumer,United States,Houston,Texas,77036,Central,OFF-AR-10001725,Office Supplies,Art,Boston Home & Office Model 2000 Electric Pencil Sharpeners,37.84,2,0.2,2.838,False
7297,CA-2014-111899,2014-05-04,2014-05-05,First Class,NC-18340,Nat Carroll,Consumer,United States,Houston,Texas,77036,Central,OFF-FA-10000840,Office Supplies,Fasteners,OIC Thumb-Tacks,5.472,6,0.2,1.8468,False
7304,US-2017-117450,2017-09-04,2017-09-08,Standard Class,DO-13645,Doug O'Connell,Consumer,United States,Boynton Beach,Florida,33437,South,FUR-CH-10003817,Furniture,Chairs,"Global Value Steno Chair, Gray",97.184,2,0.2,6.074,False
7305,US-2017-117450,2017-09-04,2017-09-08,Standard Class,DO-13645,Doug O'Connell,Consumer,United States,Boynton Beach,Florida,33437,South,OFF-PA-10000289,Office Supplies,Paper,Xerox 213,10.368,2,0.2,3.6288,False
7307,CA-2016-144092,2016-11-05,2016-11-07,Second Class,LH-17155,Logan Haushalter,Consumer,United States,San Jose,California,95123,West,TEC-AC-10002305,Technology,Accessories,KeyTronicï¿½E03601U1 -ï¿½Keyboardï¿½- Beige,72.0,4,0.0,12.96,False
7308,CA-2016-144092,2016-11-05,2016-11-07,Second Class,LH-17155,Logan Haushalter,Consumer,United States,San Jose,California,95123,West,FUR-CH-10004875,Furniture,Chairs,Harbour Creations 67200 Series Stacking Chairs,113.888,2,0.2,9.9652,False
7309,CA-2016-144092,2016-11-05,2016-11-07,Second Class,LH-17155,Logan Haushalter,Consumer,United States,San Jose,California,95123,West,OFF-EN-10001434,Office Supplies,Envelopes,"Strathmore #10 Envelopes, Ultimate White",158.13,3,0.0,77.4837,False
7322,CA-2017-167626,2017-09-03,2017-09-07,Standard Class,MY-18295,Muhammed Yedwab,Corporate,United States,Chicago,Illinois,60623,Central,OFF-PA-10003424,Office Supplies,Paper,"""While you Were Out"" Message Book, One Form per Page",8.904,3,0.2,3.339,False
7323,CA-2017-167626,2017-09-03,2017-09-07,Standard Class,MY-18295,Muhammed Yedwab,Corporate,United States,Chicago,Illinois,60623,Central,TEC-AC-10004353,Technology,Accessories,Hypercom P1300 Pinpad,100.8,2,0.2,21.42,False
7324,US-2017-126053,2017-12-05,2017-12-08,First Class,CS-11950,Carlos Soltero,Consumer,United States,New York City,New York,10024,East,FUR-FU-10001934,Furniture,Furnishings,Magnifier Swing Arm Lamp,41.96,2,0.0,10.9096,False
7325,US-2017-126053,2017-12-05,2017-12-08,First Class,CS-11950,Carlos Soltero,Consumer,United States,New York City,New York,10024,East,OFF-LA-10003766,Office Supplies,Labels,Self-Adhesive Removable Labels,9.45,3,0.0,4.536,False
7349,CA-2014-130421,2014-03-03,2014-03-07,Standard Class,SC-20020,Sam Craven,Consumer,United States,Houston,Texas,77095,Central,OFF-AP-10002534,Office Supplies,Appliances,3.6 Cubic Foot Counter Height Office Refrigerator,176.772,3,0.8,-459.6072,False
7370,CA-2015-110345,2015-03-09,2015-03-11,Second Class,TG-21310,Toby Gnade,Consumer,United States,Raleigh,North Carolina,27604,South,OFF-LA-10001175,Office Supplies,Labels,Avery 514,4.608,2,0.2,1.6704,False
7372,US-2017-123862,2017-01-07,2017-01-09,Second Class,JF-15190,Jamie Frazer,Consumer,United States,Long Beach,California,90805,West,OFF-ST-10000760,Office Supplies,Storage,Eldon Fold 'N Roll Cart System,153.78,11,0.0,44.5962,False
7373,US-2017-123862,2017-01-07,2017-01-09,Second Class,JF-15190,Jamie Frazer,Consumer,United States,Long Beach,California,90805,West,OFF-ST-10002301,Office Supplies,Storage,Tennsco Commercial Shelving,61.02,3,0.0,0.6102,False
7374,US-2017-123862,2017-01-07,2017-01-09,Second Class,JF-15190,Jamie Frazer,Consumer,United States,Long Beach,California,90805,West,OFF-SU-10004884,Office Supplies,Supplies,Acme Galleria Hot Forged Steel Scissors with Colored Handles,110.11,7,0.0,31.9319,False
7375,US-2017-123862,2017-01-07,2017-01-09,Second Class,JF-15190,Jamie Frazer,Consumer,United States,Long Beach,California,90805,West,OFF-FA-10003112,Office Supplies,Fasteners,Staples,7.89,1,0.0,3.5505,False
7377,US-2017-145597,2017-11-02,2017-11-05,First Class,GG-14650,Greg Guthrie,Corporate,United States,Bloomington,Illinois,61701,Central,OFF-AR-10001958,Office Supplies,Art,Stanley Bostitch Contemporary Electric Pencil Sharpeners,54.336,4,0.2,5.4336,False
7392,CA-2017-160031,2017-12-04,2017-12-07,Second Class,LT-16765,Larry Tron,Consumer,United States,Fairfield,Ohio,45014,East,OFF-PA-10000241,Office Supplies,Paper,"IBM Multi-Purpose Copy Paper, 8 1/2 x 11"", Case",74.352,3,0.2,23.235,False
7393,CA-2017-147844,2017-05-02,2017-05-06,Standard Class,DD-13570,Dorothy Dickinson,Consumer,United States,Los Angeles,California,90049,West,OFF-PA-10003016,Office Supplies,Paper,"Adams ""While You Were Out"" Message Pads",15.7,5,0.0,7.065,False
7394,CA-2017-147844,2017-05-02,2017-05-06,Standard Class,DD-13570,Dorothy Dickinson,Consumer,United States,Los Angeles,California,90049,West,OFF-AR-10001615,Office Supplies,Art,Newell 34,59.52,3,0.0,15.4752,False
7395,CA-2017-147844,2017-05-02,2017-05-06,Standard Class,DD-13570,Dorothy Dickinson,Consumer,United States,Los Angeles,California,90049,West,OFF-PA-10002713,Office Supplies,Paper,"Adams Phone Message Book, 200 Message Capacity, 8 1/16ï¿½ x 11ï¿½",34.4,5,0.0,15.824,False
7403,CA-2017-168172,2017-08-06,2017-08-10,Standard Class,SH-20395,Shahid Hopkins,Consumer,United States,New York City,New York,10011,East,OFF-SU-10002573,Office Supplies,Supplies,"Acme 10"" Easy Grip Assistive Scissors",70.12,4,0.0,21.036,False
7410,CA-2014-121769,2014-04-08,2014-04-12,Standard Class,JS-15880,John Stevenson,Consumer,United States,Toledo,Ohio,43615,East,FUR-TA-10004442,Furniture,Tables,Riverside Furniture Stanwyck Manor Table Series,172.11,1,0.4,-94.6605,False
7440,US-2017-163657,2017-09-02,2017-09-06,Standard Class,JL-15235,Janet Lee,Consumer,United States,Los Angeles,California,90049,West,OFF-BI-10000138,Office Supplies,Binders,Acco Translucent Poly Ring Binders,18.72,5,0.2,6.552,False
7441,US-2017-163657,2017-09-02,2017-09-06,Standard Class,JL-15235,Janet Lee,Consumer,United States,Los Angeles,California,90049,West,FUR-TA-10004607,Furniture,Tables,Hon 2111 Invitation Series Straight Table,236.528,2,0.2,-2.9566,False
7443,CA-2014-109932,2014-12-09,2014-12-11,First Class,VP-21760,Victoria Pisteka,Corporate,United States,Brownsville,Texas,78521,Central,OFF-PA-10001804,Office Supplies,Paper,Xerox 195,10.688,2,0.2,3.7408,False
7444,CA-2014-109932,2014-12-09,2014-12-11,First Class,VP-21760,Victoria Pisteka,Corporate,United States,Brownsville,Texas,78521,Central,OFF-ST-10000036,Office Supplies,Storage,"Recycled Data-Pak for Archival Bound Computer Printouts, 12-1/2 x 12-1/2 x 16",237.096,3,0.2,20.7459,False
7445,CA-2017-127474,2017-02-03,2017-02-07,Second Class,RD-19810,Ross DeVincentis,Home Office,United States,Chicago,Illinois,60610,Central,OFF-PA-10001166,Office Supplies,Paper,Xerox 2,5.184,1,0.2,1.8144,False
7446,CA-2017-127474,2017-02-03,2017-02-07,Second Class,RD-19810,Ross DeVincentis,Home Office,United States,Chicago,Illinois,60610,Central,OFF-PA-10001033,Office Supplies,Paper,Xerox 1893,65.584,2,0.2,23.7742,False
7447,CA-2017-127474,2017-02-03,2017-02-07,Second Class,RD-19810,Ross DeVincentis,Home Office,United States,Chicago,Illinois,60610,Central,FUR-FU-10004597,Furniture,Furnishings,Eldon Cleatmat Chair Mats for Medium Pile Carpets,22.2,1,0.6,-26.085,False
7448,CA-2017-127474,2017-02-03,2017-02-07,Second Class,RD-19810,Ross DeVincentis,Home Office,United States,Chicago,Illinois,60610,Central,OFF-PA-10000418,Office Supplies,Paper,Xerox 189,419.4,5,0.2,146.79,False
7473,CA-2016-139997,2016-07-01,2016-07-03,First Class,EM-14140,Eugene Moren,Home Office,United States,Lehi,Utah,84043,West,TEC-CO-10000971,Technology,Copiers,Hewlett Packard 310 Color Digital Copier,1499.95,5,0.0,449.985,True
7475,CA-2014-167199,2014-01-06,2014-01-10,Standard Class,ME-17320,Maria Etezadi,Home Office,United States,Henderson,Kentucky,42420,South,FUR-CH-10004063,Furniture,Chairs,Global Deluxe High-Back Manager's Chair,2573.82,9,0.0,746.4078,True
7476,CA-2014-167199,2014-01-06,2014-01-10,Standard Class,ME-17320,Maria Etezadi,Home Office,United States,Henderson,Kentucky,42420,South,OFF-BI-10004632,Office Supplies,Binders,Ibico Hi-Tech Manual Binding System,609.98,2,0.0,274.491,True
7477,CA-2014-167199,2014-01-06,2014-01-10,Standard Class,ME-17320,Maria Etezadi,Home Office,United States,Henderson,Kentucky,42420,South,OFF-AR-10001662,Office Supplies,Art,Rogers Handheld Barrel Pencil Sharpener,5.48,2,0.0,1.4796,False
7478,CA-2014-167199,2014-01-06,2014-01-10,Standard Class,ME-17320,Maria Etezadi,Home Office,United States,Henderson,Kentucky,42420,South,TEC-PH-10004977,Technology,Phones,GE 30524EE4,391.98,2,0.0,113.6742,False
7479,CA-2014-167199,2014-01-06,2014-01-10,Standard Class,ME-17320,Maria Etezadi,Home Office,United States,Henderson,Kentucky,42420,South,TEC-PH-10004539,Technology,Phones,Wireless Extenders zBoost YX545 SOHO Signal Booster,755.96,4,0.0,204.1092,True
7480,CA-2014-167199,2014-01-06,2014-01-10,Standard Class,ME-17320,Maria Etezadi,Home Office,United States,Henderson,Kentucky,42420,South,OFF-FA-10001883,Office Supplies,Fasteners,"Alliance Super-Size Bands, Assorted Sizes",31.12,4,0.0,0.3112,False
7481,CA-2014-167199,2014-01-06,2014-01-10,Standard Class,ME-17320,Maria Etezadi,Home Office,United States,Henderson,Kentucky,42420,South,OFF-PA-10000955,Office Supplies,Paper,Southworth 25% Cotton Granite Paper & Envelopes,6.54,1,0.0,3.0084,False
7482,CA-2016-124583,2016-09-01,2016-09-03,Second Class,LB-16795,Laurel Beltran,Home Office,United States,Huntington Beach,California,92646,West,OFF-EN-10002500,Office Supplies,Envelopes,Globe Weis Peel & Seel First Class Envelopes,12.78,1,0.0,5.751,False
7490,CA-2017-157196,2017-11-05,2017-11-09,Standard Class,AA-10645,Anna Andreadi,Consumer,United States,San Diego,California,92105,West,OFF-PA-10003172,Office Supplies,Paper,Xerox 1996,12.96,2,0.0,6.2208,False
7507,CA-2014-115889,2014-11-02,2014-11-06,Standard Class,SH-20395,Shahid Hopkins,Consumer,United States,San Francisco,California,94122,West,TEC-PH-10001615,Technology,Phones,AT&T CL82213,46.384,2,0.2,5.2182,False
7508,CA-2014-115889,2014-11-02,2014-11-06,Standard Class,SH-20395,Shahid Hopkins,Consumer,United States,San Francisco,California,94122,West,OFF-ST-10003208,Office Supplies,Storage,Adjustable Depth Letter/Legal Cart,362.92,2,0.0,105.2468,False
7515,US-2017-167920,2017-12-09,2017-12-12,Second Class,JL-15835,John Lee,Consumer,United States,Richmond,Kentucky,40475,South,OFF-BI-10004236,Office Supplies,Binders,"XtraLife ClearVue Slant-D Ring Binder, White, 3""",29.36,2,0.0,13.5056,False
7516,US-2017-167920,2017-12-09,2017-12-12,Second Class,JL-15835,John Lee,Consumer,United States,Richmond,Kentucky,40475,South,OFF-AP-10000159,Office Supplies,Appliances,Belkin F9M820V08 8 Outlet Surge,214.9,5,0.0,62.321,False
7517,US-2017-167920,2017-12-09,2017-12-12,Second Class,JL-15835,John Lee,Consumer,United States,Richmond,Kentucky,40475,South,OFF-BI-10003274,Office Supplies,Binders,"Avery Durable Slant Ring Binders, No Labels",15.92,4,0.0,7.4824,False
7518,US-2017-167920,2017-12-09,2017-12-12,Second Class,JL-15835,John Lee,Consumer,United States,Richmond,Kentucky,40475,South,TEC-AC-10001013,Technology,Accessories,Logitech ClearChat Comfort/USB Headset H390,146.45,5,0.0,48.3285,False
7519,US-2017-167920,2017-12-09,2017-12-12,Second Class,JL-15835,John Lee,Consumer,United States,Richmond,Kentucky,40475,South,OFF-ST-10004963,Office Supplies,Storage,Eldon Gobal File Keepers,15.14,1,0.0,0.6056,False
7520,US-2017-167920,2017-12-09,2017-12-12,Second Class,JL-15835,John Lee,Consumer,United States,Richmond,Kentucky,40475,South,OFF-LA-10004409,Office Supplies,Labels,Avery 492,5.76,2,0.0,2.6496,False
7521,US-2017-167920,2017-12-09,2017-12-12,Second Class,JL-15835,John Lee,Consumer,United States,Richmond,Kentucky,40475,South,TEC-CO-10001046,Technology,Copiers,Canon Imageclass D680 Copier / Fax,1399.98,2,0.0,629.991,True
7522,CA-2016-162383,2016-09-05,2016-09-11,Standard Class,MD-17350,Maribeth Dona,Consumer,United States,Lancaster,Ohio,43130,East,OFF-BI-10002824,Office Supplies,Binders,Recycled Easel Ring Binders,8.952,2,0.7,-7.46,False
7523,CA-2016-162383,2016-09-05,2016-09-11,Standard Class,MD-17350,Maribeth Dona,Consumer,United States,Lancaster,Ohio,43130,East,OFF-BI-10001757,Office Supplies,Binders,Pressboard Hanging Data Binders for Unburst Sheets,8.856,6,0.7,-6.4944,False
7524,CA-2016-162383,2016-09-05,2016-09-11,Standard Class,MD-17350,Maribeth Dona,Consumer,United States,Lancaster,Ohio,43130,East,FUR-CH-10004477,Furniture,Chairs,"Global Push Button Manager's Chair, Indigo",85.246,2,0.3,-1.2178,False
7537,CA-2017-103415,2017-12-03,2017-12-08,Standard Class,MV-17485,Mark Van Huff,Consumer,United States,Houston,Texas,77041,Central,FUR-FU-10000820,Furniture,Furnishings,Tensor Brushed Steel Torchiere Floor Lamp,13.592,2,0.6,-14.2716,False
7539,US-2017-112347,2017-12-02,2017-12-06,Standard Class,BS-11380,Bill Stewart,Corporate,United States,Denver,Colorado,80219,West,OFF-ST-10003306,Office Supplies,Storage,Letter Size Cart,114.288,1,0.2,12.8574,False
7540,US-2017-112347,2017-12-02,2017-12-06,Standard Class,BS-11380,Bill Stewart,Corporate,United States,Denver,Colorado,80219,West,OFF-BI-10003707,Office Supplies,Binders,Aluminum Screw Posts,36.624,8,0.7,-24.416,False
7541,US-2017-112347,2017-12-02,2017-12-06,Standard Class,BS-11380,Bill Stewart,Corporate,United States,Denver,Colorado,80219,West,FUR-BO-10003546,Furniture,Bookcases,Hon 4-Shelf Metal Bookcases,242.352,8,0.7,-363.528,False
7542,US-2017-112347,2017-12-02,2017-12-06,Standard Class,BS-11380,Bill Stewart,Corporate,United States,Denver,Colorado,80219,West,TEC-PH-10000213,Technology,Phones,Seidio BD2-HK3IPH5-BK DILEX Case and Holster Combo for Apple iPhone 5/5s - Black,49.616,2,0.2,4.9616,False
7543,US-2017-112347,2017-12-02,2017-12-06,Standard Class,BS-11380,Bill Stewart,Corporate,United States,Denver,Colorado,80219,West,FUR-FU-10001488,Furniture,Furnishings,"Tenex 46"" x 60"" Computer Anti-Static Chairmat, Rectangular Shaped",508.704,6,0.2,0.0,True
7544,US-2017-112347,2017-12-02,2017-12-06,Standard Class,BS-11380,Bill Stewart,Corporate,United States,Denver,Colorado,80219,West,TEC-PH-10004833,Technology,Phones,Macally Suction Cup Mount,57.36,6,0.2,-14.34,False
7545,US-2017-112347,2017-12-02,2017-12-06,Standard Class,BS-11380,Bill Stewart,Corporate,United States,Denver,Colorado,80219,West,FUR-CH-10002335,Furniture,Chairs,Hon GuestStacker Chair,906.68,5,0.2,68.001,True
7550,CA-2016-136595,2016-09-05,2016-09-07,First Class,EM-13825,Elizabeth Moffitt,Corporate,United States,Houston,Texas,77036,Central,FUR-FU-10004671,Furniture,Furnishings,"Executive Impressions 12"" Wall Clock",21.204,3,0.6,-11.6622,False
7559,US-2014-137155,2014-11-01,2014-11-05,Standard Class,DL-12925,Daniel Lacy,Consumer,United States,Long Beach,New York,11561,East,OFF-AP-10002518,Office Supplies,Appliances,Kensington 7 Outlet MasterPiece Power Center,533.94,3,0.0,154.8426,True
7560,US-2014-137155,2014-11-01,2014-11-05,Standard Class,DL-12925,Daniel Lacy,Consumer,United States,Long Beach,New York,11561,East,OFF-PA-10000806,Office Supplies,Paper,Xerox 1934,167.94,3,0.0,82.2906,False
7561,US-2014-137155,2014-11-01,2014-11-05,Standard Class,DL-12925,Daniel Lacy,Consumer,United States,Long Beach,New York,11561,East,FUR-FU-10003142,Furniture,Furnishings,"Master Big Foot Doorstop, Beige",31.68,6,0.0,9.8208,False
7563,US-2016-104815,2016-09-03,2016-09-07,Standard Class,RB-19570,Rob Beeghly,Consumer,United States,Chicago,Illinois,60610,Central,FUR-BO-10003894,Furniture,Bookcases,"Safco Value Mate Steel Bookcase, Baked Enamel Finish on Steel, Black",198.744,4,0.3,0.0,False
7564,CA-2017-157672,2017-10-05,2017-10-07,First Class,RB-19795,Ross Baird,Home Office,United States,Denver,Colorado,80219,West,TEC-AC-10001714,Technology,Accessories,Logitechï¿½MX Performance Wireless Mouse,63.824,2,0.2,13.5626,False
7569,CA-2014-133830,2014-12-05,2014-12-10,Standard Class,RL-19615,Rob Lucas,Consumer,United States,Los Angeles,California,90045,West,OFF-AR-10003045,Office Supplies,Art,Prang Colored Pencils,26.46,9,0.0,11.907,False
7570,CA-2014-133830,2014-12-05,2014-12-10,Standard Class,RL-19615,Rob Lucas,Consumer,United States,Los Angeles,California,90045,West,OFF-PA-10001363,Office Supplies,Paper,Xerox 1933,49.12,4,0.0,23.0864,False
7571,CA-2014-133830,2014-12-05,2014-12-10,Standard Class,RL-19615,Rob Lucas,Consumer,United States,Los Angeles,California,90045,West,OFF-FA-10002280,Office Supplies,Fasteners,Advantus Plastic Paper Clips,15.0,3,0.0,7.2,False
7575,CA-2015-129532,2015-12-08,2015-12-12,Standard Class,YS-21880,Yana Sorensen,Corporate,United States,Los Angeles,California,90036,West,OFF-ST-10004186,Office Supplies,Storage,"Stur-D-Stor Shelving, Vertical 5-Shelf: 72""H x 36""W x 18 1/2""D",221.96,2,0.0,4.4392,False
7576,CA-2015-129532,2015-12-08,2015-12-12,Standard Class,YS-21880,Yana Sorensen,Corporate,United States,Los Angeles,California,90036,West,TEC-AC-10000865,Technology,Accessories,WD My Passport Ultra 500GB Portable External Hard Drive,236.0,4,0.0,40.12,False
7577,CA-2014-134726,2014-11-02,2014-11-07,Second Class,SW-20755,Steven Ward,Corporate,United States,Seattle,Washington,98115,West,TEC-AC-10000023,Technology,Accessories,"Maxell 74 Minute CD-R Spindle, 50/Pack",41.94,2,0.0,15.0984,False
7578,CA-2014-134726,2014-11-02,2014-11-07,Second Class,SW-20755,Steven Ward,Corporate,United States,Seattle,Washington,98115,West,TEC-PH-10001750,Technology,Phones,Samsung Rugby III,52.792,1,0.2,4.6193,False
7591,CA-2016-158778,2016-09-05,2016-09-09,Standard Class,DB-13210,Dean Braden,Consumer,United States,Philadelphia,Pennsylvania,19134,East,FUR-FU-10000260,Furniture,Furnishings,"6"" Cubicle Wall Clock, Black",58.248,9,0.2,11.6496,False
7592,CA-2016-158778,2016-09-05,2016-09-09,Standard Class,DB-13210,Dean Braden,Consumer,United States,Philadelphia,Pennsylvania,19134,East,FUR-CH-10001146,Furniture,Chairs,"Global Task Chair, Black",71.246,2,0.3,-19.3382,False
7593,CA-2016-158778,2016-09-05,2016-09-09,Standard Class,DB-13210,Dean Braden,Consumer,United States,Philadelphia,Pennsylvania,19134,East,OFF-AR-10000896,Office Supplies,Art,Newell 329,7.872,3,0.2,0.5904,False
7594,CA-2016-158778,2016-09-05,2016-09-09,Standard Class,DB-13210,Dean Braden,Consumer,United States,Philadelphia,Pennsylvania,19134,East,FUR-CH-10000309,Furniture,Chairs,Global Comet Stacking Arm Chair,887.271,3,0.3,-63.3765,True
7604,CA-2016-152520,2016-07-08,2016-07-12,Standard Class,TH-21115,Thea Hudgings,Corporate,United States,Providence,Rhode Island,2908,East,OFF-PA-10000289,Office Supplies,Paper,Xerox 213,12.96,2,0.0,6.2208,False
7609,CA-2017-163209,2017-05-03,2017-05-07,Standard Class,MK-18160,Mike Kennedy,Consumer,United States,San Francisco,California,94122,West,OFF-PA-10001166,Office Supplies,Paper,Xerox 2,25.92,4,0.0,12.4416,False
7610,CA-2017-163209,2017-05-03,2017-05-07,Standard Class,MK-18160,Mike Kennedy,Consumer,United States,San Francisco,California,94122,West,OFF-AR-10003651,Office Supplies,Art,Newell 350,22.96,7,0.0,6.6584,False
7612,US-2015-130491,2015-02-08,2015-02-11,First Class,BH-11710,Brosina Hoffman,Consumer,United States,Garden City,Kansas,67846,Central,OFF-PA-10000791,Office Supplies,Paper,"Wirebound Message Books, Four 2 3/4 x 5 Forms per Page, 200 Sets per Book",9.54,2,0.0,4.293,False
7613,US-2015-130491,2015-02-08,2015-02-11,First Class,BH-11710,Brosina Hoffman,Consumer,United States,Garden City,Kansas,67846,Central,OFF-FA-10000134,Office Supplies,Fasteners,"Advantus Push Pins, Aluminum Head",5.81,1,0.0,1.8011,False
7614,US-2015-130491,2015-02-08,2015-02-11,First Class,BH-11710,Brosina Hoffman,Consumer,United States,Garden City,Kansas,67846,Central,OFF-AR-10001149,Office Supplies,Art,"Sanford Colorific Colored Pencils, 12/Box",5.76,2,0.0,1.728,False
7638,CA-2017-104885,2017-03-02,2017-03-08,Standard Class,DB-13555,Dorothy Badders,Corporate,United States,Newark,Delaware,19711,East,OFF-AR-10001615,Office Supplies,Art,Newell 34,59.52,3,0.0,15.4752,False
7639,CA-2017-104885,2017-03-02,2017-03-08,Standard Class,DB-13555,Dorothy Badders,Corporate,United States,Newark,Delaware,19711,East,OFF-EN-10003286,Office Supplies,Envelopes,Staple envelope,57.96,7,0.0,27.2412,False
7640,CA-2017-104885,2017-03-02,2017-03-08,Standard Class,DB-13555,Dorothy Badders,Corporate,United States,Newark,Delaware,19711,East,FUR-BO-10003660,Furniture,Bookcases,"Bush Cubix Collection Bookcases, Fully Assembled",441.96,2,0.0,101.6508,False
7641,CA-2017-104885,2017-03-02,2017-03-08,Standard Class,DB-13555,Dorothy Badders,Corporate,United States,Newark,Delaware,19711,East,OFF-PA-10002764,Office Supplies,Paper,Easy-staple paper,68.04,6,0.0,33.3396,False
7642,US-2016-157490,2016-10-06,2016-10-07,First Class,LB-16795,Laurel Beltran,Home Office,United States,Pueblo,Colorado,81001,West,TEC-MA-10001695,Technology,Machines,Zebra GK420t Direct Thermal/Thermal Transfer Printer,703.71,6,0.7,-938.28,True
7643,US-2016-157490,2016-10-06,2016-10-07,First Class,LB-16795,Laurel Beltran,Home Office,United States,Pueblo,Colorado,81001,West,OFF-BI-10002824,Office Supplies,Binders,Recycled Easel Ring Binders,17.904,4,0.7,-14.92,False
7644,US-2016-157490,2016-10-06,2016-10-07,First Class,LB-16795,Laurel Beltran,Home Office,United States,Pueblo,Colorado,81001,West,OFF-BI-10002571,Office Supplies,Binders,"Avery Framed View Binder, EZD Ring (Locking), Navy, 1 1/2""",11.976,4,0.7,-9.1816,False
7645,US-2016-157490,2016-10-06,2016-10-07,First Class,LB-16795,Laurel Beltran,Home Office,United States,Pueblo,Colorado,81001,West,TEC-AC-10001553,Technology,Accessories,"Memorex 25GB 6X Branded Blu-Ray Recordable Disc, 15/Pack",67.96,5,0.2,0.8495,False
7646,CA-2015-161452,2015-04-05,2015-04-11,Standard Class,CA-11965,Carol Adams,Corporate,United States,Los Angeles,California,90036,West,FUR-CH-10003973,Furniture,Chairs,GuestStacker Chair with Chrome Finish Legs,892.224,3,0.2,89.2224,True
7652,CA-2017-110821,2017-08-07,2017-08-08,First Class,CK-12205,Chloris Kastensmidt,Consumer,United States,Dallas,Texas,75081,Central,TEC-AC-10001552,Technology,Accessories,Logitech K350 2.4Ghz Wireless Keyboard,119.448,3,0.2,-13.4379,False
7653,CA-2017-110821,2017-08-07,2017-08-08,First Class,CK-12205,Chloris Kastensmidt,Consumer,United States,Dallas,Texas,75081,Central,OFF-ST-10002790,Office Supplies,Storage,Safco Industrial Shelving,118.16,2,0.2,-25.109,False
7660,CA-2017-146493,2017-06-01,2017-06-05,Standard Class,CV-12805,Cynthia Voltz,Corporate,United States,Fremont,Nebraska,68025,Central,OFF-BI-10003676,Office Supplies,Binders,"GBC Standard Recycled Report Covers, Clear Plastic Sheets",53.9,5,0.0,25.872,False
7661,CA-2014-105417,2014-01-07,2014-01-12,Standard Class,VS-21820,Vivek Sundaresam,Consumer,United States,Huntsville,Texas,77340,Central,FUR-FU-10004864,Furniture,Furnishings,"Howard Miller 14-1/2"" Diameter Chrome Round Wall Clock",76.728,3,0.6,-53.7096,False
7662,CA-2014-105417,2014-01-07,2014-01-12,Standard Class,VS-21820,Vivek Sundaresam,Consumer,United States,Huntsville,Texas,77340,Central,OFF-BI-10003708,Office Supplies,Binders,"Acco Four Pocket Poly Ring Binder with Label Holder, Smoke, 1""",10.43,7,0.8,-18.2525,False
7666,US-2016-140158,2016-10-04,2016-10-08,Standard Class,DR-12940,Daniel Raglin,Home Office,United States,Providence,Rhode Island,2908,East,OFF-BI-10000977,Office Supplies,Binders,Ibico Plastic Spiral Binding Combs,30.4,1,0.0,13.984,False
7667,US-2016-140158,2016-10-04,2016-10-08,Standard Class,DR-12940,Daniel Raglin,Home Office,United States,Providence,Rhode Island,2908,East,TEC-CO-10001449,Technology,Copiers,Hewlett Packard LaserJet 3310 Copier,5399.91,9,0.0,2591.9568,True
7668,US-2016-140158,2016-10-04,2016-10-08,Standard Class,DR-12940,Daniel Raglin,Home Office,United States,Providence,Rhode Island,2908,East,OFF-ST-10000136,Office Supplies,Storage,Letter Size File,119.1,3,0.0,34.539,False
7676,CA-2017-133487,2017-05-06,2017-05-09,Second Class,TS-21655,Trudy Schmidt,Consumer,United States,Rancho Cucamonga,California,91730,West,OFF-AP-10001271,Office Supplies,Appliances,Eureka The Boss Cordless Rechargeable Stick Vac,152.94,3,0.0,41.2938,False
7677,CA-2014-142951,2014-10-08,2014-10-08,Same Day,JG-15115,Jack Garza,Consumer,United States,Charlotte,North Carolina,28205,South,TEC-AC-10002331,Technology,Accessories,"Maxell 74 Minute CDR, 10/Pack",23.472,3,0.2,4.9878,False
7696,CA-2017-107958,2017-07-02,2017-07-05,First Class,AH-10120,Adrian Hane,Home Office,United States,Houston,Texas,77036,Central,OFF-PA-10000357,Office Supplies,Paper,"White Dual Perf Computer Printout Paper, 2700 Sheets, 1 Part, Heavyweight, 20 lbs., 14 7/8 x 11",163.96,5,0.2,59.4355,False
7697,CA-2017-107958,2017-07-02,2017-07-05,First Class,AH-10120,Adrian Hane,Home Office,United States,Houston,Texas,77036,Central,OFF-BI-10001787,Office Supplies,Binders,Wilson Jones Four-Pocket Poly Binders,5.232,4,0.8,-8.1096,False
7711,US-2015-142811,2015-04-02,2015-04-07,Standard Class,JL-15850,John Lucas,Consumer,United States,Mesa,Arizona,85204,West,TEC-PH-10003095,Technology,Phones,Samsung HM1900 Bluetooth Headset,87.8,5,0.2,32.925,False
7715,CA-2014-150203,2014-12-05,2014-12-07,First Class,JB-15925,Joni Blumstein,Consumer,United States,Los Angeles,California,90032,West,OFF-AP-10001469,Office Supplies,Appliances,Fellowes 8 Outlet Superior Workstation Surge Protector,250.26,6,0.0,72.5754,False
7716,US-2017-101518,2017-11-03,2017-11-08,Standard Class,PB-19105,Peter Bï¿½hler,Consumer,United States,Philadelphia,Pennsylvania,19140,East,TEC-AC-10001553,Technology,Accessories,"Memorex 25GB 6X Branded Blu-Ray Recordable Disc, 15/Pack",40.776,3,0.2,0.5097,False
7717,CA-2015-149636,2015-01-06,2015-01-12,Standard Class,SP-20620,Stefania Perrino,Corporate,United States,Colorado Springs,Colorado,80906,West,OFF-PA-10004041,Office Supplies,Paper,"It's Hot Message Books with Stickers, 2 3/4"" x 5""",29.6,5,0.2,9.25,False
7718,CA-2015-149636,2015-01-06,2015-01-12,Standard Class,SP-20620,Stefania Perrino,Corporate,United States,Colorado Springs,Colorado,80906,West,OFF-BI-10002764,Office Supplies,Binders,Recycled Pressboard Report Cover with Reinforced Top Hinge,1.938,2,0.7,-1.3566,False
7720,CA-2015-108588,2015-01-05,2015-01-10,Standard Class,BG-11695,Brooke Gillingham,Corporate,United States,New York City,New York,10009,East,OFF-AR-10001615,Office Supplies,Art,Newell 34,59.52,3,0.0,15.4752,False
7721,CA-2015-108588,2015-01-05,2015-01-10,Standard Class,BG-11695,Brooke Gillingham,Corporate,United States,New York City,New York,10009,East,OFF-EN-10000461,Office Supplies,Envelopes,"#10- 4 1/8"" x 9 1/2"" Recycled Envelopes",17.48,2,0.0,8.2156,False
7722,CA-2015-108588,2015-01-05,2015-01-10,Standard Class,BG-11695,Brooke Gillingham,Corporate,United States,New York City,New York,10009,East,OFF-BI-10004506,Office Supplies,Binders,Wilson Jones data.warehouse D-Ring Binders with DublLock,13.168,2,0.2,4.6088,False
7733,CA-2017-143294,2017-06-02,2017-06-08,Standard Class,JD-15790,John Dryer,Consumer,United States,Houston,Texas,77070,Central,OFF-PA-10000743,Office Supplies,Paper,Xerox 1977,10.688,2,0.2,3.7408,False
7761,CA-2014-155390,2014-12-06,2014-12-11,Standard Class,BG-11035,Barry Gonzalez,Consumer,United States,Memphis,Tennessee,38109,South,OFF-PA-10003641,Office Supplies,Paper,Xerox 1909,42.208,2,0.2,13.7176,False
7762,CA-2017-123071,2017-12-03,2017-12-06,First Class,CC-12550,Clay Cheatham,Consumer,United States,Plano,Texas,75023,Central,OFF-PA-10003729,Office Supplies,Paper,Xerox 1998,10.368,2,0.2,3.6288,False
7764,CA-2015-103093,2015-02-03,2015-02-07,Standard Class,FO-14305,Frank Olsen,Consumer,United States,Columbus,Georgia,31907,South,OFF-EN-10003286,Office Supplies,Envelopes,Staple envelope,74.52,9,0.0,35.0244,False
7765,US-2017-118941,2017-08-12,2017-08-12,Same Day,BB-11545,Brenda Bowman,Corporate,United States,Columbia,Maryland,21044,East,OFF-AR-10004078,Office Supplies,Art,Newell 312,17.52,3,0.0,5.256,False
7766,US-2017-118941,2017-08-12,2017-08-12,Same Day,BB-11545,Brenda Bowman,Corporate,United States,Columbia,Maryland,21044,East,FUR-CH-10002331,Furniture,Chairs,Hon 4700 Series Mobuis Mid-Back Task Chairs with Adjustable Arms,1779.9,5,0.0,373.779,True
7767,US-2017-118941,2017-08-12,2017-08-12,Same Day,BB-11545,Brenda Bowman,Corporate,United States,Columbia,Maryland,21044,East,OFF-AR-10001953,Office Supplies,Art,Boston 1645 Deluxe Heavier-Duty Electric Pencil Sharpener,219.9,5,0.0,59.373,False
7770,CA-2016-155978,2016-08-01,2016-08-01,Same Day,TS-21205,Thomas Seio,Corporate,United States,Riverside,California,92503,West,TEC-PH-10002885,Technology,Phones,Apple iPhone 5,1039.728,2,0.2,90.9762,True
7771,CA-2016-155978,2016-08-01,2016-08-01,Same Day,TS-21205,Thomas Seio,Corporate,United States,Riverside,California,92503,West,OFF-AP-10002892,Office Supplies,Appliances,Belkin F5C206VTEL 6 Outlet Surge,45.96,2,0.0,13.788,False
7782,CA-2015-132136,2015-03-08,2015-03-12,Standard Class,FO-14305,Frank Olsen,Consumer,United States,Chicago,Illinois,60623,Central,OFF-BI-10002706,Office Supplies,Binders,Avery Premier Heavy-Duty Binder with Round Locking Rings,8.568,3,0.8,-14.5656,False
7783,CA-2016-162236,2016-11-04,2016-11-06,Second Class,ER-13855,Elpida Rittenbach,Corporate,United States,Charlotte,North Carolina,28205,South,OFF-ST-10003442,Office Supplies,Storage,Eldon Portable Mobile Manager,45.248,2,0.2,3.9592,False
7784,CA-2016-162236,2016-11-04,2016-11-06,Second Class,ER-13855,Elpida Rittenbach,Corporate,United States,Charlotte,North Carolina,28205,South,FUR-TA-10002533,Furniture,Tables,BPI Conference Tables,876.3,10,0.4,-292.1,True
7785,CA-2016-162236,2016-11-04,2016-11-06,Second Class,ER-13855,Elpida Rittenbach,Corporate,United States,Charlotte,North Carolina,28205,South,OFF-SU-10003505,Office Supplies,Supplies,Premier Electric Letter Opener,185.376,2,0.2,-34.758,False
7797,US-2015-145121,2015-10-02,2015-10-06,Standard Class,MP-17965,Michael Paige,Corporate,United States,Middletown,Connecticut,6457,East,OFF-BI-10001078,Office Supplies,Binders,"Acco PRESSTEX Data Binder with Storage Hooks, Dark Blue, 14 7/8"" X 11""",26.9,5,0.0,13.181,False
7801,CA-2017-157413,2017-06-01,2017-06-06,Standard Class,BW-11065,Barry Weirich,Consumer,United States,Philadelphia,Pennsylvania,19120,East,OFF-ST-10002756,Office Supplies,Storage,"Tennsco Stur-D-Stor Boltless Shelving, 5 Shelves, 24"" Deep, Sand",324.744,3,0.2,-77.1267,False
7815,US-2017-109316,2017-06-08,2017-06-10,First Class,MG-17680,Maureen Gastineau,Home Office,United States,Los Angeles,California,90049,West,FUR-BO-10004834,Furniture,Bookcases,"Riverside Palais Royal Lawyers Bookcase, Royale Cherry Finish",1497.666,2,0.15,140.9568,True
7816,US-2017-109316,2017-06-08,2017-06-10,First Class,MG-17680,Maureen Gastineau,Home Office,United States,Los Angeles,California,90049,West,TEC-PH-10000307,Technology,Phones,Shocksock Galaxy S4 Armband,17.52,2,0.2,-3.504,False
7821,CA-2017-152436,2017-12-08,2017-12-10,Second Class,CW-11905,Carl Weiss,Home Office,United States,Cranston,Rhode Island,2920,East,OFF-ST-10000036,Office Supplies,Storage,"Recycled Data-Pak for Archival Bound Computer Printouts, 12-1/2 x 12-1/2 x 16",592.74,6,0.0,160.0398,True
7826,CA-2015-127327,2015-02-03,2015-02-07,Standard Class,PW-19030,Pauline Webber,Corporate,United States,Rome,New York,13440,East,FUR-CH-10004218,Furniture,Chairs,"Global Fabric Manager's Chair, Dark Gray",90.882,1,0.1,15.147,False
7849,CA-2016-104311,2016-05-02,2016-05-06,Standard Class,AS-10090,Adam Shillingsburg,Consumer,United States,Irving,Texas,75061,Central,OFF-ST-10000321,Office Supplies,Storage,Akro Stacking Bins,18.936,3,0.2,-3.7872,False
7850,CA-2016-104311,2016-05-02,2016-05-06,Standard Class,AS-10090,Adam Shillingsburg,Consumer,United States,Irving,Texas,75061,Central,OFF-ST-10002957,Office Supplies,Storage,Sterilite Show Offs Storage Containers,12.672,3,0.2,-3.168,False
7851,CA-2016-104311,2016-05-02,2016-05-06,Standard Class,AS-10090,Adam Shillingsburg,Consumer,United States,Irving,Texas,75061,Central,OFF-LA-10000973,Office Supplies,Labels,Avery 502,5.04,2,0.2,1.764,False
7855,CA-2017-135587,2017-12-07,2017-12-12,Standard Class,BH-11710,Brosina Hoffman,Consumer,United States,Hattiesburg,Mississippi,39401,South,OFF-AP-10004540,Office Supplies,Appliances,"Eureka The Boss Lite 10-Amp Upright Vacuum, Blue",320.64,4,0.0,89.7792,False
7856,CA-2017-135587,2017-12-07,2017-12-12,Standard Class,BH-11710,Brosina Hoffman,Consumer,United States,Hattiesburg,Mississippi,39401,South,TEC-AC-10001266,Technology,Accessories,Memorex Micro Travel Drive 8 GB,52.0,4,0.0,23.4,False
7861,CA-2017-152261,2017-03-02,2017-03-06,Standard Class,JA-15970,Joseph Airdo,Consumer,United States,Cuyahoga Falls,Ohio,44221,East,OFF-BI-10002353,Office Supplies,Binders,GBC VeloBind Cover Sets,18.528,4,0.7,-12.352,False
7870,US-2017-166233,2017-07-03,2017-07-09,Standard Class,MO-17950,Michael Oakman,Consumer,United States,Jacksonville,North Carolina,28540,South,TEC-AC-10002167,Technology,Accessories,Imationï¿½8gb Micro Traveldrive Usb 2.0ï¿½Flash Drive,24.0,2,0.2,-2.7,False
7872,CA-2016-101672,2016-10-03,2016-10-07,Standard Class,DB-12910,Daniel Byrd,Home Office,United States,Lake Forest,California,92630,West,OFF-LA-10002271,Office Supplies,Labels,Smead Alpha-Z Color-Coded Second Alphabetical Labels and Starter Set,6.16,2,0.0,2.9568,False
7873,CA-2016-101672,2016-10-03,2016-10-07,Standard Class,DB-12910,Daniel Byrd,Home Office,United States,Lake Forest,California,92630,West,FUR-CH-10004063,Furniture,Chairs,Global Deluxe High-Back Manager's Chair,915.136,4,0.2,102.9528,True
7874,CA-2016-101672,2016-10-03,2016-10-07,Standard Class,DB-12910,Daniel Byrd,Home Office,United States,Lake Forest,California,92630,West,OFF-PA-10004610,Office Supplies,Paper,Xerox 1900,8.56,2,0.0,3.852,False
7875,CA-2016-101672,2016-10-03,2016-10-07,Standard Class,DB-12910,Daniel Byrd,Home Office,United States,Lake Forest,California,92630,West,OFF-PA-10001878,Office Supplies,Paper,Xerox 1891,97.82,2,0.0,45.9754,False
7881,CA-2017-118017,2017-12-03,2017-12-06,Second Class,LC-16870,Lena Cacioppo,Consumer,United States,Thornton,Colorado,80229,West,OFF-AR-10003856,Office Supplies,Art,Newell 344,13.344,6,0.2,1.0008,False
7882,CA-2017-118017,2017-12-03,2017-12-06,Second Class,LC-16870,Lena Cacioppo,Consumer,United States,Thornton,Colorado,80229,West,TEC-AC-10002006,Technology,Accessories,Memorex Micro Travel Drive 16 GB,76.752,6,0.2,10.5534,False
7883,CA-2017-118017,2017-12-03,2017-12-06,Second Class,LC-16870,Lena Cacioppo,Consumer,United States,Thornton,Colorado,80229,West,TEC-AC-10002006,Technology,Accessories,Memorex Micro Travel Drive 16 GB,102.336,8,0.2,14.0712,False
7884,CA-2017-118017,2017-12-03,2017-12-06,Second Class,LC-16870,Lena Cacioppo,Consumer,United States,Thornton,Colorado,80229,West,OFF-PA-10002246,Office Supplies,Paper,"Wirebound Four 2-3/4 x 5 Forms per Page, 400 Sets per Book",10.32,2,0.2,3.741,False
7885,CA-2017-118017,2017-12-03,2017-12-06,Second Class,LC-16870,Lena Cacioppo,Consumer,United States,Thornton,Colorado,80229,West,OFF-SU-10004782,Office Supplies,Supplies,"Elite 5"" Scissors",47.32,7,0.2,5.915,False
7886,CA-2017-118017,2017-12-03,2017-12-06,Second Class,LC-16870,Lena Cacioppo,Consumer,United States,Thornton,Colorado,80229,West,FUR-FU-10004351,Furniture,Furnishings,Staple-based wall hangings,23.376,3,0.2,7.0128,False
7887,CA-2017-118017,2017-12-03,2017-12-06,Second Class,LC-16870,Lena Cacioppo,Consumer,United States,Thornton,Colorado,80229,West,FUR-FU-10004270,Furniture,Furnishings,"Eldon Image Series Desk Accessories, Burgundy",16.72,5,0.2,3.344,False
7888,CA-2017-118017,2017-12-03,2017-12-06,Second Class,LC-16870,Lena Cacioppo,Consumer,United States,Thornton,Colorado,80229,West,FUR-FU-10004053,Furniture,Furnishings,DAX Two-Tone Silver Metal Document Frame,16.192,1,0.2,4.6552,False
7909,CA-2016-149762,2016-12-03,2016-12-07,Standard Class,RD-19720,Roger Demir,Consumer,United States,Morgan Hill,California,95037,West,FUR-TA-10004147,Furniture,Tables,Hon 4060 Series Tables,268.704,3,0.2,6.7176,False
7910,CA-2016-149762,2016-12-03,2016-12-07,Standard Class,RD-19720,Roger Demir,Consumer,United States,Morgan Hill,California,95037,West,OFF-AR-10001662,Office Supplies,Art,Rogers Handheld Barrel Pencil Sharpener,21.92,8,0.0,5.9184,False
7911,CA-2016-149762,2016-12-03,2016-12-07,Standard Class,RD-19720,Roger Demir,Consumer,United States,Morgan Hill,California,95037,West,OFF-ST-10001558,Office Supplies,Storage,Acco Perma 4000 Stacking Storage Drawers,48.72,3,0.0,7.308,False
7912,CA-2016-149762,2016-12-03,2016-12-07,Standard Class,RD-19720,Roger Demir,Consumer,United States,Morgan Hill,California,95037,West,FUR-BO-10001337,Furniture,Bookcases,O'Sullivan Living Dimensions 2-Shelf Bookcases,205.666,2,0.15,-12.098,False
7918,CA-2017-100783,2017-09-04,2017-09-08,Second Class,JK-16120,Julie Kriz,Home Office,United States,Garland,Texas,75043,Central,OFF-AR-10000380,Office Supplies,Art,"Hunt PowerHouse Electric Pencil Sharpener, Blue",30.384,1,0.2,3.798,False
7919,CA-2015-152513,2015-07-04,2015-07-08,Second Class,JP-16135,Julie Prescott,Home Office,United States,San Diego,California,92024,West,OFF-BI-10002706,Office Supplies,Binders,Avery Premier Heavy-Duty Binder with Round Locking Rings,22.848,2,0.2,7.4256,False
7948,CA-2014-131009,2014-03-01,2014-03-05,Standard Class,SC-20380,Shahid Collister,Consumer,United States,El Paso,Texas,79907,Central,OFF-FA-10004395,Office Supplies,Fasteners,Plymouth Boxed Rubber Bands by Plymouth,18.84,5,0.2,-3.5325,False
7949,CA-2014-131009,2014-03-01,2014-03-05,Standard Class,SC-20380,Shahid Collister,Consumer,United States,El Paso,Texas,79907,Central,FUR-CH-10001270,Furniture,Chairs,Harbour Creations Steel Folding Chair,362.25,6,0.3,0.0,False
7950,CA-2014-131009,2014-03-01,2014-03-05,Standard Class,SC-20380,Shahid Collister,Consumer,United States,El Paso,Texas,79907,Central,FUR-FU-10001095,Furniture,Furnishings,DAX Black Cherry Wood-Tone Poster Frame,63.552,6,0.6,-34.9536,False
7951,CA-2014-131009,2014-03-01,2014-03-05,Standard Class,SC-20380,Shahid Collister,Consumer,United States,El Paso,Texas,79907,Central,OFF-ST-10001469,Office Supplies,Storage,Fellowes Bankers Box Recycled Super Stor/Drawer,129.552,3,0.2,-22.6716,False
7954,CA-2014-138359,2014-04-01,2014-04-06,Standard Class,KH-16330,Katharine Harms,Corporate,United States,Revere,Massachusetts,2151,East,OFF-ST-10000636,Office Supplies,Storage,Rogers Profile Extra Capacity Storage Tub,66.96,4,0.0,2.6784,False
7955,CA-2014-138359,2014-04-01,2014-04-06,Standard Class,KH-16330,Katharine Harms,Corporate,United States,Revere,Massachusetts,2151,East,OFF-BI-10000145,Office Supplies,Binders,Zipper Ring Binder Pockets,6.24,2,0.0,3.0576,False
7956,CA-2017-131807,2017-10-05,2017-10-10,Standard Class,GG-14650,Greg Guthrie,Corporate,United States,Chico,California,95928,West,FUR-CH-10001190,Furniture,Chairs,Global Deluxe High-Back Office Chair in Storm,435.168,4,0.2,-59.8356,False
7957,CA-2017-131807,2017-10-05,2017-10-10,Standard Class,GG-14650,Greg Guthrie,Corporate,United States,Chico,California,95928,West,OFF-FA-10002780,Office Supplies,Fasteners,Staples,14.9,5,0.0,6.854,False
7958,CA-2017-131807,2017-10-05,2017-10-10,Standard Class,GG-14650,Greg Guthrie,Corporate,United States,Chico,California,95928,West,OFF-AP-10004052,Office Supplies,Appliances,"Hoover Replacement Belts For Soft Guard & Commercial Ltweight Upright Vacs, 2/Pk",15.8,4,0.0,4.108,False
7959,CA-2017-131807,2017-10-05,2017-10-10,Standard Class,GG-14650,Greg Guthrie,Corporate,United States,Chico,California,95928,West,FUR-FU-10004666,Furniture,Furnishings,DAX Clear Channel Poster Frame,72.9,5,0.0,26.973,False
7960,CA-2017-131807,2017-10-05,2017-10-10,Standard Class,GG-14650,Greg Guthrie,Corporate,United States,Chico,California,95928,West,FUR-TA-10004086,Furniture,Tables,KI Adjustable-Height Table,206.352,3,0.2,5.1588,False
7961,CA-2017-131807,2017-10-05,2017-10-10,Standard Class,GG-14650,Greg Guthrie,Corporate,United States,Chico,California,95928,West,TEC-PH-10000702,Technology,Phones,"Square Credit Card Reader, 4 1/2"" x 4 1/2"" x 1"", White",7.992,1,0.2,2.6973,False
7968,CA-2016-157707,2016-10-10,2016-10-12,First Class,CC-12610,Corey Catlett,Corporate,United States,Denver,Colorado,80219,West,FUR-BO-10001567,Furniture,Bookcases,"Bush Westfield Collection Bookcases, Dark Cherry Finish, Fully Assembled",90.882,3,0.7,-190.8522,False
7969,CA-2016-157707,2016-10-10,2016-10-12,First Class,CC-12610,Corey Catlett,Corporate,United States,Denver,Colorado,80219,West,TEC-PH-10002583,Technology,Phones,iOttie HLCRIO102 Car Mount,15.992,1,0.2,-2.9985,False
7970,CA-2016-157707,2016-10-10,2016-10-12,First Class,CC-12610,Corey Catlett,Corporate,United States,Denver,Colorado,80219,West,FUR-CH-10004853,Furniture,Chairs,"Global Manager's Adjustable Task Chair, Storm",120.784,1,0.2,13.5882,False
7981,CA-2014-103800,2014-01-03,2014-01-07,Standard Class,DP-13000,Darren Powers,Consumer,United States,Houston,Texas,77095,Central,OFF-PA-10000174,Office Supplies,Paper,"Message Book, Wirebound, Four 5 1/2"" X 4"" Forms/Pg., 200 Dupl. Sets/Book",16.448,2,0.2,5.5512,False
7997,US-2017-105998,2017-11-03,2017-11-05,First Class,CR-12580,Clay Rozendal,Home Office,United States,San Diego,California,92037,West,TEC-AC-10004469,Technology,Accessories,Microsoft Sculpt Comfort Mouse,199.75,5,0.0,87.89,False
7998,US-2017-105998,2017-11-03,2017-11-05,First Class,CR-12580,Clay Rozendal,Home Office,United States,San Diego,California,92037,West,FUR-TA-10001095,Furniture,Tables,Chromcraft Round Conference Tables,1673.184,12,0.2,20.9148,True
7999,US-2014-148194,2014-05-04,2014-05-07,First Class,BS-11365,Bill Shonely,Corporate,United States,Seattle,Washington,98105,West,FUR-FU-10001852,Furniture,Furnishings,"Eldon Regeneration Recycled Desk Accessories, Smoke",12.18,7,0.0,3.8976,False
8000,US-2014-148194,2014-05-04,2014-05-07,First Class,BS-11365,Bill Shonely,Corporate,United States,Seattle,Washington,98105,West,OFF-AP-10000696,Office Supplies,Appliances,Holmes Odor Grabber,57.68,4,0.0,19.0344,False
8001,US-2015-151407,2015-11-08,2015-11-12,Standard Class,RD-19585,Rob Dowd,Consumer,United States,Dubuque,Iowa,52001,Central,TEC-PH-10003885,Technology,Phones,Cisco SPA508G,263.96,4,0.0,76.5484,False
8004,CA-2014-143210,2014-12-01,2014-12-03,First Class,AA-10645,Anna Andreadi,Consumer,United States,Lowell,Massachusetts,1852,East,TEC-PH-10004434,Technology,Phones,Cisco IPï¿½Phoneï¿½7961G VoIPï¿½phoneï¿½- Dark gray,271.9,2,0.0,78.851,False
8005,CA-2014-143210,2014-12-01,2014-12-03,First Class,AA-10645,Anna Andreadi,Consumer,United States,Lowell,Massachusetts,1852,East,FUR-FU-10003878,Furniture,Furnishings,"Linden 10"" Round Wall Clock, Black",45.84,3,0.0,15.5856,False
8006,CA-2014-143210,2014-12-01,2014-12-03,First Class,AA-10645,Anna Andreadi,Consumer,United States,Lowell,Massachusetts,1852,East,FUR-FU-10002268,Furniture,Furnishings,Ultra Door Push Plate,9.82,2,0.0,3.2406,False
8007,CA-2016-139808,2016-10-07,2016-10-11,Standard Class,MC-18100,Mick Crebagga,Consumer,United States,Marysville,Washington,98270,West,OFF-FA-10001883,Office Supplies,Fasteners,"Alliance Super-Size Bands, Assorted Sizes",93.36,12,0.0,0.9336,False
8017,US-2014-131870,2014-09-09,2014-09-11,First Class,NF-18595,Nicole Fjeld,Home Office,United States,Lancaster,Ohio,43130,East,FUR-FU-10002501,Furniture,Furnishings,Nu-Dell Executive Frame,60.672,6,0.2,12.8928,False
8018,US-2014-131870,2014-09-09,2014-09-11,First Class,NF-18595,Nicole Fjeld,Home Office,United States,Lancaster,Ohio,43130,East,OFF-AR-10000634,Office Supplies,Art,Newell 320,30.816,9,0.2,2.6964,False
8020,CA-2017-167227,2017-11-02,2017-11-05,First Class,NP-18670,Nora Paige,Consumer,United States,Saint Louis,Missouri,63116,Central,OFF-AP-10001962,Office Supplies,Appliances,Black & Decker Filter for Double Action Dustbuster Cordless Vac BLDV7210,83.9,10,0.0,20.975,False
8021,CA-2017-167227,2017-11-02,2017-11-05,First Class,NP-18670,Nora Paige,Consumer,United States,Saint Louis,Missouri,63116,Central,OFF-PA-10001838,Office Supplies,Paper,"Adams Telephone Message Book W/Dividers/Space For Phone Numbers, 5 1/4""X8 1/2"", 300/Messages",11.76,2,0.0,5.7624,False
8031,CA-2016-158806,2016-01-07,2016-01-11,Standard Class,NM-18520,Neoma Murray,Consumer,United States,Amarillo,Texas,79109,Central,FUR-FU-10004270,Furniture,Furnishings,"Executive Impressions 13"" Clairmont Wall Clock",23.076,3,0.6,-10.9611,False
8032,CA-2016-158806,2016-01-07,2016-01-11,Standard Class,NM-18520,Neoma Murray,Consumer,United States,Amarillo,Texas,79109,Central,OFF-PA-10004621,Office Supplies,Paper,Xerox 212,25.92,5,0.2,9.072,False
8048,CA-2017-130834,2017-11-03,2017-11-06,Second Class,JM-16195,Justin MacKendrick,Consumer,United States,Wilmington,North Carolina,28403,South,OFF-PA-10003673,Office Supplies,Paper,Strathmore Photo Mount Cards,16.272,3,0.2,5.2884,False
8049,CA-2016-168543,2016-07-03,2016-07-07,Standard Class,DK-13225,Dean Katz,Corporate,United States,New York City,New York,10035,East,OFF-AP-10000938,Office Supplies,Appliances,Avanti 1.7 Cu. Ft. Refrigerator,706.86,7,0.0,197.9208,True
8063,CA-2016-132997,2016-11-07,2016-11-09,First Class,LW-17215,Luke Weiss,Consumer,United States,Rochester,New York,14609,East,TEC-PH-10000586,Technology,Phones,AT&T SB67148 SynJ,263.96,4,0.0,71.2692,False
8064,CA-2016-132997,2016-11-07,2016-11-09,First Class,LW-17215,Luke Weiss,Consumer,United States,Rochester,New York,14609,East,TEC-PH-10003811,Technology,Phones,Jabra Supreme Plus Driver Editionï¿½Headset,359.97,3,0.0,100.7916,False
8065,CA-2016-132997,2016-11-07,2016-11-09,First Class,LW-17215,Luke Weiss,Consumer,United States,Rochester,New York,14609,East,OFF-PA-10004983,Office Supplies,Paper,Xerox 23,12.96,2,0.0,6.2208,False
8066,CA-2016-132997,2016-11-07,2016-11-09,First Class,LW-17215,Luke Weiss,Consumer,United States,Rochester,New York,14609,East,OFF-ST-10003479,Office Supplies,Storage,"Eldon Base for stackable storage shelf, platinum",116.82,3,0.0,5.841,False
8067,CA-2016-132997,2016-11-07,2016-11-09,First Class,LW-17215,Luke Weiss,Consumer,United States,Rochester,New York,14609,East,OFF-BI-10004318,Office Supplies,Binders,Ibico EB-19 Dual Function Manual Binding System,276.784,2,0.2,89.9548,False
8070,CA-2017-151750,2017-01-01,2017-01-05,Standard Class,JM-15250,Janet Martin,Consumer,United States,Huntsville,Texas,77340,Central,OFF-ST-10002743,Office Supplies,Storage,SAFCO Boltless Steel Shelving,454.56,5,0.2,-107.958,False
8071,CA-2017-151750,2017-01-01,2017-01-05,Standard Class,JM-15250,Janet Martin,Consumer,United States,Huntsville,Texas,77340,Central,FUR-FU-10002116,Furniture,Furnishings,"Tenex Carpeted, Granite-Look or Clear Contemporary Contour Shape Chair Mats",141.42,5,0.6,-187.3815,False
8072,CA-2017-151750,2017-01-01,2017-01-05,Standard Class,JM-15250,Janet Martin,Consumer,United States,Huntsville,Texas,77340,Central,FUR-CH-10003199,Furniture,Chairs,Office Star - Contemporary Task Swivel Chair,310.744,4,0.3,-26.6352,False
8073,CA-2017-151750,2017-01-01,2017-01-05,Standard Class,JM-15250,Janet Martin,Consumer,United States,Huntsville,Texas,77340,Central,OFF-AR-10003158,Office Supplies,Art,Fluorescent Highlighters by Dixon,12.736,4,0.2,2.2288,False
8074,CA-2017-151750,2017-01-01,2017-01-05,Standard Class,JM-15250,Janet Martin,Consumer,United States,Huntsville,Texas,77340,Central,OFF-BI-10000301,Office Supplies,Binders,GBC Instant Report Kit,6.47,5,0.8,-9.705,False
8075,CA-2017-151750,2017-01-01,2017-01-05,Standard Class,JM-15250,Janet Martin,Consumer,United States,Huntsville,Texas,77340,Central,OFF-BI-10000343,Office Supplies,Binders,"Pressboard Covers with Storage Hooks, 9 1/2"" x 11"", Light Blue",13.748,14,0.8,-22.6842,False
8076,CA-2017-151750,2017-01-01,2017-01-05,Standard Class,JM-15250,Janet Martin,Consumer,United States,Huntsville,Texas,77340,Central,OFF-AP-10004708,Office Supplies,Appliances,Fellowes Superior 10 Outlet Split Surge Protector,15.224,2,0.8,-38.8212,False
8090,US-2015-117492,2015-08-07,2015-08-09,First Class,NS-18640,Noel Staavos,Corporate,United States,Baltimore,Maryland,21215,East,OFF-AP-10001492,Office Supplies,Appliances,"Acco Six-Outlet Power Strip, 4' Cord Length",77.58,9,0.0,20.1708,False
8112,CA-2016-130393,2016-12-01,2016-12-03,Second Class,JM-15865,John Murray,Consumer,United States,San Angelo,Texas,76903,Central,FUR-CH-10002647,Furniture,Chairs,"Situations Contoured Folding Chairs, 4/Set",248.43,5,0.3,-17.745,False
8113,CA-2016-130393,2016-12-01,2016-12-03,Second Class,JM-15865,John Murray,Consumer,United States,San Angelo,Texas,76903,Central,OFF-AP-10004859,Office Supplies,Appliances,Acco 6 Outlet Guardian Premium Surge Suppressor,11.648,4,0.8,-30.8672,False
8114,CA-2016-130393,2016-12-01,2016-12-03,Second Class,JM-15865,John Murray,Consumer,United States,San Angelo,Texas,76903,Central,FUR-CH-10004477,Furniture,Chairs,"Global Push Button Manager's Chair, Indigo",85.246,2,0.3,-1.2178,False
8115,CA-2017-144820,2017-10-03,2017-10-07,Second Class,LW-16825,Laurel Workman,Corporate,United States,Pasadena,Texas,77506,Central,OFF-AR-10004817,Office Supplies,Art,Colorific Watercolor Pencils,20.64,5,0.2,2.322,False
8125,US-2017-150070,2017-09-07,2017-09-12,Standard Class,JA-15970,Joseph Airdo,Consumer,United States,Modesto,California,95351,West,FUR-CH-10004860,Furniture,Chairs,Global Low Back Tilter Chair,161.568,2,0.2,-28.2744,False
8142,CA-2016-100993,2016-02-05,2016-02-10,Standard Class,AZ-10750,Annie Zypern,Consumer,United States,San Diego,California,92037,West,OFF-LA-10003223,Office Supplies,Labels,Avery 508,14.73,3,0.0,7.2177,False
8143,CA-2016-100993,2016-02-05,2016-02-10,Standard Class,AZ-10750,Annie Zypern,Consumer,United States,San Diego,California,92037,West,OFF-ST-10004340,Office Supplies,Storage,"Fellowes Mobile File Cart, Black",186.54,3,0.0,50.3658,False
8144,CA-2016-100993,2016-02-05,2016-02-10,Standard Class,AZ-10750,Annie Zypern,Consumer,United States,San Diego,California,92037,West,FUR-TA-10001095,Furniture,Tables,Chromcraft Round Conference Tables,557.728,4,0.2,6.9716,True
8145,CA-2016-100993,2016-02-05,2016-02-10,Standard Class,AZ-10750,Annie Zypern,Consumer,United States,San Diego,California,92037,West,TEC-PH-10001448,Technology,Phones,Anker Astro 15000mAh USB Portable Charger,159.968,4,0.2,-31.9936,False
8157,CA-2016-131296,2016-10-04,2016-10-09,Standard Class,MS-17830,Melanie Seite,Consumer,United States,Baltimore,Maryland,21215,East,FUR-TA-10002622,Furniture,Tables,"Bush Andora Conference Table, Maple/Graphite Gray Finish",239.372,2,0.3,-23.9372,False
8164,CA-2015-168207,2015-11-02,2015-11-06,Standard Class,LT-17110,Liz Thompson,Consumer,United States,San Diego,California,92105,West,FUR-FU-10004909,Furniture,Furnishings,Contemporary Wood/Metal Frame,96.96,6,0.0,33.936,False
8165,CA-2015-168207,2015-11-02,2015-11-06,Standard Class,LT-17110,Liz Thompson,Consumer,United States,San Diego,California,92105,West,OFF-BI-10001524,Office Supplies,Binders,GBC Premium Transparent Covers with Diagonal Lined Pattern,117.488,7,0.2,41.1208,False
8166,CA-2015-168207,2015-11-02,2015-11-06,Standard Class,LT-17110,Liz Thompson,Consumer,United States,San Diego,California,92105,West,OFF-BI-10003355,Office Supplies,Binders,Cardinal Holdit Business Card Pockets,11.952,3,0.2,4.1832,False
8167,CA-2015-168207,2015-11-02,2015-11-06,Standard Class,LT-17110,Liz Thompson,Consumer,United States,San Diego,California,92105,West,FUR-BO-10004357,Furniture,Bookcases,O'Sullivan Living Dimensions 3-Shelf Bookcases,512.499,3,0.15,-30.147,True
8179,CA-2016-166429,2016-09-02,2016-09-08,Standard Class,TG-21310,Toby Gnade,Consumer,United States,Des Moines,Washington,98198,West,TEC-CO-10002095,Technology,Copiers,Hewlett Packard 610 Color Digital Copier / Printer,999.98,2,0.0,449.991,True
8180,CA-2015-112767,2015-08-02,2015-08-06,Standard Class,DK-12985,Darren Koutras,Consumer,United States,Springfield,Oregon,97477,West,FUR-TA-10003469,Furniture,Tables,Balt Split Level Computer Training Table,277.5,4,0.5,-188.7,False
8189,CA-2015-140375,2015-10-02,2015-10-05,Second Class,SG-20470,Sheri Gordon,Consumer,United States,Rockville,Maryland,20852,East,OFF-PA-10001870,Office Supplies,Paper,Xerox 202,19.44,3,0.0,9.3312,False
8190,CA-2015-140375,2015-10-02,2015-10-05,Second Class,SG-20470,Sheri Gordon,Consumer,United States,Rockville,Maryland,20852,East,OFF-BI-10000320,Office Supplies,Binders,GBC Plastic Binding Combs,7.38,1,0.0,3.6162,False
8196,CA-2015-136700,2015-12-06,2015-12-11,Second Class,DB-13120,David Bremer,Corporate,United States,Santa Barbara,California,93101,West,OFF-PA-10004519,Office Supplies,Paper,Spiral Phone Message Books with Labels by Adams,8.96,2,0.0,4.3904,False
8197,CA-2017-102736,2017-09-05,2017-09-09,Standard Class,LP-17095,Liz Preis,Consumer,United States,Knoxville,Tennessee,37918,South,TEC-AC-10004568,Technology,Accessories,Maxellï¿½LTO Ultrium - 800 GB,89.568,4,0.2,-1.1196,False
8198,CA-2017-102736,2017-09-05,2017-09-09,Standard Class,LP-17095,Liz Preis,Consumer,United States,Knoxville,Tennessee,37918,South,OFF-AR-10001897,Office Supplies,Art,Model L Table or Wall-Mount Pencil Sharpener,71.96,5,0.2,7.196,False
8199,CA-2017-102736,2017-09-05,2017-09-09,Standard Class,LP-17095,Liz Preis,Consumer,United States,Knoxville,Tennessee,37918,South,OFF-PA-10001800,Office Supplies,Paper,Xerox 220,15.552,3,0.2,5.4432,False
8202,CA-2015-114811,2015-11-08,2015-11-08,Same Day,KD-16495,Keith Dawkins,Corporate,United States,New York City,New York,10024,East,OFF-ST-10000885,Office Supplies,Storage,Fellowes Desktop Hanging File Manager,67.15,5,0.0,16.7875,False
8203,CA-2015-114811,2015-11-08,2015-11-08,Same Day,KD-16495,Keith Dawkins,Corporate,United States,New York City,New York,10024,East,TEC-PH-10004165,Technology,Phones,Mitel MiVoice 5330e IP Phone,549.98,2,0.0,142.9948,True
8204,CA-2015-114811,2015-11-08,2015-11-08,Same Day,KD-16495,Keith Dawkins,Corporate,United States,New York City,New York,10024,East,FUR-FU-10002240,Furniture,Furnishings,Nu-Dell EZ-Mount Plastic Wall Frames,11.82,3,0.0,4.728,False
8205,CA-2015-114811,2015-11-08,2015-11-08,Same Day,KD-16495,Keith Dawkins,Corporate,United States,New York City,New York,10024,East,TEC-MA-10000045,Technology,Machines,Zebra ZM400 Thermal Label Printer,4643.8,4,0.0,2229.024,True
8206,CA-2015-114811,2015-11-08,2015-11-08,Same Day,KD-16495,Keith Dawkins,Corporate,United States,New York City,New York,10024,East,FUR-CH-10003746,Furniture,Chairs,Hon 4070 Series Pagoda Round Back Stacking Chairs,577.764,2,0.1,115.5528,True
8211,CA-2017-128769,2017-09-07,2017-09-12,Standard Class,DM-12955,Dario Medina,Corporate,United States,Nashville,Tennessee,37211,South,OFF-AP-10001271,Office Supplies,Appliances,Eureka The Boss Cordless Rechargeable Stick Vac,81.568,2,0.2,7.1372,False
8212,CA-2016-116337,2016-11-07,2016-11-12,Standard Class,MC-17845,Michael Chen,Consumer,United States,Dallas,Texas,75220,Central,FUR-FU-10002030,Furniture,Furnishings,"Executive Impressions 14"" Contract Wall Clock with Quartz Movement",44.46,5,0.6,-17.784,False
8213,CA-2016-116337,2016-11-07,2016-11-12,Standard Class,MC-17845,Michael Chen,Consumer,United States,Dallas,Texas,75220,Central,OFF-ST-10001272,Office Supplies,Storage,"Mini 13-1/2 Capacity Data Binder Rack, Pearl",314.088,3,0.2,19.6305,False
8218,CA-2014-120775,2014-10-03,2014-10-07,Standard Class,RD-19930,Russell D'Ascenzo,Consumer,United States,Dallas,Texas,75217,Central,OFF-FA-10002676,Office Supplies,Fasteners,Colored Push Pins,4.344,3,0.2,0.8688,False
8219,CA-2014-120775,2014-10-03,2014-10-07,Standard Class,RD-19930,Russell D'Ascenzo,Consumer,United States,Dallas,Texas,75217,Central,FUR-FU-10000758,Furniture,Furnishings,DAX Natural Wood-Tone Poster Frame,31.776,3,0.6,-19.0656,False
8220,CA-2014-120775,2014-10-03,2014-10-07,Standard Class,RD-19930,Russell D'Ascenzo,Consumer,United States,Dallas,Texas,75217,Central,OFF-LA-10002271,Office Supplies,Labels,Smead Alpha-Z Color-Coded Second Alphabetical Labels and Starter Set,4.928,2,0.2,1.7248,False
8221,CA-2014-120775,2014-10-03,2014-10-07,Standard Class,RD-19930,Russell D'Ascenzo,Consumer,United States,Dallas,Texas,75217,Central,OFF-BI-10002609,Office Supplies,Binders,Avery Hidden Tab Dividers for Binding Systems,1.788,3,0.8,-3.0396,False
8222,CA-2014-120775,2014-10-03,2014-10-07,Standard Class,RD-19930,Russell D'Ascenzo,Consumer,United States,Dallas,Texas,75217,Central,OFF-FA-10000254,Office Supplies,Fasteners,Sterling Rubber Bands by Alliance,15.072,4,0.2,-3.768,False
8226,CA-2017-104136,2017-11-01,2017-11-04,Second Class,SF-20065,Sandra Flanagan,Consumer,United States,Everett,Massachusetts,2149,East,OFF-PA-10004243,Office Supplies,Paper,Xerox 1939,189.7,10,0.0,91.056,False
8227,CA-2017-104136,2017-11-01,2017-11-04,Second Class,SF-20065,Sandra Flanagan,Consumer,United States,Everett,Massachusetts,2149,East,OFF-PA-10001033,Office Supplies,Paper,Xerox 1893,40.99,1,0.0,20.0851,False
8228,CA-2016-123050,2016-04-04,2016-04-08,Second Class,BC-11125,Becky Castell,Home Office,United States,Troy,New York,12180,East,FUR-FU-10000723,Furniture,Furnishings,"Deflect-o EconoMat Studded, No Bevel Mat for Low Pile Carpeting",82.64,2,0.0,7.4376,False
8229,CA-2016-123050,2016-04-04,2016-04-08,Second Class,BC-11125,Becky Castell,Home Office,United States,Troy,New York,12180,East,OFF-ST-10003455,Office Supplies,Storage,"Tenex File Box, Personal Filing Tote with Lid, Black",31.02,2,0.0,8.0652,False
8230,CA-2016-123050,2016-04-04,2016-04-08,Second Class,BC-11125,Becky Castell,Home Office,United States,Troy,New York,12180,East,TEC-AC-10001109,Technology,Accessories,Logitech Trackman Marble Mouse,89.97,3,0.0,37.7874,False
8235,CA-2017-102204,2017-05-01,2017-05-06,Standard Class,CJ-12010,Caroline Jumper,Consumer,United States,Jacksonville,Florida,32216,South,OFF-SU-10001212,Office Supplies,Supplies,Kleencut Forged Office Shears by Acme United Corporation,3.328,2,0.2,0.416,False
8236,CA-2017-102204,2017-05-01,2017-05-06,Standard Class,CJ-12010,Caroline Jumper,Consumer,United States,Jacksonville,Florida,32216,South,FUR-TA-10001889,Furniture,Tables,Bush Advantage Collection Racetrack Conference Table,933.262,4,0.45,-458.1468,True
8237,CA-2017-102204,2017-05-01,2017-05-06,Standard Class,CJ-12010,Caroline Jumper,Consumer,United States,Jacksonville,Florida,32216,South,FUR-CH-10002024,Furniture,Chairs,HON 5400 Series Task Chairs for Big and Tall,2803.92,5,0.2,0.0,True
8242,CA-2014-109855,2014-09-01,2014-09-05,Standard Class,LH-16900,Lena Hernandez,Consumer,United States,New York City,New York,10009,East,OFF-BI-10004716,Office Supplies,Binders,Wilson Jones Hanging Recycled Pressboard Data Binders,23.744,2,0.2,8.3104,False
8243,CA-2014-109855,2014-09-01,2014-09-05,Standard Class,LH-16900,Lena Hernandez,Consumer,United States,New York City,New York,10009,East,TEC-AC-10002842,Technology,Accessories,WD My Passport Ultra 2TB Portable External Hard Drive,357.0,3,0.0,57.12,False
8247,CA-2015-129217,2015-05-10,2015-05-10,Same Day,DP-13390,Dennis Pardue,Home Office,United States,Aurora,Illinois,60505,Central,OFF-AP-10002439,Office Supplies,Appliances,Tripp Lite Isotel 8 Ultra 8 Outlet Metal Surge,70.97,5,0.8,-191.619,False
8248,CA-2015-129217,2015-05-10,2015-05-10,Same Day,DP-13390,Dennis Pardue,Home Office,United States,Aurora,Illinois,60505,Central,OFF-AR-10004602,Office Supplies,Art,Boston KS Multi-Size Manual Pencil Sharpener,36.784,2,0.2,3.6784,False
8250,CA-2015-140221,2015-03-05,2015-03-09,Second Class,MS-17365,Maribeth Schnelling,Consumer,United States,Chicago,Illinois,60653,Central,OFF-BI-10002854,Office Supplies,Binders,"Performers Binder/Pad Holder, Black",11.212,2,0.8,-16.818,False
8251,CA-2015-140221,2015-03-05,2015-03-09,Second Class,MS-17365,Maribeth Schnelling,Consumer,United States,Chicago,Illinois,60653,Central,FUR-FU-10000023,Furniture,Furnishings,Eldon Wave Desk Accessories,4.712,2,0.6,-1.8848,False
8252,CA-2015-140221,2015-03-05,2015-03-09,Second Class,MS-17365,Maribeth Schnelling,Consumer,United States,Chicago,Illinois,60653,Central,OFF-AP-10000828,Office Supplies,Appliances,Avanti 4.4 Cu. Ft. Refrigerator,180.98,5,0.8,-470.548,False
8253,CA-2015-140221,2015-03-05,2015-03-09,Second Class,MS-17365,Maribeth Schnelling,Consumer,United States,Chicago,Illinois,60653,Central,OFF-ST-10000777,Office Supplies,Storage,"Companion Letter/Legal File, Black",60.416,2,0.2,6.0416,False
8281,CA-2017-134810,2017-05-09,2017-05-10,First Class,MC-17605,Matt Connell,Corporate,United States,Jacksonville,North Carolina,28540,South,OFF-EN-10002504,Office Supplies,Envelopes,"Tyvek  Top-Opening Peel & Seel Envelopes, Plain White",65.232,3,0.2,22.0158,False
8282,CA-2017-134810,2017-05-09,2017-05-10,First Class,MC-17605,Matt Connell,Corporate,United States,Jacksonville,North Carolina,28540,South,FUR-CH-10001270,Furniture,Chairs,Harbour Creations Steel Folding Chair,207.0,3,0.2,25.875,False
8294,US-2017-168802,2017-11-03,2017-11-07,Standard Class,JO-15145,Jack O'Briant,Corporate,United States,Seattle,Washington,98103,West,OFF-BI-10002393,Office Supplies,Binders,Binder Posts,18.368,4,0.2,5.9696,False
8298,US-2015-158911,2015-07-05,2015-07-11,Standard Class,RS-19765,Roland Schwarz,Corporate,United States,Charlotte,North Carolina,28205,South,FUR-FU-10003829,Furniture,Furnishings,Stackable Trays,4.928,2,0.2,0.7392,False
8299,US-2015-158911,2015-07-05,2015-07-11,Standard Class,RS-19765,Roland Schwarz,Corporate,United States,Charlotte,North Carolina,28205,South,OFF-LA-10003223,Office Supplies,Labels,Avery 508,11.784,3,0.2,4.2717,False
8305,CA-2017-135419,2017-11-03,2017-11-09,Standard Class,BG-11740,Bruce Geld,Consumer,United States,Bakersfield,California,93309,West,FUR-TA-10001086,Furniture,Tables,"SAFCO PlanMaster Boards, 60w x 37-1/2d, White Melamine",486.368,4,0.2,36.4776,True
8310,CA-2014-168312,2014-03-01,2014-03-07,Standard Class,GW-14605,Giulietta Weimer,Consumer,United States,Houston,Texas,77036,Central,OFF-ST-10003692,Office Supplies,Storage,Recycled Steel Personal File for Hanging File Folders,137.352,3,0.2,8.5845,False
8311,CA-2014-168312,2014-03-01,2014-03-07,Standard Class,GW-14605,Giulietta Weimer,Consumer,United States,Houston,Texas,77036,Central,FUR-TA-10001866,Furniture,Tables,Bevis Round Conference Room Tables and Bases,376.509,3,0.3,-43.0296,False
8321,CA-2015-142937,2015-12-05,2015-12-06,First Class,SF-20065,Sandra Flanagan,Consumer,United States,Dallas,Texas,75220,Central,OFF-AR-10003582,Office Supplies,Art,"Boston Electric Pencil Sharpener, Model 1818, Charcoal Black",45.04,2,0.2,4.504,False
8325,CA-2017-144456,2017-09-08,2017-09-09,First Class,FC-14245,Frank Carlisle,Home Office,United States,Hialeah,Florida,33012,South,OFF-ST-10001321,Office Supplies,Storage,"Decoflex Hanging Personal Folder File, Blue",61.68,5,0.2,5.397,False
8326,CA-2017-144456,2017-09-08,2017-09-09,First Class,FC-14245,Frank Carlisle,Home Office,United States,Hialeah,Florida,33012,South,TEC-PH-10001750,Technology,Phones,Samsung Rugby III,158.376,3,0.2,13.8579,False
8329,CA-2017-118577,2017-10-06,2017-10-11,Standard Class,XP-21865,Xylona Preis,Consumer,United States,Belleville,New Jersey,7109,East,OFF-PA-10001357,Office Supplies,Paper,Xerox 1886,143.7,3,0.0,68.976,False
8330,CA-2017-118577,2017-10-06,2017-10-11,Standard Class,XP-21865,Xylona Preis,Consumer,United States,Belleville,New Jersey,7109,East,OFF-PA-10004888,Office Supplies,Paper,Xerox 217,6.48,1,0.0,3.1104,False
8331,CA-2017-113572,2017-11-07,2017-11-11,Standard Class,FP-14320,Frank Preis,Consumer,United States,New York City,New York,10024,East,TEC-AC-10002370,Technology,Accessories,Maxell CD-R Discs,7.88,4,0.0,2.5216,False
8332,CA-2016-153269,2016-03-09,2016-03-12,First Class,PS-18760,Pamela Stobb,Consumer,United States,Andover,Massachusetts,1810,East,OFF-ST-10004634,Office Supplies,Storage,"Personal Folder Holder, Ebony",11.21,1,0.0,3.363,False
8333,CA-2016-153269,2016-03-09,2016-03-12,First Class,PS-18760,Pamela Stobb,Consumer,United States,Andover,Massachusetts,1810,East,FUR-CH-10002647,Furniture,Chairs,"Situations Contoured Folding Chairs, 4/Set",354.9,5,0.0,88.725,False
8334,CA-2016-153269,2016-03-09,2016-03-12,First Class,PS-18760,Pamela Stobb,Consumer,United States,Andover,Massachusetts,1810,East,OFF-PA-10001801,Office Supplies,Paper,Xerox 193,17.94,3,0.0,8.7906,False
8335,CA-2016-153269,2016-03-09,2016-03-12,First Class,PS-18760,Pamela Stobb,Consumer,United States,Andover,Massachusetts,1810,East,OFF-BI-10004632,Office Supplies,Binders,GBC Binding covers,51.8,4,0.0,23.31,False
8337,CA-2016-101469,2016-07-02,2016-07-08,Standard Class,KH-16360,Katherine Hughes,Consumer,United States,Arlington,Virginia,22204,South,OFF-AR-10003986,Office Supplies,Art,Avery Hi-Liter Pen Style Six-Color Fluorescent Set,7.7,2,0.0,3.157,False
8352,CA-2017-132199,2017-05-03,2017-05-08,Standard Class,BO-11350,Bill Overfelt,Corporate,United States,Philadelphia,Pennsylvania,19134,East,FUR-FU-10004245,Furniture,Furnishings,"Career Cubicle Clock, 8 1/4"", Black",32.448,2,0.2,7.3008,False
8353,CA-2017-132199,2017-05-03,2017-05-08,Standard Class,BO-11350,Bill Overfelt,Corporate,United States,Philadelphia,Pennsylvania,19134,East,OFF-BI-10003684,Office Supplies,Binders,Wilson Jones Legal Size Ring Binders,26.388,4,0.7,-17.592,False
8354,CA-2017-132199,2017-05-03,2017-05-08,Standard Class,BO-11350,Bill Overfelt,Corporate,United States,Philadelphia,Pennsylvania,19134,East,FUR-TA-10003748,Furniture,Tables,Bevis 36 x 72 Conference Tables,373.47,5,0.4,-112.041,False
8355,CA-2017-132199,2017-05-03,2017-05-08,Standard Class,BO-11350,Bill Overfelt,Corporate,United States,Philadelphia,Pennsylvania,19134,East,OFF-BI-10002133,Office Supplies,Binders,"Wilson Jones Elliptical Ring 3 1/2"" Capacity Binders, 800 sheets",64.2,5,0.7,-44.94,False
8356,CA-2017-132199,2017-05-03,2017-05-08,Standard Class,BO-11350,Bill Overfelt,Corporate,United States,Philadelphia,Pennsylvania,19134,East,OFF-FA-10002280,Office Supplies,Fasteners,Advantus Plastic Paper Clips,8.0,2,0.2,2.8,False
8361,CA-2017-147207,2017-01-02,2017-01-04,Second Class,TS-21655,Trudy Schmidt,Consumer,United States,El Paso,Texas,79907,Central,OFF-AR-10001955,Office Supplies,Art,Newell 319,31.744,2,0.2,3.968,False
8362,CA-2017-147207,2017-01-02,2017-01-04,Second Class,TS-21655,Trudy Schmidt,Consumer,United States,El Paso,Texas,79907,Central,OFF-AP-10000027,Office Supplies,Appliances,Hoover Commercial SteamVac,5.432,2,0.8,-13.58,False
8363,CA-2017-147207,2017-01-02,2017-01-04,Second Class,TS-21655,Trudy Schmidt,Consumer,United States,El Paso,Texas,79907,Central,FUR-TA-10002958,Furniture,Tables,"Bevis Oval Conference Table, Walnut",913.43,5,0.3,-169.637,True
8364,CA-2017-147207,2017-01-02,2017-01-04,Second Class,TS-21655,Trudy Schmidt,Consumer,United States,El Paso,Texas,79907,Central,OFF-ST-10002615,Office Supplies,Storage,"Dual Level, Single-Width Filing Carts",372.144,3,0.2,27.9108,False
8367,CA-2014-109918,2014-09-07,2014-09-12,Second Class,LR-17035,Lisa Ryan,Corporate,United States,Santa Clara,California,95051,West,OFF-SU-10004290,Office Supplies,Supplies,"Acme Design Line 8"" Stainless Steel Bent Scissors w/Champagne Handles, 3-1/8"" Cut",27.36,4,0.0,7.3872,False
8368,CA-2014-109918,2014-09-07,2014-09-12,Second Class,LR-17035,Lisa Ryan,Corporate,United States,Santa Clara,California,95051,West,OFF-PA-10000174,Office Supplies,Paper,"Message Book, Wirebound, Four 5 1/2"" X 4"" Forms/Pg., 200 Dupl. Sets/Book",20.56,2,0.0,9.6632,False
8369,CA-2014-109918,2014-09-07,2014-09-12,Second Class,LR-17035,Lisa Ryan,Corporate,United States,Santa Clara,California,95051,West,OFF-BI-10004308,Office Supplies,Binders,Avery Legal 4-Ring Binder,83.92,5,0.2,31.47,False
8375,CA-2015-158701,2015-01-05,2015-01-10,Standard Class,JL-15175,James Lanier,Home Office,United States,San Francisco,California,94110,West,OFF-AP-10004859,Office Supplies,Appliances,Acco 6 Outlet Guardian Premium Surge Suppressor,87.36,6,0.0,23.5872,False
8376,CA-2015-158701,2015-01-05,2015-01-10,Standard Class,JL-15175,James Lanier,Home Office,United States,San Francisco,California,94110,West,OFF-BI-10001294,Office Supplies,Binders,Fellowes Binding Cases,56.16,6,0.2,17.55,False
8386,CA-2017-137582,2017-09-04,2017-09-08,Standard Class,CV-12805,Cynthia Voltz,Corporate,United States,Oakland,California,94601,West,OFF-BI-10001757,Office Supplies,Binders,Pressboard Hanging Data Binders for Unburst Sheets,11.808,3,0.2,4.1328,False
8389,CA-2014-139423,2014-11-01,2014-11-05,Standard Class,DG-13300,Deirdre Greer,Corporate,United States,Orange,New Jersey,7050,East,OFF-AP-10004708,Office Supplies,Appliances,Fellowes Superior 10 Outlet Split Surge Protector,76.12,2,0.0,22.0748,False
8391,CA-2017-153227,2017-12-04,2017-12-06,First Class,CS-12250,Chris Selesnick,Corporate,United States,Los Angeles,California,90032,West,OFF-PA-10001838,Office Supplies,Paper,"Adams Telephone Message Book W/Dividers/Space For Phone Numbers, 5 1/4""X8 1/2"", 300/Messages",11.76,2,0.0,5.7624,False
8393,CA-2016-142594,2016-12-01,2016-12-06,Second Class,EJ-14155,Eva Jacobs,Consumer,United States,Franklin,Massachusetts,2038,East,TEC-PH-10000193,Technology,Phones,Jensen SMPS-640 -ï¿½speaker phone,137.94,3,0.0,35.8644,False
8394,CA-2016-142594,2016-12-01,2016-12-06,Second Class,EJ-14155,Eva Jacobs,Consumer,United States,Franklin,Massachusetts,2038,East,FUR-FU-10002045,Furniture,Furnishings,"Executive Impressions 14""",111.15,5,0.0,48.906,False
8395,CA-2016-142594,2016-12-01,2016-12-06,Second Class,EJ-14155,Eva Jacobs,Consumer,United States,Franklin,Massachusetts,2038,East,OFF-AP-10002945,Office Supplies,Appliances,Honeywell Enviracaire Portable HEPA Air Cleaner for 17' x 22' Room,901.95,3,0.0,297.6435,True
8396,CA-2016-142594,2016-12-01,2016-12-06,Second Class,EJ-14155,Eva Jacobs,Consumer,United States,Franklin,Massachusetts,2038,East,FUR-TA-10001095,Furniture,Tables,Chromcraft Round Conference Tables,366.009,3,0.3,-47.0583,False
8398,US-2014-120236,2014-09-03,2014-09-04,First Class,MR-17545,Mathew Reese,Home Office,United States,Houston,Texas,77095,Central,OFF-BI-10004099,Office Supplies,Binders,GBC VeloBinder Strips,7.68,5,0.8,-11.52,False
8399,CA-2017-120061,2017-11-02,2017-11-07,Second Class,SR-20425,Sharelle Roach,Home Office,United States,Springfield,Ohio,45503,East,FUR-CH-10001973,Furniture,Chairs,Office Star Flex Back Scooter Chair with White Frame,155.372,2,0.3,-35.5136,False
8401,CA-2015-110814,2015-12-05,2015-12-09,Second Class,BD-11635,Brian Derr,Consumer,United States,New York City,New York,10009,East,OFF-BI-10002026,Office Supplies,Binders,Avery Arch Ring Binders,232.4,5,0.2,78.435,False
8402,CA-2015-110814,2015-12-05,2015-12-09,Second Class,BD-11635,Brian Derr,Consumer,United States,New York City,New York,10009,East,FUR-CH-10003535,Furniture,Chairs,"Global Armless Task Chair, Royal Blue",164.646,3,0.1,12.8058,False
8403,CA-2015-110814,2015-12-05,2015-12-09,Second Class,BD-11635,Brian Derr,Consumer,United States,New York City,New York,10009,East,OFF-PA-10004156,Office Supplies,Paper,Xerox 188,22.68,2,0.0,11.1132,False
8404,CA-2016-154067,2016-02-01,2016-02-07,Standard Class,SM-20950,Suzanne McNair,Corporate,United States,Los Angeles,California,90036,West,OFF-PA-10002254,Office Supplies,Paper,Xerox 1883,105.52,4,0.0,48.5392,False
8405,CA-2017-140480,2017-07-08,2017-07-12,Standard Class,HE-14800,Harold Engle,Corporate,United States,Newark,Delaware,19711,East,FUR-FU-10003247,Furniture,Furnishings,36X48 HARDFLOOR CHAIRMAT,83.92,4,0.0,5.8744,False
8406,CA-2017-140480,2017-07-08,2017-07-12,Standard Class,HE-14800,Harold Engle,Corporate,United States,Newark,Delaware,19711,East,TEC-AC-10002473,Technology,Accessories,Maxell 4.7GB DVD-R,141.9,5,0.0,58.179,False
8407,CA-2017-140480,2017-07-08,2017-07-12,Standard Class,HE-14800,Harold Engle,Corporate,United States,Newark,Delaware,19711,East,FUR-FU-10001057,Furniture,Furnishings,Tensor Track Tree Floor Lamp,39.98,2,0.0,9.1954,False
8408,CA-2017-140480,2017-07-08,2017-07-12,Standard Class,HE-14800,Harold Engle,Corporate,United States,Newark,Delaware,19711,East,OFF-AR-10001419,Office Supplies,Art,Newell 325,28.91,7,0.0,8.673,False
8409,CA-2017-140480,2017-07-08,2017-07-12,Standard Class,HE-14800,Harold Engle,Corporate,United States,Newark,Delaware,19711,East,OFF-AR-10004010,Office Supplies,Art,Hunt Boston Vacuum Mount KS Pencil Sharpener,174.95,5,0.0,45.487,False
8412,CA-2016-159765,2016-05-09,2016-05-12,Second Class,TH-21100,Thea Hendricks,Consumer,United States,Salem,Virginia,24153,South,OFF-AR-10003514,Office Supplies,Art,4009 Highlighters by Sanford,27.86,7,0.0,9.1938,False
8416,CA-2017-107265,2017-04-06,2017-04-12,Standard Class,ML-17755,Max Ludwig,Home Office,United States,Marion,Iowa,52302,Central,OFF-PA-10000474,Office Supplies,Paper,Easy-staple paper,106.32,3,0.0,49.9704,False
8417,CA-2017-118199,2017-05-09,2017-05-11,First Class,LB-16795,Laurel Beltran,Home Office,United States,Seattle,Washington,98105,West,OFF-BI-10004330,Office Supplies,Binders,"GBC Velobind Prepunched Cover Sets, Regency Series",147.92,5,0.2,46.225,False
8418,CA-2017-118199,2017-05-09,2017-05-11,First Class,LB-16795,Laurel Beltran,Home Office,United States,Seattle,Washington,98105,West,OFF-ST-10000604,Office Supplies,Storage,Home/Office Personal File Carts,104.28,3,0.0,26.07,False
8419,CA-2017-118199,2017-05-09,2017-05-11,First Class,LB-16795,Laurel Beltran,Home Office,United States,Seattle,Washington,98105,West,FUR-TA-10004154,Furniture,Tables,"Riverside Furniture Oval Coffee Table, Oval End Table, End Table with Drawer",286.85,1,0.0,63.107,False
8420,CA-2017-118199,2017-05-09,2017-05-11,First Class,LB-16795,Laurel Beltran,Home Office,United States,Seattle,Washington,98105,West,OFF-ST-10000636,Office Supplies,Storage,Rogers Profile Extra Capacity Storage Tub,66.96,4,0.0,2.6784,False
8421,CA-2017-118199,2017-05-09,2017-05-11,First Class,LB-16795,Laurel Beltran,Home Office,United States,Seattle,Washington,98105,West,TEC-AC-10004171,Technology,Accessories,Razer Kraken 7.1 Surround Sound Over Ear USB Gaming Headset,199.98,2,0.0,87.9912,False
8427,CA-2015-128356,2015-10-02,2015-10-07,Standard Class,RP-19390,Resi Pï¿½lking,Consumer,United States,Thornton,Colorado,80229,West,OFF-SU-10004290,Office Supplies,Supplies,"Acme Design Line 8"" Stainless Steel Bent Scissors w/Champagne Handles, 3-1/8"" Cut",10.944,2,0.2,0.9576,False
8441,CA-2016-158302,2016-12-08,2016-12-12,Second Class,JB-16045,Julia Barnett,Home Office,United States,Columbus,Ohio,43229,East,OFF-PA-10002615,Office Supplies,Paper,"Ampad Gold Fibre Wirebound Steno Books, 6"" x 9"", Gregg Ruled",10.584,3,0.2,3.4398,False
8442,CA-2017-145779,2017-05-06,2017-05-10,Standard Class,DB-13615,Doug Bickford,Consumer,United States,Tucson,Arizona,85705,West,OFF-PA-10002254,Office Supplies,Paper,Xerox 1883,84.416,4,0.2,27.4352,False
8443,US-2016-155173,2016-03-06,2016-03-10,Standard Class,JB-16045,Julia Barnett,Home Office,United States,Philadelphia,Pennsylvania,19120,East,TEC-PH-10004586,Technology,Phones,Wilson SignalBoost 841262 DB PRO Amplifier Kit,431.94,2,0.4,-71.99,False
8444,US-2016-155173,2016-03-06,2016-03-10,Standard Class,JB-16045,Julia Barnett,Home Office,United States,Philadelphia,Pennsylvania,19120,East,OFF-BI-10002982,Office Supplies,Binders,Avery Self-Adhesive Photo Pockets for Polaroid Photos,2.043,1,0.7,-1.4982,False
8445,US-2016-155173,2016-03-06,2016-03-10,Standard Class,JB-16045,Julia Barnett,Home Office,United States,Philadelphia,Pennsylvania,19120,East,TEC-PH-10002538,Technology,Phones,Grandstream GXP1160 VoIP phone,68.238,3,0.4,-12.5103,False
8463,CA-2015-169537,2015-09-03,2015-09-07,Second Class,JH-15820,John Huston,Consumer,United States,Holland,Michigan,49423,Central,OFF-LA-10001982,Office Supplies,Labels,Smead Alpha-Z Color-Coded Name Labels First Letter Starter Set,7.5,2,0.0,3.6,False
8489,CA-2016-158841,2016-02-02,2016-02-04,Second Class,SE-20110,Sanjit Engle,Consumer,United States,Arlington,Virginia,22204,South,TEC-MA-10001127,Technology,Machines,"HP Designjet T520 Inkjet Large Format Printer - 24"" Color",8749.95,5,0.0,2799.984,True
8490,CA-2016-158841,2016-02-02,2016-02-04,Second Class,SE-20110,Sanjit Engle,Consumer,United States,Arlington,Virginia,22204,South,OFF-BI-10002557,Office Supplies,Binders,Presstex Flexible Ring Binders,36.4,8,0.0,18.2,False
8491,CA-2016-158841,2016-02-02,2016-02-04,Second Class,SE-20110,Sanjit Engle,Consumer,United States,Arlington,Virginia,22204,South,FUR-FU-10001731,Furniture,Furnishings,Acrylic Self-Standing Desk Frames,18.69,7,0.0,7.1022,False
8492,CA-2017-106824,2017-07-07,2017-07-11,Standard Class,AT-10735,Annie Thurman,Consumer,United States,Los Angeles,California,90049,West,OFF-FA-10001135,Office Supplies,Fasteners,"Brites Rubber Bands, 1 1/2 oz. Box",5.94,3,0.0,0.1188,False
8496,CA-2016-143154,2016-12-02,2016-12-08,Standard Class,AS-10225,Alan Schoenberger,Corporate,United States,Longmont,Colorado,80501,West,TEC-AC-10002942,Technology,Accessories,WD My Passport Ultra 1TB Portable External Hard Drive,165.6,3,0.2,-6.21,False
8497,CA-2014-169061,2014-03-05,2014-03-08,Second Class,AB-10150,Aimee Bixby,Consumer,United States,Yonkers,New York,10701,East,OFF-AR-10000588,Office Supplies,Art,Newell 345,59.52,3,0.0,15.4752,False
8498,CA-2014-169061,2014-03-05,2014-03-08,Second Class,AB-10150,Aimee Bixby,Consumer,United States,Yonkers,New York,10701,East,TEC-AC-10002001,Technology,Accessories,Logitech Wireless Gaming Headset G930,479.97,3,0.0,177.5889,True
8499,CA-2014-169061,2014-03-05,2014-03-08,Second Class,AB-10150,Aimee Bixby,Consumer,United States,Yonkers,New York,10701,East,OFF-SU-10000381,Office Supplies,Supplies,Acme Forged Steel Scissors with Black Enamel Handles,18.62,2,0.0,5.3998,False
8500,CA-2014-169061,2014-03-05,2014-03-08,Second Class,AB-10150,Aimee Bixby,Consumer,United States,Yonkers,New York,10701,East,OFF-BI-10001617,Office Supplies,Binders,GBC Wire Binding Combs,49.632,6,0.2,16.7508,False
8501,CA-2014-169061,2014-03-05,2014-03-08,Second Class,AB-10150,Aimee Bixby,Consumer,United States,Yonkers,New York,10701,East,OFF-PA-10001878,Office Supplies,Paper,Xerox 1891,97.82,2,0.0,45.9754,False
8502,CA-2015-102316,2015-03-01,2015-03-03,Second Class,DH-13075,Dave Hallsten,Corporate,United States,Los Angeles,California,90045,West,TEC-PH-10000376,Technology,Phones,Square Credit Card Reader,15.984,2,0.2,1.1988,False
8503,CA-2015-102316,2015-03-01,2015-03-03,Second Class,DH-13075,Dave Hallsten,Corporate,United States,Los Angeles,California,90045,West,FUR-CH-10003396,Furniture,Chairs,Global Deluxe Steno Chair,184.752,3,0.2,-20.7846,False
8505,CA-2016-109400,2016-05-02,2016-05-06,Standard Class,NR-18550,Nick Radford,Consumer,United States,Amarillo,Texas,79109,Central,FUR-CH-10003298,Furniture,Chairs,"Office Star - Contemporary Task Swivel chair with Loop Arms, Charcoal",366.744,4,0.3,-110.0232,False
8506,CA-2016-130400,2016-03-08,2016-03-12,Standard Class,SJ-20125,Sanjit Jacobs,Home Office,United States,Dallas,Texas,75217,Central,OFF-BI-10001757,Office Supplies,Binders,Pressboard Hanging Data Binders for Unburst Sheets,8.856,9,0.8,-14.1696,False
8507,CA-2016-130400,2016-03-08,2016-03-12,Standard Class,SJ-20125,Sanjit Jacobs,Home Office,United States,Dallas,Texas,75217,Central,TEC-AC-10004633,Technology,Accessories,"Verbatim 25 GB 6x Blu-ray Single Layer Recordable Disc, 3/Pack",27.96,5,0.2,8.388,False
8508,CA-2016-130400,2016-03-08,2016-03-12,Standard Class,SJ-20125,Sanjit Jacobs,Home Office,United States,Dallas,Texas,75217,Central,OFF-EN-10001453,Office Supplies,Envelopes,"Tyvek Interoffice Envelopes, 9 1/2"" x 12 1/2"", 100/Box",146.352,3,0.2,49.3938,False
8513,CA-2016-144645,2016-02-02,2016-02-08,Standard Class,NS-18640,Noel Staavos,Corporate,United States,Houston,Texas,77041,Central,FUR-FU-10003601,Furniture,Furnishings,"Deflect-o RollaMat Studded, Beveled Mat for Medium Pile Carpeting",73.784,2,0.6,-77.4732,False
8514,CA-2017-141614,2017-06-05,2017-06-09,Standard Class,NS-18640,Noel Staavos,Corporate,United States,Orlando,Florida,32839,South,OFF-PA-10002787,Office Supplies,Paper,Xerox 227,20.736,4,0.2,7.2576,False
8517,CA-2016-132899,2016-04-07,2016-04-11,Standard Class,SF-20200,Sarah Foster,Consumer,United States,New York City,New York,10009,East,OFF-AR-10002833,Office Supplies,Art,Newell 322,3.64,2,0.0,0.9828,False
8518,CA-2017-149720,2017-06-04,2017-06-07,Second Class,EM-14065,Erin Mull,Consumer,United States,Frisco,Texas,75034,Central,FUR-FU-10002501,Furniture,Furnishings,Nu-Dell Executive Frame,30.336,6,0.6,-17.4432,False
8519,CA-2017-118003,2017-12-04,2017-12-10,Standard Class,DO-13645,Doug O'Connell,Consumer,United States,Paterson,New Jersey,7501,East,FUR-FU-10002506,Furniture,Furnishings,"Tensor ""Hersey Kiss"" Styled Floor Lamp",12.99,1,0.0,1.5588,False
8520,CA-2017-118003,2017-12-04,2017-12-10,Standard Class,DO-13645,Doug O'Connell,Consumer,United States,Paterson,New Jersey,7501,East,FUR-CH-10003817,Furniture,Chairs,"Global Value Steno Chair, Gray",182.22,3,0.0,45.555,False
8521,CA-2017-118003,2017-12-04,2017-12-10,Standard Class,DO-13645,Doug O'Connell,Consumer,United States,Paterson,New Jersey,7501,East,FUR-CH-10004860,Furniture,Chairs,Global Low Back Tilter Chair,302.94,3,0.0,18.1764,False
8523,US-2016-160206,2016-04-01,2016-04-07,Standard Class,MY-18295,Muhammed Yedwab,Corporate,United States,Milwaukee,Wisconsin,53209,Central,TEC-PH-10000148,Technology,Phones,Cyber Acoustics AC-202b Speech Recognition Stereo Headset,12.99,1,0.0,0.2598,False
8537,CA-2015-157343,2015-06-07,2015-06-11,Standard Class,HD-14785,Harold Dahlen,Home Office,United States,Philadelphia,Pennsylvania,19143,East,OFF-BI-10003707,Office Supplies,Binders,Aluminum Screw Posts,18.312,4,0.7,-12.208,False
8538,CA-2015-157343,2015-06-07,2015-06-11,Standard Class,HD-14785,Harold Dahlen,Home Office,United States,Philadelphia,Pennsylvania,19143,East,OFF-PA-10000552,Office Supplies,Paper,Xerox 200,25.92,5,0.2,9.072,False
8539,CA-2015-157343,2015-06-07,2015-06-11,Standard Class,HD-14785,Harold Dahlen,Home Office,United States,Philadelphia,Pennsylvania,19143,East,OFF-AR-10003183,Office Supplies,Art,Avery Fluorescent Highlighter Four-Color Set,8.016,3,0.2,1.002,False
8544,CA-2014-137575,2014-08-06,2014-08-11,Standard Class,TB-21625,Trudy Brown,Consumer,United States,New York City,New York,10035,East,TEC-AC-10004571,Technology,Accessories,Logitech G700s Rechargeable Gaming Mouse,199.98,2,0.0,83.9916,False
8548,CA-2015-149566,2015-12-05,2015-12-10,Standard Class,GB-14530,George Bell,Corporate,United States,Los Angeles,California,90049,West,TEC-AC-10001266,Technology,Accessories,Memorex Micro Travel Drive 8 GB,39.0,3,0.0,17.55,False
8549,CA-2015-149566,2015-12-05,2015-12-10,Standard Class,GB-14530,George Bell,Corporate,United States,Los Angeles,California,90049,West,OFF-LA-10000452,Office Supplies,Labels,Avery 488,12.6,4,0.0,6.048,False
8550,CA-2015-126186,2015-09-11,2015-09-12,First Class,GB-14530,George Bell,Corporate,United States,Aurora,Colorado,80013,West,FUR-FU-10000073,Furniture,Furnishings,Deflect-O Glasstique Clear Desk Accessories,24.64,4,0.2,4.004,False
8555,CA-2016-102092,2016-12-09,2016-12-11,First Class,PM-18940,Paul MacIntyre,Consumer,United States,Springfield,Virginia,22153,South,FUR-TA-10002530,Furniture,Tables,"Iceberg OfficeWorks 42"" Round Tables",1056.86,7,0.0,158.529,True
8563,CA-2016-123540,2016-04-02,2016-04-06,Second Class,DJ-13420,Denny Joy,Corporate,United States,Milwaukee,Wisconsin,53209,Central,FUR-CH-10000847,Furniture,Chairs,Global Executive Mid-Back Manager's Chair,1454.9,5,0.0,378.274,True
8568,US-2016-136581,2016-11-10,2016-11-12,First Class,SV-20365,Seth Vernon,Consumer,United States,Troy,Ohio,45373,East,OFF-PA-10002787,Office Supplies,Paper,Xerox 227,31.104,6,0.2,10.8864,False
8569,CA-2016-162390,2016-12-06,2016-12-12,Standard Class,DP-13105,Dave Poirier,Corporate,United States,Hempstead,New York,11550,East,OFF-BI-10004318,Office Supplies,Binders,Ibico EB-19 Dual Function Manual Binding System,968.744,7,0.2,314.8418,True
8570,CA-2016-162390,2016-12-06,2016-12-12,Standard Class,DP-13105,Dave Poirier,Corporate,United States,Hempstead,New York,11550,East,OFF-BI-10001721,Office Supplies,Binders,Trimflex Flexible Post Binders,222.352,13,0.2,77.8232,False
8571,CA-2016-162390,2016-12-06,2016-12-12,Standard Class,DP-13105,Dave Poirier,Corporate,United States,Hempstead,New York,11550,East,TEC-CO-10004202,Technology,Copiers,Brother DCP1000 Digital 3 in 1 Multifunction Machine,479.984,2,0.2,89.997,True
8572,CA-2016-162222,2016-04-03,2016-04-03,Same Day,SR-20740,Steven Roelle,Home Office,United States,Dallas,Texas,75081,Central,OFF-PA-10003893,Office Supplies,Paper,Xerox 1962,10.272,3,0.2,3.21,False
8577,CA-2017-106747,2017-07-03,2017-07-04,First Class,TS-21505,Tony Sayre,Consumer,United States,Concord,New Hampshire,3301,East,FUR-FU-10004188,Furniture,Furnishings,Luxo Professional Combination Clamp-On Lamps,102.3,1,0.0,26.598,False
8585,CA-2014-104808,2014-02-04,2014-02-08,Second Class,MH-17440,Mark Haberlin,Corporate,United States,Escondido,California,92025,West,OFF-BI-10003676,Office Supplies,Binders,"GBC Standard Recycled Report Covers, Clear Plastic Sheets",17.248,2,0.2,6.0368,False
8596,CA-2014-111934,2014-05-05,2014-05-07,First Class,GD-14590,Giulietta Dortch,Corporate,United States,Arlington,Virginia,22204,South,OFF-BI-10004364,Office Supplies,Binders,Storex Dura Pro Binders,11.88,2,0.0,5.346,False
8597,CA-2014-111934,2014-05-05,2014-05-07,First Class,GD-14590,Giulietta Dortch,Corporate,United States,Arlington,Virginia,22204,South,OFF-PA-10000474,Office Supplies,Paper,Easy-staple paper,35.44,1,0.0,16.6568,False
8604,US-2016-116365,2016-01-03,2016-01-08,Standard Class,CA-12310,Christine Abelman,Corporate,United States,San Antonio,Texas,78207,Central,TEC-AC-10002217,Technology,Accessories,Imationï¿½Clip USBï¿½flash driveï¿½- 8 GB,30.08,2,0.2,-5.264,False
8605,US-2016-116365,2016-01-03,2016-01-08,Standard Class,CA-12310,Christine Abelman,Corporate,United States,San Antonio,Texas,78207,Central,TEC-AC-10002942,Technology,Accessories,WD My Passport Ultra 1TB Portable External Hard Drive,165.6,3,0.2,-6.21,False
8606,US-2016-116365,2016-01-03,2016-01-08,Standard Class,CA-12310,Christine Abelman,Corporate,United States,San Antonio,Texas,78207,Central,TEC-PH-10002890,Technology,Phones,AT&T 17929 Lendline Telephone,180.96,5,0.2,13.572,False
8608,CA-2014-151946,2014-06-04,2014-06-09,Standard Class,BT-11440,Bobby Trafton,Consumer,United States,New York City,New York,10035,East,FUR-FU-10002878,Furniture,Furnishings,"Seth Thomas 14"" Day/Date Wall Clock",56.96,2,0.0,21.0752,False
8609,CA-2014-151946,2014-06-04,2014-06-09,Standard Class,BT-11440,Bobby Trafton,Consumer,United States,New York City,New York,10035,East,OFF-AP-10001626,Office Supplies,Appliances,"Commercial WindTunnel Clean Air Upright Vacuum, Replacement Belts, Filtration Bags",15.56,4,0.0,4.0456,False
8610,CA-2014-151946,2014-06-04,2014-06-09,Standard Class,BT-11440,Bobby Trafton,Consumer,United States,New York City,New York,10035,East,FUR-BO-10003272,Furniture,Bookcases,O'Sullivan Living Dimensions 5-Shelf Bookcases,353.568,2,0.2,-44.196,False
8611,CA-2014-151946,2014-06-04,2014-06-09,Standard Class,BT-11440,Bobby Trafton,Consumer,United States,New York City,New York,10035,East,FUR-FU-10002191,Furniture,Furnishings,G.E. Halogen Desk Lamp Bulbs,13.96,2,0.0,6.7008,False
8619,CA-2017-117513,2017-03-03,2017-03-08,Standard Class,BT-11395,Bill Tyler,Corporate,United States,Los Angeles,California,90004,West,FUR-TA-10001520,Furniture,Tables,"Lesro Sheffield Collection Coffee Table, End Table, Center Table, Corner Table",399.672,7,0.2,-14.9877,False
8621,US-2017-119319,2017-11-06,2017-11-09,Second Class,LC-17050,Liz Carlisle,Consumer,United States,Dallas,Texas,75217,Central,FUR-FU-10003878,Furniture,Furnishings,"Linden 10"" Round Wall Clock, Black",30.56,5,0.6,-19.864,False
8626,CA-2015-156118,2015-12-08,2015-12-12,Standard Class,HG-14965,Henry Goldwyn,Corporate,United States,Colorado Springs,Colorado,80906,West,OFF-PA-10000533,Office Supplies,Paper,Southworth Parchment Paper & Envelopes,15.696,3,0.2,5.1012,False
8627,CA-2015-164084,2015-09-07,2015-09-12,Standard Class,AG-10525,Andy Gerbode,Corporate,United States,New York City,New York,10011,East,OFF-ST-10003638,Office Supplies,Storage,Mobile Personal File Cube,70.26,3,0.0,18.9702,False
8628,CA-2015-164084,2015-09-07,2015-09-12,Standard Class,AG-10525,Andy Gerbode,Corporate,United States,New York City,New York,10011,East,TEC-AC-10002305,Technology,Accessories,KeyTronicï¿½E03601U1 -ï¿½Keyboardï¿½- Beige,90.0,5,0.0,16.2,False
8629,CA-2015-164084,2015-09-07,2015-09-12,Standard Class,AG-10525,Andy Gerbode,Corporate,United States,New York City,New York,10011,East,OFF-BI-10000605,Office Supplies,Binders,"Acco Pressboard Covers with Storage Hooks, 9 1/2"" x 11"", Executive Red",6.096,2,0.2,2.0574,False
8630,CA-2015-164084,2015-09-07,2015-09-12,Standard Class,AG-10525,Andy Gerbode,Corporate,United States,New York City,New York,10011,East,FUR-TA-10003569,Furniture,Tables,Bretford CR8500 Series Meeting Room Furniture,481.176,2,0.4,-120.294,True
8631,CA-2015-164084,2015-09-07,2015-09-12,Standard Class,AG-10525,Andy Gerbode,Corporate,United States,New York City,New York,10011,East,OFF-FA-10003059,Office Supplies,Fasteners,Assorted Color Push Pins,7.24,4,0.0,2.3892,False
8642,CA-2017-147767,2017-12-02,2017-12-02,Same Day,SV-20935,Susan Vittorini,Consumer,United States,Peoria,Arizona,85345,West,OFF-BI-10001670,Office Supplies,Binders,Vinyl Sectional Post Binders,67.86,6,0.7,-45.24,False
8648,US-2015-131842,2015-12-05,2015-12-08,First Class,RR-19525,Rick Reed,Corporate,United States,Nashville,Tennessee,37211,South,FUR-CH-10004477,Furniture,Chairs,"Global Push Button Manager's Chair, Indigo",97.424,2,0.2,10.9602,False
8660,CA-2016-153185,2016-09-03,2016-09-08,Standard Class,MH-17620,Matt Hagelstein,Corporate,United States,Cincinnati,Ohio,45231,East,OFF-PA-10002246,Office Supplies,Paper,"Wirebound Four 2-3/4 x 5 Forms per Page, 400 Sets per Book",30.96,6,0.2,11.223,False
8679,CA-2016-112739,2016-09-02,2016-09-07,Second Class,RD-19810,Ross DeVincentis,Home Office,United States,Houston,Texas,77070,Central,OFF-BI-10001132,Office Supplies,Binders,"Acco PRESSTEX Data Binder with Storage Hooks, Dark Blue, 9 1/2"" X 11""",8.608,8,0.8,-13.3424,False
8680,CA-2016-112739,2016-09-02,2016-09-07,Second Class,RD-19810,Ross DeVincentis,Home Office,United States,Houston,Texas,77070,Central,TEC-AC-10001714,Technology,Accessories,Logitechï¿½MX Performance Wireless Mouse,159.56,5,0.2,33.9065,False
8681,CA-2016-143805,2016-12-01,2016-12-03,Second Class,JD-15895,Jonathan Doherty,Corporate,United States,Richmond,Virginia,23223,South,OFF-AP-10002945,Office Supplies,Appliances,Honeywell Enviracaire Portable HEPA Air Cleaner for 17' x 22' Room,2104.55,7,0.0,694.5015,True
8682,CA-2016-143805,2016-12-01,2016-12-03,Second Class,JD-15895,Jonathan Doherty,Corporate,United States,Richmond,Virginia,23223,South,OFF-SU-10004664,Office Supplies,Supplies,Acme Softgrip Scissors,40.7,5,0.0,11.803,False
8683,CA-2014-133634,2014-11-05,2014-11-10,Standard Class,SR-20740,Steven Roelle,Home Office,United States,Arlington,Virginia,22204,South,TEC-AC-10002550,Technology,Accessories,Maxell 4.7GB DVD-RW 3/Pack,47.79,3,0.0,16.2486,False
8704,CA-2015-133494,2015-03-01,2015-03-05,Standard Class,RP-19390,Resi Pï¿½lking,Consumer,United States,Philadelphia,Pennsylvania,19120,East,OFF-AP-10002906,Office Supplies,Appliances,Hoover Replacement Belt for Commercial Guardsman Heavy-Duty Upright Vacuum,3.552,2,0.2,0.444,False
8706,US-2014-132745,2014-10-01,2014-10-05,Standard Class,NF-18475,Neil Franzï¿½sisch,Home Office,United States,Reno,Nevada,89502,West,OFF-FA-10000254,Office Supplies,Fasteners,Sterling Rubber Bands by Alliance,4.71,1,0.0,0.0,False
8712,CA-2014-105648,2014-03-03,2014-03-07,Standard Class,EJ-14155,Eva Jacobs,Consumer,United States,San Diego,California,92037,West,FUR-TA-10002958,Furniture,Tables,"Bevis Oval Conference Table, Walnut",626.352,3,0.2,-23.4882,True
8713,US-2015-145422,2015-12-03,2015-12-07,Standard Class,PW-19240,Pierre Wener,Consumer,United States,San Francisco,California,94110,West,FUR-BO-10002213,Furniture,Bookcases,"Sauder Forest Hills Library, Woodland Oak Finish",359.499,3,0.15,-29.6058,False
8736,US-2014-169390,2014-02-07,2014-02-10,Second Class,CS-12250,Chris Selesnick,Corporate,United States,New York City,New York,10024,East,OFF-ST-10001558,Office Supplies,Storage,Acco Perma 4000 Stacking Storage Drawers,64.96,4,0.0,9.744,False
8737,CA-2016-168774,2016-09-04,2016-09-09,Standard Class,RP-19855,Roy Phan,Corporate,United States,Woodbury,Minnesota,55125,Central,OFF-ST-10001490,Office Supplies,Storage,"Hot File 7-Pocket, Floor Stand",535.41,3,0.0,160.623,True
8738,CA-2017-161592,2017-04-06,2017-04-10,Standard Class,CS-12175,Charles Sheldon,Corporate,United States,Chattanooga,Tennessee,37421,South,OFF-BI-10003669,Office Supplies,Binders,3M Organizer Strips,8.1,5,0.7,-5.94,False
8739,US-2017-131961,2017-12-08,2017-12-11,First Class,MJ-17740,Max Jones,Consumer,United States,Philadelphia,Pennsylvania,19140,East,OFF-AR-10004441,Office Supplies,Art,BIC Brite Liner Highlighters,13.248,4,0.2,3.6432,False
8740,US-2017-131961,2017-12-08,2017-12-11,First Class,MJ-17740,Max Jones,Consumer,United States,Philadelphia,Pennsylvania,19140,East,TEC-PH-10001924,Technology,Phones,iHome FM Clock Radio with Lightning Dock,83.988,2,0.4,-20.997,False
8742,CA-2015-113222,2015-11-09,2015-11-09,Same Day,AG-10765,Anthony Garverick,Home Office,United States,Lawrence,Indiana,46226,Central,OFF-BI-10001890,Office Supplies,Binders,Avery Poly Binder Pockets,10.74,3,0.0,5.1552,False
8743,US-2015-144771,2015-10-02,2015-10-04,First Class,CK-12205,Chloris Kastensmidt,Consumer,United States,Hillsboro,Oregon,97123,West,FUR-FU-10000629,Furniture,Furnishings,9-3/4 Diameter Round Wall Clock,11.032,1,0.2,3.0338,False
8744,US-2015-144771,2015-10-02,2015-10-04,First Class,CK-12205,Chloris Kastensmidt,Consumer,United States,Hillsboro,Oregon,97123,West,TEC-AC-10002323,Technology,Accessories,SanDisk Ultra 32 GB MicroSDHC Class 10 Memory Card,53.04,3,0.2,-4.641,False
8747,CA-2017-128076,2017-02-02,2017-02-07,Standard Class,BO-11350,Bill Overfelt,Corporate,United States,San Diego,California,92105,West,FUR-FU-10000293,Furniture,Furnishings,Eldon Antistatic Chair Mats for Low to Medium Pile Carpets,210.58,2,0.0,12.6348,False
8748,CA-2017-128076,2017-02-02,2017-02-07,Standard Class,BO-11350,Bill Overfelt,Corporate,United States,San Diego,California,92105,West,OFF-BI-10003638,Office Supplies,Binders,GBC Durable Plastic Covers,30.96,2,0.2,10.062,False
8749,CA-2017-128076,2017-02-02,2017-02-07,Standard Class,BO-11350,Bill Overfelt,Corporate,United States,San Diego,California,92105,West,TEC-MA-10002109,Technology,Machines,"HP Officejet Pro 8600 e-All-In-One Printer, Copier, Scanner, Fax",239.984,2,0.2,38.9974,False
8752,CA-2016-105662,2016-05-05,2016-05-09,Standard Class,RB-19465,Rick Bensley,Home Office,United States,Tallahassee,Florida,32303,South,OFF-PA-10001001,Office Supplies,Paper,"Snap-A-Way Black Print Carbonless Speed Message, No Reply Area, Duplicate",93.248,4,0.2,31.4712,False
8753,CA-2016-105662,2016-05-05,2016-05-09,Standard Class,RB-19465,Rick Bensley,Home Office,United States,Tallahassee,Florida,32303,South,TEC-PH-10001198,Technology,Phones,Avaya 4621SW VoIP phone,177.48,3,0.2,19.9665,False
8754,CA-2017-152198,2017-09-09,2017-09-10,First Class,JD-16015,Joy Daniels,Consumer,United States,Toledo,Ohio,43615,East,OFF-LA-10000443,Office Supplies,Labels,Avery 501,17.712,6,0.2,5.9778,False
8755,CA-2017-152198,2017-09-09,2017-09-10,First Class,JD-16015,Joy Daniels,Consumer,United States,Toledo,Ohio,43615,East,OFF-BI-10003669,Office Supplies,Binders,3M Organizer Strips,4.86,3,0.7,-3.564,False
8756,CA-2017-152198,2017-09-09,2017-09-10,First Class,JD-16015,Joy Daniels,Consumer,United States,Toledo,Ohio,43615,East,OFF-BI-10001628,Office Supplies,Binders,"Acco Data Flex Cable Posts For Top & Bottom Load Binders, 6"" Capacity",6.258,2,0.7,-5.215,False
8769,CA-2015-151722,2015-10-05,2015-10-09,Standard Class,IL-15100,Ivan Liston,Consumer,United States,Columbus,Ohio,43229,East,TEC-AC-10000892,Technology,Accessories,NETGEAR N750 Dual Band Wi-Fi Gigabit Router,288.0,4,0.2,57.6,False
8776,CA-2016-163636,2016-12-05,2016-12-09,Second Class,MP-18175,Mike Pelletier,Home Office,United States,Chicago,Illinois,60623,Central,OFF-AR-10001547,Office Supplies,Art,Newell 311,3.536,2,0.2,0.3094,False
8777,CA-2016-102813,2016-07-02,2016-07-03,First Class,EA-14035,Erin Ashbrook,Corporate,United States,Huntsville,Texas,77340,Central,FUR-CH-10000665,Furniture,Chairs,"Global Airflow Leather Mesh Back Chair, Black",528.43,5,0.3,0.0,True
8778,CA-2016-102813,2016-07-02,2016-07-03,First Class,EA-14035,Erin Ashbrook,Corporate,United States,Huntsville,Texas,77340,Central,OFF-PA-10000520,Office Supplies,Paper,Xerox 201,41.472,8,0.2,14.5152,False
8781,CA-2015-133585,2015-03-01,2015-03-04,First Class,CM-12715,Craig Molinari,Corporate,United States,Houston,Texas,77070,Central,OFF-AR-10003696,Office Supplies,Art,Panasonic KP-350BK Electric Pencil Sharpener with Auto Stop,55.328,2,0.2,6.2244,False
8782,CA-2015-133585,2015-03-01,2015-03-04,First Class,CM-12715,Craig Molinari,Corporate,United States,Houston,Texas,77070,Central,FUR-BO-10001811,Furniture,Bookcases,"Atlantic Metals Mobile 5-Shelf Bookcases, Custom Colors",1227.9984,6,0.32,-36.1176,True
8791,CA-2015-169572,2015-09-06,2015-09-12,Standard Class,AG-10525,Andy Gerbode,Corporate,United States,Richmond,Virginia,23223,South,OFF-BI-10002799,Office Supplies,Binders,"SlimView Poly Binder, 3/8""",46.62,9,0.0,21.4452,False
8799,US-2016-150140,2016-04-06,2016-04-10,Standard Class,VM-21685,Valerie Mitchum,Home Office,United States,Burlington,Vermont,5408,East,TEC-PH-10002555,Technology,Phones,Nortel Meridian M5316 Digital phone,1294.75,5,0.0,336.635,True
8800,CA-2014-116666,2014-05-08,2014-05-10,First Class,KT-16480,Kean Thornton,Consumer,United States,Philadelphia,Pennsylvania,19134,East,TEC-CO-10001449,Technology,Copiers,Hewlett Packard LaserJet 3310 Copier,1799.97,5,0.4,239.996,True
8802,CA-2016-140935,2016-11-10,2016-11-12,First Class,AB-10015,Aaron Bergman,Consumer,United States,Oklahoma City,Oklahoma,73120,Central,TEC-PH-10000562,Technology,Phones,Samsung Convoy 3,221.98,2,0.0,62.1544,False
8803,CA-2016-140935,2016-11-10,2016-11-12,First Class,AB-10015,Aaron Bergman,Consumer,United States,Oklahoma City,Oklahoma,73120,Central,FUR-BO-10003966,Furniture,Bookcases,"Sauder Facets Collection Library, Sky Alder Finish",341.96,2,0.0,54.7136,False
8821,CA-2017-100622,2017-11-03,2017-11-07,Standard Class,DK-13090,Dave Kipp,Consumer,United States,Orlando,Florida,32839,South,TEC-CO-10003236,Technology,Copiers,Canon Image Class D660 Copier,959.984,2,0.2,311.9948,True
8822,CA-2017-100622,2017-11-03,2017-11-07,Standard Class,DK-13090,Dave Kipp,Consumer,United States,Orlando,Florida,32839,South,OFF-BI-10002982,Office Supplies,Binders,Avery Self-Adhesive Photo Pockets for Polaroid Photos,4.086,2,0.7,-2.9964,False
8823,CA-2017-100622,2017-11-03,2017-11-07,Standard Class,DK-13090,Dave Kipp,Consumer,United States,Orlando,Florida,32839,South,OFF-AR-10004010,Office Supplies,Art,Hunt Boston Vacuum Mount KS Pencil Sharpener,55.984,2,0.2,4.1988,False
8824,CA-2017-100622,2017-11-03,2017-11-07,Standard Class,DK-13090,Dave Kipp,Consumer,United States,Orlando,Florida,32839,South,OFF-PA-10002947,Office Supplies,Paper,Xerox 1923,10.688,2,0.2,3.7408,False
8827,US-2014-157847,2014-04-02,2014-04-06,Second Class,SC-20020,Sam Craven,Consumer,United States,Houston,Texas,77095,Central,OFF-PA-10002986,Office Supplies,Paper,Xerox 1898,26.72,5,0.2,9.352,False
8828,US-2014-157847,2014-04-02,2014-04-06,Second Class,SC-20020,Sam Craven,Consumer,United States,Houston,Texas,77095,Central,OFF-PA-10001593,Office Supplies,Paper,Xerox 1947,33.488,7,0.2,10.465,False
8829,CA-2015-115168,2015-06-05,2015-06-09,Standard Class,BB-11545,Brenda Bowman,Corporate,United States,Saint Charles,Missouri,63301,Central,OFF-PA-10000528,Office Supplies,Paper,Xerox 1981,10.56,2,0.0,4.752,False
8830,CA-2014-109680,2014-10-06,2014-10-09,First Class,VP-21760,Victoria Pisteka,Corporate,United States,Indianapolis,Indiana,46203,Central,OFF-ST-10001932,Office Supplies,Storage,Fellowes Staxonsteel Drawer Files,386.34,2,0.0,54.0876,False
8839,CA-2014-153808,2014-04-06,2014-04-10,Second Class,FH-14275,Frank Hawley,Corporate,United States,Los Angeles,California,90004,West,OFF-AR-10001725,Office Supplies,Art,Boston Home & Office Model 2000 Electric Pencil Sharpeners,70.95,3,0.0,18.447,False
8840,CA-2014-153808,2014-04-06,2014-04-10,Second Class,FH-14275,Frank Hawley,Corporate,United States,Los Angeles,California,90004,West,OFF-BI-10002794,Office Supplies,Binders,"Avery Trapezoid Ring Binder, 3"" Capacity, Black, 1040 sheets",65.568,2,0.2,23.7684,False
8841,CA-2014-153808,2014-04-06,2014-04-10,Second Class,FH-14275,Frank Hawley,Corporate,United States,Los Angeles,California,90004,West,TEC-AC-10004171,Technology,Accessories,Razer Kraken 7.1 Surround Sound Over Ear USB Gaming Headset,299.97,3,0.0,131.9868,False
8849,CA-2015-140718,2015-07-02,2015-07-04,First Class,FA-14230,Frank Atkinson,Corporate,United States,Raleigh,North Carolina,27604,South,TEC-PH-10003505,Technology,Phones,Geemarc AmpliPOWER60,74.24,1,0.2,8.352,False
8850,CA-2015-140718,2015-07-02,2015-07-04,First Class,FA-14230,Frank Atkinson,Corporate,United States,Raleigh,North Carolina,27604,South,FUR-FU-10000076,Furniture,Furnishings,24-Hour Round Wall Clock,159.84,10,0.2,45.954,False
8851,CA-2015-140718,2015-07-02,2015-07-04,First Class,FA-14230,Frank Atkinson,Corporate,United States,Raleigh,North Carolina,27604,South,OFF-BI-10004728,Office Supplies,Binders,Wilson Jones Turn Tabs Binder Tool for Ring Binders,2.892,2,0.7,-2.3136,False
8852,CA-2015-140718,2015-07-02,2015-07-04,First Class,FA-14230,Frank Atkinson,Corporate,United States,Raleigh,North Carolina,27604,South,OFF-PA-10002250,Office Supplies,Paper,Things To Do Today Pad,9.392,2,0.2,3.2872,False
8869,CA-2016-158260,2016-11-04,2016-11-08,Standard Class,CC-12475,Cindy Chapman,Consumer,United States,San Diego,California,92037,West,TEC-MA-10003176,Technology,Machines,Okidata B400 Printer,686.4,2,0.2,77.22,True
8870,CA-2017-101805,2017-12-01,2017-12-06,Standard Class,SH-19975,Sally Hughsby,Corporate,United States,Seattle,Washington,98105,West,OFF-BI-10002003,Office Supplies,Binders,Ibico Presentation Index for Binding Systems,15.92,5,0.2,5.373,False
8871,CA-2017-101805,2017-12-01,2017-12-06,Standard Class,SH-19975,Sally Hughsby,Corporate,United States,Seattle,Washington,98105,West,FUR-FU-10000023,Furniture,Furnishings,Eldon Wave Desk Accessories,70.68,12,0.0,31.0992,False
8872,CA-2017-101805,2017-12-01,2017-12-06,Standard Class,SH-19975,Sally Hughsby,Corporate,United States,Seattle,Washington,98105,West,OFF-ST-10002756,Office Supplies,Storage,"Tennsco Stur-D-Stor Boltless Shelving, 5 Shelves, 24"" Deep, Sand",541.24,4,0.0,5.4124,True
8873,US-2014-105137,2014-10-10,2014-10-10,Same Day,RB-19435,Richard Bierner,Consumer,United States,Columbus,Ohio,43229,East,TEC-MA-10002694,Technology,Machines,Hewlett-Packard Deskjet F4180 All-in-One Color Ink-jet - Printer / copier / scanner,101.994,2,0.7,-71.3958,False
8874,US-2014-105137,2014-10-10,2014-10-10,Same Day,RB-19435,Richard Bierner,Consumer,United States,Columbus,Ohio,43229,East,OFF-BI-10002429,Office Supplies,Binders,"Premier Elliptical Ring Binder, Black",18.264,2,0.7,-13.3936,False
8889,CA-2017-103968,2017-12-01,2017-12-07,Standard Class,ML-17755,Max Ludwig,Home Office,United States,Stockton,California,95207,West,FUR-FU-10003394,Furniture,Furnishings,"Tenex ""The Solids"" Textured Chair Mats",629.64,9,0.0,107.0388,True
8893,CA-2015-111038,2015-12-01,2015-12-06,Standard Class,LC-16960,Lindsay Castell,Home Office,United States,San Diego,California,92037,West,FUR-CH-10003973,Furniture,Chairs,GuestStacker Chair with Chrome Finish Legs,2676.672,9,0.2,267.6672,True
8894,CA-2014-124723,2014-08-05,2014-08-12,Standard Class,GZ-14470,Gary Zandusky,Consumer,United States,Texas City,Texas,77590,Central,FUR-TA-10001307,Furniture,Tables,"SAFCO PlanMaster Heigh-Adjustable Drafting Table Base, 43w x 30d x 30-37h, Black",489.23,2,0.3,41.934,True
8899,CA-2015-163237,2015-08-07,2015-08-09,Second Class,EM-14095,Eudokia Martin,Corporate,United States,Springfield,Virginia,22153,South,TEC-PH-10003601,Technology,Phones,"Ativa D5772 2-Line 5.8GHz Digital Expandable Corded/Cordless Phone System with Answering & Caller ID/Call Waiting, Black/Silver",494.97,3,0.0,148.491,True
8900,CA-2015-163237,2015-08-07,2015-08-09,Second Class,EM-14095,Eudokia Martin,Corporate,United States,Springfield,Virginia,22153,South,OFF-LA-10004545,Office Supplies,Labels,Avery 50,25.06,2,0.0,11.7782,False
8905,US-2016-126431,2016-07-01,2016-07-01,Same Day,SU-20665,Stephanie Ulpright,Home Office,United States,New York City,New York,10009,East,OFF-LA-10001474,Office Supplies,Labels,Avery 477,30.53,1,0.0,14.0438,False
8906,US-2016-126431,2016-07-01,2016-07-01,Same Day,SU-20665,Stephanie Ulpright,Home Office,United States,New York City,New York,10009,East,TEC-AC-10001635,Technology,Accessories,KeyTronicï¿½KT400U2 -ï¿½Keyboardï¿½- Black,30.84,3,0.0,6.168,False
8907,US-2016-126431,2016-07-01,2016-07-01,Same Day,SU-20665,Stephanie Ulpright,Home Office,United States,New York City,New York,10009,East,OFF-PA-10001950,Office Supplies,Paper,Southworth 25% Cotton Antique Laid Paper & Envelopes,75.06,9,0.0,33.777,False
8911,CA-2017-102610,2017-11-04,2017-11-08,Standard Class,CA-12265,Christina Anderson,Consumer,United States,Chattanooga,Tennessee,37421,South,TEC-AC-10000303,Technology,Accessories,Logitech M510 Wireless Mouse,95.976,3,0.2,15.5961,False
8912,CA-2017-102610,2017-11-04,2017-11-08,Standard Class,CA-12265,Christina Anderson,Consumer,United States,Chattanooga,Tennessee,37421,South,TEC-PH-10000127,Technology,Phones,iOttie XL Car Mount,143.928,9,0.2,-32.3838,False
8913,CA-2017-102610,2017-11-04,2017-11-08,Standard Class,CA-12265,Christina Anderson,Consumer,United States,Chattanooga,Tennessee,37421,South,OFF-BI-10004364,Office Supplies,Binders,Storex Dura Pro Binders,3.564,2,0.7,-2.97,False
8914,CA-2017-102610,2017-11-04,2017-11-08,Standard Class,CA-12265,Christina Anderson,Consumer,United States,Chattanooga,Tennessee,37421,South,OFF-LA-10002195,Office Supplies,Labels,Avery 481,4.928,2,0.2,1.7248,False
8920,CA-2014-160276,2014-04-02,2014-04-08,Standard Class,AH-10690,Anna Hï¿½berlin,Corporate,United States,Virginia Beach,Virginia,23464,South,FUR-FU-10003192,Furniture,Furnishings,Luxo Adjustable Task Clamp Lamp,177.68,2,0.0,46.1968,False
8922,CA-2016-145709,2016-10-04,2016-10-08,Standard Class,AH-10690,Anna Hï¿½berlin,Corporate,United States,Coral Gables,Florida,33134,South,TEC-PH-10003095,Technology,Phones,Samsung HM1900 Bluetooth Headset,52.68,3,0.2,19.755,False
8923,CA-2016-145709,2016-10-04,2016-10-08,Standard Class,AH-10690,Anna Hï¿½berlin,Corporate,United States,Coral Gables,Florida,33134,South,FUR-FU-10002885,Furniture,Furnishings,Magna Visual Magnetic Picture Hangers,11.568,3,0.2,2.6028,False
8942,CA-2016-159023,2016-11-03,2016-11-05,First Class,NW-18400,Natalie Webber,Consumer,United States,Portland,Oregon,97206,West,OFF-BI-10002813,Office Supplies,Binders,Avery Reinforcements for Hole-Punch Pages,4.158,7,0.7,-3.465,False
8943,CA-2016-159023,2016-11-03,2016-11-05,First Class,NW-18400,Natalie Webber,Consumer,United States,Portland,Oregon,97206,West,TEC-MA-10003337,Technology,Machines,Okidata B401 Printer,179.991,3,0.7,-251.9874,False
8945,CA-2014-154592,2014-12-07,2014-12-08,First Class,EH-14005,Erica Hernandez,Home Office,United States,San Francisco,California,94109,West,OFF-PA-10000062,Office Supplies,Paper,Green Bar Computer Printout Paper,164.88,3,0.0,80.7912,False
8955,CA-2014-156790,2014-08-08,2014-08-10,Second Class,VG-21790,Vivek Gonzalez,Consumer,United States,Jacksonville,Florida,32216,South,FUR-BO-10000468,Furniture,Bookcases,O'Sullivan 2-Shelf Heavy-Duty Bookcases,155.456,4,0.2,-7.7728,False
8963,CA-2016-157280,2016-11-05,2016-11-07,First Class,LW-17125,Liz Willingham,Consumer,United States,Virginia Beach,Virginia,23464,South,FUR-FU-10004665,Furniture,Furnishings,"3M Polarizing Task Lamp with Clamp Arm, Light Gray",273.96,2,0.0,71.2296,False
8964,CA-2016-157280,2016-11-05,2016-11-07,First Class,LW-17125,Liz Willingham,Consumer,United States,Virginia Beach,Virginia,23464,South,TEC-AC-10000057,Technology,Accessories,Microsoft Natural Ergonomic Keyboard 4000,89.97,3,0.0,18.8937,False
8965,CA-2016-157280,2016-11-05,2016-11-07,First Class,LW-17125,Liz Willingham,Consumer,United States,Virginia Beach,Virginia,23464,South,FUR-FU-10003806,Furniture,Furnishings,"Tenex Chairmat w/ Average Lip, 45"" x 53""",756.8,5,0.0,75.68,True
8966,CA-2017-106691,2017-11-06,2017-11-12,Standard Class,CC-12370,Christopher Conant,Consumer,United States,Houston,Texas,77070,Central,OFF-BI-10000145,Office Supplies,Binders,Zipper Ring Binder Pockets,1.248,2,0.8,-1.9344,False
8967,CA-2016-134180,2016-11-03,2016-11-07,Standard Class,JP-16135,Julie Prescott,Home Office,United States,Philadelphia,Pennsylvania,19120,East,TEC-AC-10000892,Technology,Accessories,NETGEAR N750 Dual Band Wi-Fi Gigabit Router,72.0,1,0.2,14.4,False
8968,CA-2016-134180,2016-11-03,2016-11-07,Standard Class,JP-16135,Julie Prescott,Home Office,United States,Philadelphia,Pennsylvania,19120,East,FUR-CH-10004886,Furniture,Chairs,Bevis Steel Folding Chairs,470.155,7,0.3,-13.433,False
8970,CA-2017-157469,2017-12-02,2017-12-07,Standard Class,ES-14080,Erin Smith,Corporate,United States,Lakewood,Ohio,44107,East,OFF-AR-10001662,Office Supplies,Art,Rogers Handheld Barrel Pencil Sharpener,19.728,9,0.2,1.7262,False
8971,CA-2017-157469,2017-12-02,2017-12-07,Standard Class,ES-14080,Erin Smith,Corporate,United States,Lakewood,Ohio,44107,East,TEC-PH-10004531,Technology,Phones,AT&T CL2909,151.188,2,0.4,-25.198,False
8979,CA-2014-119529,2014-11-03,2014-11-05,Second Class,DM-13345,Denise Monton,Corporate,United States,Orange,New Jersey,7050,East,OFF-BI-10000546,Office Supplies,Binders,Avery Durable Binders,5.76,2,0.0,2.8224,False
8981,CA-2014-108182,2014-02-06,2014-02-10,Second Class,DL-13315,Delfina Latchford,Consumer,United States,Romeoville,Illinois,60441,Central,OFF-BI-10001196,Office Supplies,Binders,"Avery Flip-Chart Easel Binder, Black",8.952,2,0.8,-14.7708,False
8982,CA-2016-110898,2016-03-06,2016-03-12,Standard Class,LC-16870,Lena Cacioppo,Consumer,United States,Chicago,Illinois,60623,Central,OFF-AP-10001626,Office Supplies,Appliances,"Commercial WindTunnel Clean Air Upright Vacuum, Replacement Belts, Filtration Bags",2.334,3,0.8,-6.3018,False
8983,CA-2016-110898,2016-03-06,2016-03-12,Standard Class,LC-16870,Lena Cacioppo,Consumer,United States,Chicago,Illinois,60623,Central,OFF-BI-10004656,Office Supplies,Binders,Peel & Stick Add-On Corner Pockets,1.728,4,0.8,-2.7648,False
8984,CA-2016-110898,2016-03-06,2016-03-12,Standard Class,LC-16870,Lena Cacioppo,Consumer,United States,Chicago,Illinois,60623,Central,FUR-FU-10003773,Furniture,Furnishings,Eldon Cleatmat Plus Chair Mats for High Pile Carpets,159.04,5,0.6,-194.824,False
8985,CA-2016-110898,2016-03-06,2016-03-12,Standard Class,LC-16870,Lena Cacioppo,Consumer,United States,Chicago,Illinois,60623,Central,FUR-TA-10000849,Furniture,Tables,Bevis Rectangular Conference Tables,145.98,2,0.5,-99.2664,False
8986,CA-2015-123092,2015-12-03,2015-12-07,Standard Class,JG-15115,Jack Garza,Consumer,United States,Jacksonville,North Carolina,28540,South,FUR-FU-10000222,Furniture,Furnishings,"Seth Thomas 16"" Steel Case Clock",77.952,3,0.2,12.6672,False
8987,CA-2015-123092,2015-12-03,2015-12-07,Standard Class,JG-15115,Jack Garza,Consumer,United States,Jacksonville,North Carolina,28540,South,OFF-BI-10001718,Office Supplies,Binders,GBC DocuBind P50 Personal Binding Machine,95.97,5,0.7,-73.577,False
8988,CA-2015-123092,2015-12-03,2015-12-07,Standard Class,JG-15115,Jack Garza,Consumer,United States,Jacksonville,North Carolina,28540,South,TEC-PH-10001700,Technology,Phones,Panasonic KX-TG6844B Expandable Digital Cordless Telephone,105.584,2,0.2,9.2386,False
8989,CA-2015-123092,2015-12-03,2015-12-07,Standard Class,JG-15115,Jack Garza,Consumer,United States,Jacksonville,North Carolina,28540,South,OFF-AR-10004078,Office Supplies,Art,Newell 312,9.344,2,0.2,1.168,False
8992,US-2017-139577,2017-10-01,2017-10-06,Standard Class,TN-21040,Tanja Norvell,Home Office,United States,San Francisco,California,94110,West,TEC-AC-10004708,Technology,Accessories,Sony 32GB Class 10 Micro SDHC R40 Memory Card,104.75,5,0.0,21.9975,False
9002,CA-2014-103807,2014-12-02,2014-12-09,Standard Class,EM-13825,Elizabeth Moffitt,Corporate,United States,Sandy Springs,Georgia,30328,South,TEC-AC-10000199,Technology,Accessories,Kingston Digital DataTraveler 8GB USB 2.0,5.95,1,0.0,0.833,False
9003,CA-2014-103807,2014-12-02,2014-12-09,Standard Class,EM-13825,Elizabeth Moffitt,Corporate,United States,Sandy Springs,Georgia,30328,South,OFF-PA-10002195,Office Supplies,Paper,"RSVP Cards & Envelopes, Blank White, 8-1/2"" X 11"", 24 Cards/25 Envelopes/Set",15.24,3,0.0,7.1628,False
9004,CA-2015-102855,2015-04-05,2015-04-06,Same Day,JF-15415,Jennifer Ferguson,Consumer,United States,Spokane,Washington,99207,West,TEC-AC-10001767,Technology,Accessories,SanDisk Ultra 64 GB MicroSDHC Class 10 Memory Card,239.94,6,0.0,26.3934,False
9005,CA-2015-102855,2015-04-05,2015-04-06,Same Day,JF-15415,Jennifer Ferguson,Consumer,United States,Spokane,Washington,99207,West,OFF-AR-10002467,Office Supplies,Art,Dixon Ticonderoga Pencils,23.84,8,0.0,6.4368,False
9031,CA-2017-128041,2017-09-01,2017-09-01,Same Day,RW-19540,Rick Wilson,Corporate,United States,Seattle,Washington,98103,West,OFF-AP-10001005,Office Supplies,Appliances,Honeywell Quietcare HEPA Air Cleaner,314.6,4,0.0,103.818,False
9032,CA-2017-128041,2017-09-01,2017-09-01,Same Day,RW-19540,Rick Wilson,Corporate,United States,Seattle,Washington,98103,West,FUR-TA-10002607,Furniture,Tables,KI Conference Tables,283.56,4,0.0,45.3696,False
9034,CA-2014-152268,2014-09-02,2014-09-07,Standard Class,SC-20095,Sanjit Chand,Consumer,United States,Fayetteville,Arkansas,72701,South,OFF-BI-10001359,Office Supplies,Binders,GBC DocuBind TL300 Electric Binding System,1793.98,2,0.0,843.1706,True
9035,CA-2015-148873,2015-10-01,2015-10-05,Standard Class,EM-13960,Eric Murdock,Consumer,United States,Quincy,Illinois,62301,Central,OFF-BI-10003196,Office Supplies,Binders,Accohide Poly Flexible Ring Binders,2.992,4,0.8,-4.488,False
9036,CA-2015-148873,2015-10-01,2015-10-05,Standard Class,EM-13960,Eric Murdock,Consumer,United States,Quincy,Illinois,62301,Central,TEC-AC-10003657,Technology,Accessories,Lenovo 17-Key USB Numeric Keypad,108.768,4,0.2,2.7192,False
9037,CA-2015-166492,2015-04-07,2015-04-10,First Class,RP-19390,Resi Pï¿½lking,Consumer,United States,New York City,New York,10035,East,OFF-PA-10002262,Office Supplies,Paper,Xerox 192,25.92,4,0.0,12.4416,False
9038,CA-2015-166492,2015-04-07,2015-04-10,First Class,RP-19390,Resi Pï¿½lking,Consumer,United States,New York City,New York,10035,East,OFF-ST-10002214,Office Supplies,Storage,X-Rack File for Hanging Folders,22.58,2,0.0,5.8708,False
9057,CA-2015-160227,2015-11-02,2015-11-04,First Class,ED-13885,Emily Ducich,Home Office,United States,New York City,New York,10011,East,FUR-CH-10002073,Furniture,Chairs,Hon Olson Stacker Chairs,2621.322,11,0.1,553.3902,True
9068,CA-2016-150077,2016-02-04,2016-02-10,Standard Class,MS-17365,Maribeth Schnelling,Consumer,United States,Rockville,Maryland,20852,East,TEC-PH-10002890,Technology,Phones,AT&T 17929 Lendline Telephone,90.48,2,0.0,23.5248,False
9069,CA-2016-106278,2016-09-02,2016-09-05,Second Class,BM-11140,Becky Martin,Consumer,United States,Des Moines,Washington,98198,West,FUR-CH-10003061,Furniture,Chairs,"Global Leather Task Chair, Black",215.976,3,0.2,-2.6997,False
9070,CA-2016-106278,2016-09-02,2016-09-05,Second Class,BM-11140,Becky Martin,Consumer,United States,Des Moines,Washington,98198,West,OFF-EN-10003567,Office Supplies,Envelopes,"Inter-Office Recycled Envelopes, Brown Kraft, Button-String,10"" x 13"" , 100/Box",65.94,3,0.0,30.9918,False
9071,CA-2017-147550,2017-12-04,2017-12-05,First Class,KE-16420,Katrina Edelman,Corporate,United States,Philadelphia,Pennsylvania,19134,East,FUR-FU-10001918,Furniture,Furnishings,C-Line Cubicle Keepers Polyproplyene Holder With Velcro Backings,11.352,3,0.2,2.6961,False
9073,CA-2016-142524,2016-09-04,2016-09-08,Standard Class,MB-18085,Mick Brown,Consumer,United States,Springfield,Missouri,65807,Central,OFF-EN-10003286,Office Supplies,Envelopes,Staple envelope,16.56,2,0.0,7.7832,False
9074,CA-2016-142524,2016-09-04,2016-09-08,Standard Class,MB-18085,Mick Brown,Consumer,United States,Springfield,Missouri,65807,Central,TEC-AC-10000109,Technology,Accessories,Sony Micro Vault Click 16 GB USB 2.0 Flash Drive,279.95,5,0.0,67.188,False
9076,US-2015-136259,2015-11-05,2015-11-08,First Class,CB-12415,Christy Brittain,Consumer,United States,Lakewood,Ohio,44107,East,OFF-BI-10000773,Office Supplies,Binders,Insertable Tab Post Binder Dividers,7.218,3,0.7,-5.5338,False
9077,US-2015-136259,2015-11-05,2015-11-08,First Class,CB-12415,Christy Brittain,Consumer,United States,Lakewood,Ohio,44107,East,OFF-SU-10004661,Office Supplies,Supplies,Acme Titanium Bonded Scissors,27.2,4,0.2,2.04,False
9078,US-2014-124625,2014-11-03,2014-11-07,Standard Class,SP-20650,Stephanie Phelps,Corporate,United States,Omaha,Nebraska,68104,Central,TEC-AC-10003280,Technology,Accessories,Belkin F8E887 USB Wired Ergonomic Keyboard,89.97,3,0.0,18.8937,False
9083,CA-2017-169005,2017-11-02,2017-11-06,Standard Class,BG-11035,Barry Gonzalez,Consumer,United States,Springfield,Virginia,22153,South,OFF-AR-10000246,Office Supplies,Art,Newell 318,5.56,2,0.0,1.4456,False
9084,CA-2015-104038,2015-02-06,2015-02-08,First Class,LO-17170,Lori Olson,Corporate,United States,Suffolk,Virginia,23434,South,OFF-ST-10002554,Office Supplies,Storage,Tennsco Industrial Shelving,146.73,3,0.0,2.9346,False
9085,CA-2015-104038,2015-02-06,2015-02-08,First Class,LO-17170,Lori Olson,Corporate,United States,Suffolk,Virginia,23434,South,OFF-PA-10002751,Office Supplies,Paper,Xerox 1920,29.9,5,0.0,13.455,False
9086,CA-2016-126102,2016-09-10,2016-09-12,Second Class,DV-13465,Dianna Vittorini,Consumer,United States,Los Angeles,California,90049,West,OFF-BI-10004318,Office Supplies,Binders,Ibico EB-19 Dual Function Manual Binding System,276.784,2,0.2,89.9548,False
9094,US-2015-132836,2015-06-01,2015-06-05,Standard Class,AJ-10945,Ashley Jarboe,Consumer,United States,Detroit,Michigan,48227,Central,TEC-PH-10001299,Technology,Phones,Polycom CX300 Desktop Phone USB VoIP phone,299.98,2,0.0,83.9944,False
9095,US-2015-132836,2015-06-01,2015-06-05,Standard Class,AJ-10945,Ashley Jarboe,Consumer,United States,Detroit,Michigan,48227,Central,OFF-BI-10004224,Office Supplies,Binders,Catalog Binders with Expanding Posts,403.68,6,0.0,181.656,False
9096,US-2015-132836,2015-06-01,2015-06-05,Standard Class,AJ-10945,Ashley Jarboe,Consumer,United States,Detroit,Michigan,48227,Central,TEC-PH-10001300,Technology,Phones,"iKross Bluetooth Portable Keyboard + Cell Phone Stand Holder + Brush for Apple iPhone 5S 5C 5, 4S 4",41.9,2,0.0,11.732,False
9097,US-2015-132836,2015-06-01,2015-06-05,Standard Class,AJ-10945,Ashley Jarboe,Consumer,United States,Detroit,Michigan,48227,Central,OFF-LA-10004178,Office Supplies,Labels,Avery 491,28.91,7,0.0,13.2986,False
9102,CA-2015-163181,2015-11-07,2015-11-12,Standard Class,AB-10105,Adrian Barton,Consumer,United States,Houston,Texas,77041,Central,OFF-AR-10001683,Office Supplies,Art,Lumber Crayons,23.64,3,0.2,5.319,False
9103,CA-2015-163181,2015-11-07,2015-11-12,Standard Class,AB-10105,Adrian Barton,Consumer,United States,Houston,Texas,77041,Central,OFF-ST-10001713,Office Supplies,Storage,"Gould Plastics 9-Pocket Panel Bin, 18-3/8w x 5-1/4d x 20-1/2h, Black",84.784,2,0.2,-16.9568,False
9104,CA-2015-163181,2015-11-07,2015-11-12,Standard Class,AB-10105,Adrian Barton,Consumer,United States,Houston,Texas,77041,Central,FUR-FU-10000193,Furniture,Furnishings,Tenex Chairmats For Use with Hard Floors,64.96,5,0.6,-84.448,False
9105,CA-2015-163181,2015-11-07,2015-11-12,Standard Class,AB-10105,Adrian Barton,Consumer,United States,Houston,Texas,77041,Central,OFF-BI-10000474,Office Supplies,Binders,Avery Recycled Flexi-View Covers for Binding Systems,32.06,10,0.8,-51.296,False
9106,CA-2015-163181,2015-11-07,2015-11-12,Standard Class,AB-10105,Adrian Barton,Consumer,United States,Houston,Texas,77041,Central,OFF-ST-10000129,Office Supplies,Storage,Fellowes Recycled Storage Drawers,177.648,2,0.2,-28.8678,False
9107,CA-2015-163181,2015-11-07,2015-11-12,Standard Class,AB-10105,Adrian Barton,Consumer,United States,Houston,Texas,77041,Central,TEC-MA-10001016,Technology,Machines,Canon PC170 Desktop Personal Copier,287.91,3,0.4,33.5895,False
9115,CA-2016-135461,2016-02-07,2016-02-10,Second Class,EB-13975,Erica Bern,Corporate,United States,Los Angeles,California,90049,West,TEC-PH-10004094,Technology,Phones,Motorola L703CM,623.96,5,0.2,38.9975,True
9120,US-2016-155971,2016-06-06,2016-06-12,Standard Class,RB-19795,Ross Baird,Home Office,United States,Los Angeles,California,90036,West,OFF-LA-10000452,Office Supplies,Labels,Avery 488,22.05,7,0.0,10.584,False
9121,US-2016-155971,2016-06-06,2016-06-12,Standard Class,RB-19795,Ross Baird,Home Office,United States,Los Angeles,California,90036,West,OFF-PA-10000210,Office Supplies,Paper,Xerox Blank Computer Paper,99.9,5,0.0,46.953,False
9129,US-2017-147655,2017-09-04,2017-09-05,First Class,AS-10045,Aaron Smayling,Corporate,United States,Redmond,Oregon,97756,West,OFF-BI-10002931,Office Supplies,Binders,"Avery Trapezoid Extra Heavy Duty 4"" Binders",88.074,7,0.7,-58.716,False
9138,CA-2014-123400,2014-02-02,2014-02-09,Standard Class,EB-13930,Eric Barreto,Consumer,United States,Saint Petersburg,Florida,33710,South,OFF-BI-10000666,Office Supplies,Binders,Surelock Post Binders,18.336,2,0.7,-12.224,False
9139,CA-2014-123400,2014-02-02,2014-02-09,Standard Class,EB-13930,Eric Barreto,Consumer,United States,Saint Petersburg,Florida,33710,South,TEC-PH-10002890,Technology,Phones,AT&T 17929 Lendline Telephone,180.96,5,0.2,13.572,False
9140,CA-2014-106971,2014-09-02,2014-09-08,Standard Class,BM-11785,Bryan Mills,Consumer,United States,Buffalo Grove,Illinois,60089,Central,TEC-AC-10000844,Technology,Accessories,Logitechï¿½Gaming G510s - Keyboard,475.944,7,0.2,95.1888,True
9142,CA-2016-139409,2016-09-05,2016-09-07,First Class,FW-14395,Fred Wasserman,Corporate,United States,New York City,New York,10011,East,TEC-PH-10003988,Technology,Phones,"LF Elite 3D Dazzle Designer Hard Case Cover, Lf Stylus Pen and Wiper For Apple Iphone 5c Mini Lite",43.6,4,0.0,12.208,False
9150,US-2014-157070,2014-06-01,2014-06-06,Standard Class,QJ-19255,Quincy Jones,Corporate,United States,Detroit,Michigan,48234,Central,OFF-BI-10001765,Office Supplies,Binders,Wilson Jones Heavy-Duty Casebound Ring Binders with Metal Hinges,138.56,4,0.0,66.5088,False
9151,US-2014-157070,2014-06-01,2014-06-06,Standard Class,QJ-19255,Quincy Jones,Corporate,United States,Detroit,Michigan,48234,Central,OFF-AP-10004859,Office Supplies,Appliances,Acco 6 Outlet Guardian Premium Surge Suppressor,65.52,5,0.1,12.376,False
9155,CA-2016-132990,2016-08-01,2016-08-03,Second Class,KM-16660,Khloe Miller,Consumer,United States,Philadelphia,Pennsylvania,19140,East,FUR-FU-10004864,Furniture,Furnishings,Eldon 500 Class Desk Accessories,19.312,2,0.2,3.1382,False
9157,CA-2014-134215,2014-08-04,2014-08-08,Standard Class,ML-17395,Marina Lichtenstein,Corporate,United States,Bangor,Maine,4401,East,OFF-AP-10001271,Office Supplies,Appliances,Eureka The Boss Cordless Rechargeable Stick Vac,101.96,2,0.0,27.5292,False
9158,CA-2014-134215,2014-08-04,2014-08-08,Standard Class,ML-17395,Marina Lichtenstein,Corporate,United States,Bangor,Maine,4401,East,OFF-PA-10004353,Office Supplies,Paper,Southworth 25% Cotton Premium Laser Paper and Envelopes,259.74,13,0.0,124.6752,False
9159,CA-2014-134215,2014-08-04,2014-08-08,Standard Class,ML-17395,Marina Lichtenstein,Corporate,United States,Bangor,Maine,4401,East,TEC-AC-10002473,Technology,Accessories,Maxell 4.7GB DVD-R,255.42,9,0.0,104.7222,False
9162,CA-2016-160108,2016-12-08,2016-12-12,Standard Class,AG-10900,Arthur Gainer,Consumer,United States,Eau Claire,Wisconsin,54703,Central,FUR-BO-10003450,Furniture,Bookcases,"Bush Westfield Collection Bookcases, Dark Cherry Finish",405.86,7,0.0,32.4688,False
9163,CA-2016-160108,2016-12-08,2016-12-12,Standard Class,AG-10900,Arthur Gainer,Consumer,United States,Eau Claire,Wisconsin,54703,Central,FUR-CH-10002335,Furniture,Chairs,Hon GuestStacker Chair,680.01,3,0.0,176.8026,True
9164,CA-2015-164007,2015-06-08,2015-06-12,Standard Class,MG-17695,Maureen Gnade,Consumer,United States,Chicago,Illinois,60610,Central,TEC-AC-10003433,Technology,Accessories,Maxell 4.7GB DVD+R 5/Pack,2.376,3,0.2,0.7425,False
9165,CA-2015-164007,2015-06-08,2015-06-12,Standard Class,MG-17695,Maureen Gnade,Consumer,United States,Chicago,Illinois,60610,Central,OFF-AP-10003849,Office Supplies,Appliances,Hoover Shoulder Vac Commercial Portable Vacuum,143.128,2,0.8,-393.602,False
9171,US-2016-155768,2016-12-01,2016-12-01,Same Day,LB-16795,Laurel Beltran,Home Office,United States,Oxnard,California,93030,West,FUR-FU-10000448,Furniture,Furnishings,Tenex Chairmats For Use With Carpeted Floors,31.96,2,0.0,1.598,False
9172,US-2016-155768,2016-12-01,2016-12-01,Same Day,LB-16795,Laurel Beltran,Home Office,United States,Oxnard,California,93030,West,OFF-PA-10001357,Office Supplies,Paper,Xerox 1886,47.9,1,0.0,22.992,False
9173,US-2016-155768,2016-12-01,2016-12-01,Same Day,LB-16795,Laurel Beltran,Home Office,United States,Oxnard,California,93030,West,OFF-ST-10002292,Office Supplies,Storage,"Sauder Facets Collection Locker/File Cabinet, Sky Alder Finish",1112.94,3,0.0,222.588,True
9174,US-2016-155768,2016-12-01,2016-12-01,Same Day,LB-16795,Laurel Beltran,Home Office,United States,Oxnard,California,93030,West,OFF-EN-10001219,Office Supplies,Envelopes,"#10- 4 1/8"" x 9 1/2"" Security-Tint Envelopes",22.92,3,0.0,11.2308,False
9180,CA-2017-156776,2017-08-07,2017-08-11,Standard Class,JL-15505,Jeremy Lonsdale,Consumer,United States,Westminster,California,92683,West,TEC-PH-10002415,Technology,Phones,Polycom VoiceStation 500 Conferenceï¿½phone,707.88,3,0.2,44.2425,True
9181,CA-2017-156776,2017-08-07,2017-08-11,Standard Class,JL-15505,Jeremy Lonsdale,Consumer,United States,Westminster,California,92683,West,OFF-BI-10003355,Office Supplies,Binders,Cardinal Holdit Business Card Pockets,11.952,3,0.2,4.1832,False
9182,CA-2017-156776,2017-08-07,2017-08-11,Standard Class,JL-15505,Jeremy Lonsdale,Consumer,United States,Westminster,California,92683,West,OFF-BI-10000216,Office Supplies,Binders,"Mead 1st Gear 2"" Zipper Binder, Asst. Colors",31.128,3,0.2,11.673,False
9183,CA-2017-156776,2017-08-07,2017-08-11,Standard Class,JL-15505,Jeremy Lonsdale,Consumer,United States,Westminster,California,92683,West,TEC-AC-10004803,Technology,Accessories,Sony Micro Vault Click 4 GB USB 2.0 Flash Drive,55.76,4,0.0,7.8064,False
9184,CA-2017-156776,2017-08-07,2017-08-11,Standard Class,JL-15505,Jeremy Lonsdale,Consumer,United States,Westminster,California,92683,West,OFF-PA-10001970,Office Supplies,Paper,Xerox 1881,24.56,2,0.0,11.5432,False
9185,CA-2017-156776,2017-08-07,2017-08-11,Standard Class,JL-15505,Jeremy Lonsdale,Consumer,United States,Westminster,California,92683,West,FUR-FU-10004848,Furniture,Furnishings,"Howard Miller 13-3/4"" Diameter Brushed Chrome Round Wall Clock",51.75,1,0.0,15.525,False
9186,CA-2017-156776,2017-08-07,2017-08-11,Standard Class,JL-15505,Jeremy Lonsdale,Consumer,United States,Westminster,California,92683,West,FUR-CH-10002317,Furniture,Chairs,Global Enterprise Series Seating Low-Back Swivel/Tilt Chairs,207.184,1,0.2,25.898,False
9187,CA-2017-156776,2017-08-07,2017-08-11,Standard Class,JL-15505,Jeremy Lonsdale,Consumer,United States,Westminster,California,92683,West,OFF-AP-10002534,Office Supplies,Appliances,3.6 Cubic Foot Counter Height Office Refrigerator,1473.1,5,0.0,412.468,True
9193,CA-2015-141810,2015-11-02,2015-11-07,Standard Class,BB-10990,Barry Blumstein,Corporate,United States,San Antonio,Texas,78207,Central,OFF-BI-10001524,Office Supplies,Binders,GBC Premium Transparent Covers with Diagonal Lined Pattern,29.372,7,0.8,-46.9952,False
9194,CA-2015-141810,2015-11-02,2015-11-07,Standard Class,BB-10990,Barry Blumstein,Corporate,United States,San Antonio,Texas,78207,Central,TEC-PH-10002200,Technology,Phones,Aastra 6757i CT Wireless VoIP phone,344.704,2,0.2,38.7792,False
9205,CA-2016-104689,2016-12-01,2016-12-05,Standard Class,FH-14365,Fred Hopkins,Corporate,United States,Los Angeles,California,90004,West,OFF-AR-10001149,Office Supplies,Art,"Sanford Colorific Colored Pencils, 12/Box",23.04,8,0.0,6.912,False
9208,CA-2017-140781,2017-08-03,2017-08-07,Standard Class,AB-10105,Adrian Barton,Consumer,United States,Bloomington,Illinois,61701,Central,TEC-AC-10000682,Technology,Accessories,Kensington K72356US Mouse-in-a-Box USB Desktop Mouse,39.816,3,0.2,7.4655,False
9209,CA-2017-141747,2017-08-03,2017-08-08,Second Class,SC-20230,Scot Coram,Corporate,United States,Seattle,Washington,98105,West,OFF-ST-10003996,Office Supplies,Storage,"Letter/Legal File Tote with Clear Snap-On Lid, Black Granite",16.06,1,0.0,4.1756,False
9224,CA-2017-121160,2017-11-04,2017-11-04,Same Day,FM-14290,Frank Merwin,Home Office,United States,Bryan,Texas,77803,Central,OFF-BI-10001308,Office Supplies,Binders,GBC Standard Plastic Binding Systems' Combs,7.536,6,0.8,-13.188,False
9225,CA-2017-121160,2017-11-04,2017-11-04,Same Day,FM-14290,Frank Merwin,Home Office,United States,Bryan,Texas,77803,Central,OFF-BI-10003094,Office Supplies,Binders,Self-Adhesive Ring Binder Labels,1.408,2,0.8,-2.3232,False
9226,CA-2017-121160,2017-11-04,2017-11-04,Same Day,FM-14290,Frank Merwin,Home Office,United States,Bryan,Texas,77803,Central,OFF-BI-10004040,Office Supplies,Binders,Wilson Jones Impact Binders,4.144,4,0.8,-6.4232,False
9227,CA-2017-121160,2017-11-04,2017-11-04,Same Day,FM-14290,Frank Merwin,Home Office,United States,Bryan,Texas,77803,Central,OFF-ST-10002485,Office Supplies,Storage,Rogers Deluxe File Chest,52.752,3,0.2,-12.5286,False
9229,CA-2014-153619,2014-11-03,2014-11-03,Same Day,TC-21535,Tracy Collins,Home Office,United States,Los Angeles,California,90049,West,OFF-AR-10001868,Office Supplies,Art,Prang Dustless Chalk Sticks,6.72,4,0.0,3.36,False
9233,CA-2016-126732,2016-09-02,2016-09-06,Standard Class,LR-16915,Lena Radford,Consumer,United States,Los Angeles,California,90036,West,FUR-FU-10001889,Furniture,Furnishings,Ultra Door Pull Handle,94.68,9,0.0,31.2444,False
9234,CA-2016-126732,2016-09-02,2016-09-06,Standard Class,LR-16915,Lena Radford,Consumer,United States,Los Angeles,California,90036,West,OFF-ST-10000321,Office Supplies,Storage,Akro Stacking Bins,23.67,3,0.0,0.9468,False
9235,CA-2016-126732,2016-09-02,2016-09-06,Standard Class,LR-16915,Lena Radford,Consumer,United States,Los Angeles,California,90036,West,TEC-PH-10001530,Technology,Phones,Cisco Unified IP Phone 7945G VoIP phone,1091.168,4,0.2,68.198,True
9236,CA-2016-126732,2016-09-02,2016-09-06,Standard Class,LR-16915,Lena Radford,Consumer,United States,Los Angeles,California,90036,West,OFF-AR-10004752,Office Supplies,Art,Blackstonian Pencils,18.69,7,0.0,5.2332,False
9237,CA-2016-126732,2016-09-02,2016-09-06,Standard Class,LR-16915,Lena Radford,Consumer,United States,Los Angeles,California,90036,West,FUR-TA-10001539,Furniture,Tables,Chromcraft Rectangular Conference Tables,568.728,3,0.2,28.4364,True
9238,CA-2016-126732,2016-09-02,2016-09-06,Standard Class,LR-16915,Lena Radford,Consumer,United States,Los Angeles,California,90036,West,OFF-BI-10001553,Office Supplies,Binders,SpineVue Locking Slant-D Ring Binders by Cardinal,7.312,1,0.2,2.5592,False
9251,CA-2016-105354,2016-12-02,2016-12-06,Standard Class,PW-19030,Pauline Webber,Corporate,United States,Marion,Iowa,52302,Central,OFF-BI-10001107,Office Supplies,Binders,"GBC White Gloss Covers, Plain Front",115.84,8,0.0,54.4448,False
9252,CA-2017-155712,2017-03-02,2017-03-08,Standard Class,KD-16615,Ken Dana,Corporate,United States,Los Angeles,California,90008,West,OFF-BI-10004224,Office Supplies,Binders,Catalog Binders with Expanding Posts,107.648,2,0.2,33.64,False
9262,CA-2017-111388,2017-09-02,2017-09-02,Same Day,SU-20665,Stephanie Ulpright,Home Office,United States,Seattle,Washington,98103,West,FUR-CH-10003061,Furniture,Chairs,"Global Leather Task Chair, Black",215.976,3,0.2,-2.6997,False
9267,CA-2014-125759,2014-02-08,2014-02-09,First Class,NM-18445,Nathan Mautz,Home Office,United States,North Las Vegas,Nevada,89031,West,FUR-FU-10002111,Furniture,Furnishings,"Master Caster Door Stop, Large Brown",14.56,2,0.0,5.5328,False
9274,CA-2017-146983,2017-09-02,2017-09-06,Standard Class,AH-10210,Alan Hwang,Consumer,United States,Henderson,Kentucky,42420,South,OFF-BI-10003650,Office Supplies,Binders,GBC DocuBind 300 Electric Binding Machine,1577.94,3,0.0,757.4112,True
9275,US-2014-134054,2014-10-10,2014-10-10,Same Day,FC-14335,Fred Chung,Corporate,United States,Albuquerque,New Mexico,87105,West,OFF-AR-10000937,Office Supplies,Art,"Dixon Ticonderoga Core-Lock Colored Pencils, 48-Color Set",255.85,7,0.0,112.574,False
9278,CA-2017-122539,2017-12-01,2017-12-05,Standard Class,SC-20305,Sean Christensen,Consumer,United States,Philadelphia,Pennsylvania,19140,East,OFF-LA-10004853,Office Supplies,Labels,Avery 483,15.936,4,0.2,5.1792,False
9279,CA-2017-122539,2017-12-01,2017-12-05,Standard Class,SC-20305,Sean Christensen,Consumer,United States,Philadelphia,Pennsylvania,19140,East,OFF-BI-10001759,Office Supplies,Binders,"Acco Pressboard Covers with Storage Hooks, 14 7/8"" x 11"", Dark Blue",8.001,7,0.7,-5.6007,False
9280,CA-2017-122539,2017-12-01,2017-12-05,Standard Class,SC-20305,Sean Christensen,Consumer,United States,Philadelphia,Pennsylvania,19140,East,FUR-CH-10003379,Furniture,Chairs,Global Commerce Series High-Back Swivel/Tilt Chairs,398.972,2,0.3,-28.498,False
9284,CA-2017-102218,2017-09-02,2017-09-04,Second Class,LW-17215,Luke Weiss,Consumer,United States,Fort Collins,Colorado,80525,West,OFF-LA-10002475,Office Supplies,Labels,Avery 519,11.696,2,0.2,3.9474,False
9293,CA-2017-124114,2017-03-02,2017-03-02,Same Day,RS-19765,Roland Schwarz,Corporate,United States,Waco,Texas,76706,Central,OFF-BI-10004022,Office Supplies,Binders,Acco Suede Grain Vinyl Round Ring Binder,0.556,1,0.8,-0.9452,False
9312,CA-2017-148642,2017-03-06,2017-03-12,Standard Class,DW-13540,Don Weiss,Consumer,United States,Dallas,Texas,75220,Central,OFF-LA-10000134,Office Supplies,Labels,Avery 511,4.928,2,0.2,1.7248,False
9313,CA-2017-148642,2017-03-06,2017-03-12,Standard Class,DW-13540,Don Weiss,Consumer,United States,Dallas,Texas,75220,Central,OFF-AR-10000588,Office Supplies,Art,Newell 345,63.488,4,0.2,4.7616,False
9314,CA-2015-111948,2015-11-11,2015-11-11,Same Day,AG-10495,Andrew Gjertsen,Corporate,United States,Detroit,Michigan,48234,Central,OFF-ST-10003282,Office Supplies,Storage,"Advantus 10-Drawer Portable Organizer, Chrome Metal Frame, Smoke Drawers",418.32,7,0.0,117.1296,False
9315,CA-2015-111948,2015-11-11,2015-11-11,Same Day,AG-10495,Andrew Gjertsen,Corporate,United States,Detroit,Michigan,48234,Central,OFF-AP-10002311,Office Supplies,Appliances,"Holmes Replacement Filter for HEPA Air Cleaner, Very Large Room, HEPA Filter",123.858,2,0.1,46.7908,False
9316,CA-2016-161907,2016-04-05,2016-04-09,Standard Class,JH-16180,Justin Hirsh,Consumer,United States,Philadelphia,Pennsylvania,19140,East,TEC-PH-10000141,Technology,Phones,Clearsounds A400,118.782,3,0.4,-27.7158,False
9317,CA-2016-161907,2016-04-05,2016-04-09,Standard Class,JH-16180,Justin Hirsh,Consumer,United States,Philadelphia,Pennsylvania,19140,East,OFF-SU-10000646,Office Supplies,Supplies,Premier Automatic Letter Opener,769.184,4,0.2,-163.4516,True
9322,US-2016-111563,2016-11-04,2016-11-08,Standard Class,SM-20005,Sally Matthias,Consumer,United States,Houston,Texas,77041,Central,FUR-FU-10002445,Furniture,Furnishings,"DAX Two-Tone Rosewood/Black Document Frame, Desktop, 5 x 7",11.376,3,0.6,-5.688,False
9323,US-2016-111563,2016-11-04,2016-11-08,Standard Class,SM-20005,Sally Matthias,Consumer,United States,Houston,Texas,77041,Central,FUR-FU-10000723,Furniture,Furnishings,"Deflect-o EconoMat Studded, No Bevel Mat for Low Pile Carpeting",66.112,4,0.6,-84.2928,False
9327,US-2017-130687,2017-09-07,2017-09-10,First Class,PF-19225,Phillip Flathmann,Consumer,United States,Edmonds,Washington,98026,West,FUR-FU-10004053,Furniture,Furnishings,DAX Two-Tone Silver Metal Document Frame,80.96,4,0.0,34.8128,False
9328,US-2017-130687,2017-09-07,2017-09-10,First Class,PF-19225,Phillip Flathmann,Consumer,United States,Edmonds,Washington,98026,West,TEC-PH-10002033,Technology,Phones,Konftel 250 Conferenceï¿½phoneï¿½- Charcoal black,455.712,2,0.2,34.1784,False
9329,US-2017-130687,2017-09-07,2017-09-10,First Class,PF-19225,Phillip Flathmann,Consumer,United States,Edmonds,Washington,98026,West,OFF-AR-10004260,Office Supplies,Art,Boston 1799 Powerhouse Electric Pencil Sharpener,25.98,1,0.0,7.2744,False
9335,CA-2017-110198,2017-05-01,2017-05-02,First Class,AG-10900,Arthur Gainer,Consumer,United States,Coral Springs,Florida,33065,South,FUR-BO-10001798,Furniture,Bookcases,Bush Somerset Collection Bookcase,314.352,3,0.2,-15.7176,False
9336,CA-2017-110198,2017-05-01,2017-05-02,First Class,AG-10900,Arthur Gainer,Consumer,United States,Coral Springs,Florida,33065,South,OFF-LA-10004409,Office Supplies,Labels,Avery 492,4.608,2,0.2,1.4976,False
9355,CA-2015-110324,2015-12-01,2015-12-05,Standard Class,MA-17560,Matt Abelman,Home Office,United States,Jackson,Michigan,49201,Central,OFF-PA-10001826,Office Supplies,Paper,Xerox 207,19.44,3,0.0,9.3312,False
9356,CA-2015-110324,2015-12-01,2015-12-05,Standard Class,MA-17560,Matt Abelman,Home Office,United States,Jackson,Michigan,49201,Central,OFF-AR-10000823,Office Supplies,Art,Newell 307,3.64,2,0.0,1.0192,False
9357,CA-2015-110324,2015-12-01,2015-12-05,Standard Class,MA-17560,Matt Abelman,Home Office,United States,Jackson,Michigan,49201,Central,OFF-PA-10001776,Office Supplies,Paper,"Wirebound Message Books, Four 2 3/4"" x 5"" Forms per Page, 600 Sets per Book",18.54,2,0.0,8.7138,False
9369,CA-2016-154998,2016-04-07,2016-04-09,First Class,ES-14080,Erin Smith,Corporate,United States,Lakewood,New Jersey,8701,East,OFF-PA-10004243,Office Supplies,Paper,Xerox 1939,37.94,2,0.0,18.2112,False
9370,CA-2017-113460,2017-11-07,2017-11-09,Second Class,KN-16390,Katherine Nockton,Corporate,United States,Clinton,Maryland,20735,East,FUR-CH-10000422,Furniture,Chairs,Global Highback Leather Tilter in Burgundy,272.97,3,0.0,43.6752,False
9374,CA-2017-102820,2017-05-07,2017-05-11,Standard Class,CS-11950,Carlos Soltero,Consumer,United States,Pasadena,California,91104,West,TEC-PH-10003437,Technology,Phones,Blue Parrot B250XT Professional Grade Wireless Bluetoothï¿½Headsetï¿½with,419.944,7,0.2,52.493,False
9375,CA-2016-149671,2016-06-05,2016-06-09,Standard Class,KB-16600,Ken Brennan,Corporate,United States,Seattle,Washington,98105,West,OFF-SU-10002537,Office Supplies,Supplies,Acme Box Cutter Scissors,61.38,6,0.0,15.9588,False
9420,CA-2017-152926,2017-10-02,2017-10-04,Second Class,SC-20695,Steve Chapman,Corporate,United States,Houston,Texas,77041,Central,OFF-AP-10004708,Office Supplies,Appliances,Fellowes Superior 10 Outlet Split Surge Protector,15.224,2,0.8,-38.8212,False
9421,CA-2017-152926,2017-10-02,2017-10-04,Second Class,SC-20695,Steve Chapman,Corporate,United States,Houston,Texas,77041,Central,OFF-AP-10001947,Office Supplies,Appliances,Acco 6 Outlet Guardian Premium Plus Surge Suppressor,21.984,6,0.8,-56.0592,False
9443,CA-2017-165904,2017-04-07,2017-04-11,Standard Class,HR-14770,Hallie Redmond,Home Office,United States,Jacksonville,Florida,32216,South,OFF-AR-10003156,Office Supplies,Art,50 Colored Long Pencils,16.256,2,0.2,1.2192,False
9444,CA-2017-165904,2017-04-07,2017-04-11,Standard Class,HR-14770,Hallie Redmond,Home Office,United States,Jacksonville,Florida,32216,South,TEC-PH-10000576,Technology,Phones,AT&T 1080 Corded phone,219.184,2,0.2,19.1786,False
9445,CA-2015-104052,2015-03-01,2015-03-02,First Class,TP-21565,Tracy Poddar,Corporate,United States,Coppell,Texas,75019,Central,TEC-PH-10003215,Technology,Phones,Jackery Bar Premium Fast-charging Portable Charger,95.84,4,0.2,34.742,False
9451,CA-2017-145506,2017-06-03,2017-06-07,Standard Class,MO-17800,Meg O'Connel,Home Office,United States,Spokane,Washington,99207,West,OFF-ST-10004963,Office Supplies,Storage,Eldon Gobal File Keepers,136.26,9,0.0,5.4504,False
9467,CA-2017-102925,2017-11-05,2017-11-10,Second Class,CD-12280,Christina DeMoss,Consumer,United States,New York City,New York,10024,East,OFF-BI-10002735,Office Supplies,Binders,GBC Prestige Therm-A-Bind Covers,164.688,6,0.2,55.5822,False
9468,CA-2017-102925,2017-11-05,2017-11-10,Second Class,CD-12280,Christina DeMoss,Consumer,United States,New York City,New York,10024,East,FUR-TA-10003469,Furniture,Tables,Balt Split Level Computer Training Table,166.5,2,0.4,-66.6,False
9469,CA-2017-102925,2017-11-05,2017-11-10,Second Class,CD-12280,Christina DeMoss,Consumer,United States,New York City,New York,10024,East,OFF-PA-10001870,Office Supplies,Paper,Xerox 202,12.96,2,0.0,6.2208,False
9470,CA-2017-102925,2017-11-05,2017-11-10,Second Class,CD-12280,Christina DeMoss,Consumer,United States,New York City,New York,10024,East,OFF-PA-10004071,Office Supplies,Paper,"Eaton Premium Continuous-Feed Paper, 25% Cotton, Letter Size, White, 1000 Shts/Box",110.96,2,0.0,53.2608,False
9471,CA-2017-102925,2017-11-05,2017-11-10,Second Class,CD-12280,Christina DeMoss,Consumer,United States,New York City,New York,10024,East,TEC-PH-10001448,Technology,Phones,Anker Astro 15000mAh USB Portable Charger,99.98,2,0.0,3.9992,False
9472,CA-2017-102925,2017-11-05,2017-11-10,Second Class,CD-12280,Christina DeMoss,Consumer,United States,New York City,New York,10024,East,OFF-BI-10002706,Office Supplies,Binders,Avery Premier Heavy-Duty Binder with Round Locking Rings,11.424,1,0.2,3.7128,False
9473,CA-2017-102925,2017-11-05,2017-11-10,Second Class,CD-12280,Christina DeMoss,Consumer,United States,New York City,New York,10024,East,FUR-CH-10004875,Furniture,Chairs,Harbour Creations 67200 Series Stacking Chairs,128.124,2,0.1,24.2012,False
9474,CA-2017-102925,2017-11-05,2017-11-10,Second Class,CD-12280,Christina DeMoss,Consumer,United States,New York City,New York,10024,East,FUR-FU-10004245,Furniture,Furnishings,"Career Cubicle Clock, 8 1/4"", Black",101.4,5,0.0,38.532,False
9482,CA-2017-150504,2017-11-06,2017-11-12,Standard Class,HG-14845,Harry Greene,Consumer,United States,Dallas,Texas,75220,Central,OFF-ST-10000615,Office Supplies,Storage,"SimpliFile Personal File, Black Granite, 15w x 6-15/16d x 11-1/4h",18.16,2,0.2,1.816,False
9485,CA-2016-164770,2016-12-02,2016-12-04,Second Class,MY-18295,Muhammed Yedwab,Corporate,United States,Houston,Texas,77036,Central,FUR-BO-10003893,Furniture,Bookcases,Sauder Camden County Collection Library,781.864,10,0.32,-137.976,True
9486,CA-2016-164770,2016-12-02,2016-12-04,Second Class,MY-18295,Muhammed Yedwab,Corporate,United States,Houston,Texas,77036,Central,OFF-PA-10003893,Office Supplies,Paper,Xerox 1962,30.816,9,0.2,9.63,False
9487,CA-2017-130505,2017-10-12,2017-10-12,Same Day,NF-18385,Natalie Fritzler,Consumer,United States,Wheeling,West Virginia,26003,East,FUR-TA-10001932,Furniture,Tables,"Chromcraft 48"" x 96"" Racetrack Double Pedestal Table",673.344,3,0.3,-76.9536,True
9489,CA-2015-156566,2015-10-01,2015-10-04,First Class,EM-13960,Eric Murdock,Consumer,United States,Portland,Oregon,97206,West,TEC-PH-10001817,Technology,Phones,Wilson Electronics DB Pro Signal Booster,572.8,2,0.2,50.12,True
9490,US-2016-102232,2016-08-05,2016-08-11,Standard Class,MF-17665,Maureen Fritzler,Corporate,United States,Huntsville,Alabama,35810,South,OFF-AR-10000538,Office Supplies,Art,"Boston Model 1800 Electric Pencil Sharpener, Gray",197.05,7,0.0,59.115,False
9491,CA-2017-111738,2017-01-03,2017-01-07,Standard Class,CM-12385,Christopher Martinez,Consumer,United States,San Francisco,California,94110,West,OFF-BI-10004584,Office Supplies,Binders,GBC ProClick 150 Presentation Binding System,2022.272,8,0.2,682.5168,True
9492,CA-2017-111738,2017-01-03,2017-01-07,Standard Class,CM-12385,Christopher Martinez,Consumer,United States,San Francisco,California,94110,West,OFF-AR-10000817,Office Supplies,Art,Manco Dry-Lighter Erasable Highlighter,9.12,3,0.0,3.1008,False
9493,CA-2017-163188,2017-11-07,2017-11-07,Same Day,EC-14050,Erin Creighton,Consumer,United States,Oklahoma City,Oklahoma,73120,Central,OFF-BI-10000756,Office Supplies,Binders,Storex DuraTech Recycled Plastic Frosted Binders,38.16,9,0.0,19.08,False
9494,CA-2016-105207,2016-01-03,2016-01-08,Standard Class,BO-11350,Bill Overfelt,Corporate,United States,Broken Arrow,Oklahoma,74012,Central,FUR-TA-10000617,Furniture,Tables,"Hon Practical Foundations 30 x 60 Training Table, Light Gray/Charcoal",1592.85,7,0.0,350.427,True
9495,CA-2016-105207,2016-01-03,2016-01-08,Standard Class,BO-11350,Bill Overfelt,Corporate,United States,Broken Arrow,Oklahoma,74012,Central,OFF-BI-10004364,Office Supplies,Binders,Storex Dura Pro Binders,11.88,2,0.0,5.346,False
9498,CA-2017-118213,2017-11-05,2017-11-07,First Class,AB-10060,Adam Bellavance,Home Office,United States,Greenwood,Indiana,46142,Central,OFF-PA-10002615,Office Supplies,Paper,"Ampad Gold Fibre Wirebound Steno Books, 6"" x 9"", Gregg Ruled",4.41,1,0.0,2.0286,False
9499,CA-2017-118213,2017-11-05,2017-11-07,First Class,AB-10060,Adam Bellavance,Home Office,United States,Greenwood,Indiana,46142,Central,OFF-PA-10000565,Office Supplies,Paper,Easy-staple paper,167.94,3,0.0,82.2906,False
9500,CA-2017-118213,2017-11-05,2017-11-07,First Class,AB-10060,Adam Bellavance,Home Office,United States,Greenwood,Indiana,46142,Central,OFF-PA-10003673,Office Supplies,Paper,Strathmore Photo Mount Cards,67.8,10,0.0,31.188,False
9507,CA-2014-149104,2014-04-05,2014-04-07,Second Class,RD-19900,Ruben Dartt,Consumer,United States,Dearborn Heights,Michigan,48127,Central,OFF-AR-10002952,Office Supplies,Art,Stanley Contemporary Battery Pencil Sharpeners,26.7,2,0.0,7.476,False
9508,CA-2014-149104,2014-04-05,2014-04-07,Second Class,RD-19900,Ruben Dartt,Consumer,United States,Dearborn Heights,Michigan,48127,Central,OFF-BI-10004209,Office Supplies,Binders,"Fellowes Twister Kit, Gray/Clear, 3/pkg",40.2,5,0.0,18.09,False
9509,CA-2014-149104,2014-04-05,2014-04-07,Second Class,RD-19900,Ruben Dartt,Consumer,United States,Dearborn Heights,Michigan,48127,Central,OFF-AR-10004685,Office Supplies,Art,"Binney & Smith Crayola Metallic Colored Pencils, 8-Color Set",13.89,3,0.0,4.5837,False
9510,CA-2014-149104,2014-04-05,2014-04-07,Second Class,RD-19900,Ruben Dartt,Consumer,United States,Dearborn Heights,Michigan,48127,Central,OFF-ST-10000991,Office Supplies,Storage,Space Solutions HD Industrial Steel Shelving.,689.82,6,0.0,20.6946,True
9511,CA-2016-105263,2016-08-06,2016-08-11,Standard Class,LM-17065,Liz MacKendrick,Consumer,United States,New York City,New York,10024,East,OFF-AR-10002399,Office Supplies,Art,"Dixon Prang Watercolor Pencils, 10-Color Set with Brush",38.34,9,0.0,15.7194,False
9520,US-2017-104451,2017-05-08,2017-05-12,Second Class,MM-18055,Michelle Moray,Consumer,United States,San Francisco,California,94110,West,OFF-AP-10000692,Office Supplies,Appliances,Fellowes Mighty 8 Compact Surge Protector,81.08,4,0.0,22.7024,False
9521,CA-2016-101189,2016-02-04,2016-02-09,Standard Class,JB-15400,Jennifer Braxton,Corporate,United States,Los Angeles,California,90049,West,OFF-ST-10004180,Office Supplies,Storage,Safco Commercial Shelving,93.02,2,0.0,3.7208,False
9525,CA-2017-156958,2017-12-05,2017-12-06,First Class,PB-18805,Patrick Bzostek,Home Office,United States,Seattle,Washington,98115,West,OFF-BI-10001524,Office Supplies,Binders,GBC Premium Transparent Covers with Diagonal Lined Pattern,83.92,5,0.2,29.372,False
9526,CA-2017-156958,2017-12-05,2017-12-06,First Class,PB-18805,Patrick Bzostek,Home Office,United States,Seattle,Washington,98115,West,FUR-FU-10003268,Furniture,Furnishings,Eldon Radial Chair Mat for Low to Medium Pile Carpets,199.9,5,0.0,39.98,False
9527,CA-2017-156958,2017-12-05,2017-12-06,First Class,PB-18805,Patrick Bzostek,Home Office,United States,Seattle,Washington,98115,West,TEC-PH-10000148,Technology,Phones,Cyber Acoustics AC-202b Speech Recognition Stereo Headset,31.176,3,0.2,-7.0146,False
9528,CA-2017-156958,2017-12-05,2017-12-06,First Class,PB-18805,Patrick Bzostek,Home Office,United States,Seattle,Washington,98115,West,OFF-BI-10001543,Office Supplies,Binders,GBC VeloBinder Manual Binding System,172.752,6,0.2,60.4632,False
9529,CA-2017-156958,2017-12-05,2017-12-06,First Class,PB-18805,Patrick Bzostek,Home Office,United States,Seattle,Washington,98115,West,OFF-BI-10002071,Office Supplies,Binders,Fellowes Black Plastic Comb Bindings,9.296,2,0.2,3.0212,False
9531,CA-2017-111759,2017-07-08,2017-07-12,Standard Class,MR-17545,Mathew Reese,Home Office,United States,Seattle,Washington,98103,West,OFF-PA-10003127,Office Supplies,Paper,Easy-staple paper,52.76,2,0.0,24.2696,False
9539,US-2017-169488,2017-09-07,2017-09-09,First Class,AA-10375,Allen Armold,Consumer,United States,Providence,Rhode Island,2908,East,OFF-PA-10002659,Office Supplies,Paper,Avoid Verbal Orders Carbonless Minifold Book,16.9,5,0.0,7.774,False
9540,US-2017-169488,2017-09-07,2017-09-09,First Class,AA-10375,Allen Armold,Consumer,United States,Providence,Rhode Island,2908,East,OFF-PA-10000157,Office Supplies,Paper,Xerox 191,39.96,2,0.0,18.7812,False
9542,CA-2015-135251,2015-08-06,2015-08-10,Standard Class,RP-19270,Rachel Payne,Corporate,United States,Houston,Texas,77095,Central,OFF-LA-10004544,Office Supplies,Labels,Avery 505,35.52,3,0.2,13.32,False
9543,CA-2015-135251,2015-08-06,2015-08-10,Standard Class,RP-19270,Rachel Payne,Corporate,United States,Houston,Texas,77095,Central,OFF-BI-10001097,Office Supplies,Binders,Avery Hole Reinforcements,6.23,5,0.8,-9.6565,False
9544,CA-2015-135251,2015-08-06,2015-08-10,Standard Class,RP-19270,Rachel Payne,Corporate,United States,Houston,Texas,77095,Central,OFF-PA-10003302,Office Supplies,Paper,Xerox 1906,56.704,2,0.2,19.1376,False
9545,CA-2015-135251,2015-08-06,2015-08-10,Standard Class,RP-19270,Rachel Payne,Corporate,United States,Houston,Texas,77095,Central,FUR-BO-10003965,Furniture,Bookcases,O'Sullivan Manor Hill 2-Door Library in Brianna Oak,369.1992,3,0.32,-114.0174,False
9551,CA-2015-160864,2015-05-03,2015-05-06,First Class,NF-18595,Nicole Fjeld,Home Office,United States,San Jose,California,95123,West,OFF-BI-10004654,Office Supplies,Binders,Avery Binding System Hidden Tab Executive Style Index Sets,13.848,3,0.2,5.193,False
9557,CA-2015-156853,2015-12-03,2015-12-05,Second Class,HP-14815,Harold Pawlan,Home Office,United States,Concord,New Hampshire,3301,East,OFF-PA-10003656,Office Supplies,Paper,Xerox 1935,184.66,7,0.0,84.9436,False
9559,CA-2016-129280,2016-05-03,2016-05-05,First Class,SM-20905,Susan MacKendrick,Consumer,United States,Newark,Ohio,43055,East,TEC-AC-10003832,Technology,Accessories,Imationï¿½16GB Mini TravelDrive USB 2.0ï¿½Flash Drive,132.52,5,0.2,34.7865,False
9560,CA-2016-129280,2016-05-03,2016-05-05,First Class,SM-20905,Susan MacKendrick,Consumer,United States,Newark,Ohio,43055,East,OFF-ST-10002554,Office Supplies,Storage,Tennsco Industrial Shelving,195.64,5,0.2,-44.019,False
9561,CA-2016-129280,2016-05-03,2016-05-05,First Class,SM-20905,Susan MacKendrick,Consumer,United States,Newark,Ohio,43055,East,FUR-FU-10001876,Furniture,Furnishings,"Computer Room Manger, 14""",51.968,2,0.2,10.3936,False
9562,CA-2016-129280,2016-05-03,2016-05-05,First Class,SM-20905,Susan MacKendrick,Consumer,United States,Newark,Ohio,43055,East,TEC-AC-10002637,Technology,Accessories,Logitechï¿½VX Revolution Cordless Laser Mouse for Notebooks (Black),431.976,3,0.2,-75.5958,False
9563,CA-2016-129280,2016-05-03,2016-05-05,First Class,SM-20905,Susan MacKendrick,Consumer,United States,Newark,Ohio,43055,East,TEC-MA-10003589,Technology,Machines,Cisco 8961 IP Phone Charcoal,224.937,3,0.7,-164.9538,False
9564,CA-2016-129280,2016-05-03,2016-05-05,First Class,SM-20905,Susan MacKendrick,Consumer,United States,Newark,Ohio,43055,East,OFF-LA-10000081,Office Supplies,Labels,Avery 496,6.0,2,0.2,2.1,False
9565,CA-2015-161242,2015-06-01,2015-06-08,Standard Class,CG-12040,Catherine Glotzbach,Home Office,United States,Los Angeles,California,90045,West,OFF-PA-10001838,Office Supplies,Paper,"Adams Telephone Message Book W/Dividers/Space For Phone Numbers, 5 1/4""X8 1/2"", 300/Messages",11.76,2,0.0,5.7624,False
9569,CA-2017-104388,2017-07-05,2017-07-07,First Class,DK-12835,Damala Kotsonis,Corporate,United States,Fremont,Nebraska,68025,Central,TEC-PH-10002293,Technology,Phones,Anker 36W 4-Port USB Wall Charger Travel Power Adapter for iPhone 5s 5c 5,79.96,4,0.0,22.3888,False
9583,CA-2016-107475,2016-06-07,2016-06-11,Standard Class,RS-19870,Roy Skaria,Home Office,United States,Philadelphia,Pennsylvania,19120,East,OFF-FA-10002988,Office Supplies,Fasteners,Ideal Clamps,9.648,6,0.2,3.4974,False
9601,CA-2017-107797,2017-05-08,2017-05-11,Second Class,EB-13705,Ed Braxton,Corporate,United States,Mansfield,Texas,76063,Central,OFF-PA-10003848,Office Supplies,Paper,Xerox 1997,41.472,8,0.2,14.5152,False
9602,CA-2016-117604,2016-09-04,2016-09-09,Standard Class,JP-15520,Jeremy Pistek,Consumer,United States,Jonesboro,Arkansas,72401,South,OFF-PA-10001357,Office Supplies,Paper,Xerox 1886,239.5,5,0.0,114.96,False
9605,CA-2015-138625,2015-11-02,2015-11-05,First Class,EG-13900,Emily Grady,Consumer,United States,Chesapeake,Virginia,23320,South,OFF-AP-10003099,Office Supplies,Appliances,"Eureka Hand Vacuum, Bagless",197.72,4,0.0,55.3616,False
9606,US-2017-122672,2017-11-04,2017-11-09,Standard Class,HG-14965,Henry Goldwyn,Corporate,United States,Lancaster,Ohio,43130,East,TEC-AC-10002323,Technology,Accessories,SanDisk Ultra 32 GB MicroSDHC Class 10 Memory Card,70.72,4,0.2,-6.188,False
9607,US-2017-122672,2017-11-04,2017-11-09,Standard Class,HG-14965,Henry Goldwyn,Corporate,United States,Lancaster,Ohio,43130,East,OFF-ST-10002344,Office Supplies,Storage,"Carina 42""Hx23 3/4""W Media Storage Unit",194.352,3,0.2,-43.7292,False
9608,CA-2017-117128,2017-12-05,2017-12-08,Second Class,BF-11080,Bart Folk,Consumer,United States,New York City,New York,10024,East,OFF-PA-10000007,Office Supplies,Paper,"Telephone Message Books with Fax/Mobile Section, 4 1/4"" x 6""",21.6,6,0.0,9.936,False
9609,CA-2017-117128,2017-12-05,2017-12-08,Second Class,BF-11080,Bart Folk,Consumer,United States,New York City,New York,10024,East,OFF-LA-10000248,Office Supplies,Labels,Avery 52,11.07,3,0.0,5.2029,False
9641,CA-2014-104563,2014-03-07,2014-03-12,Standard Class,CM-12715,Craig Molinari,Corporate,United States,Seattle,Washington,98103,West,OFF-AR-10000390,Office Supplies,Art,Newell Chalk Holder,20.65,5,0.0,9.499,False
9642,CA-2014-104563,2014-03-07,2014-03-12,Standard Class,CM-12715,Craig Molinari,Corporate,United States,Seattle,Washington,98103,West,OFF-ST-10000934,Office Supplies,Storage,"Contico 72""H Heavy-Duty Storage System",204.9,5,0.0,0.0,False
9643,CA-2014-104563,2014-03-07,2014-03-12,Standard Class,CM-12715,Craig Molinari,Corporate,United States,Seattle,Washington,98103,West,FUR-CH-10002780,Furniture,Chairs,Office Star - Task Chair with Contemporary Loop Arms,436.704,6,0.2,21.8352,False
9644,CA-2014-104563,2014-03-07,2014-03-12,Standard Class,CM-12715,Craig Molinari,Corporate,United States,Seattle,Washington,98103,West,FUR-CH-10004495,Furniture,Chairs,"Global Leather and Oak Executive Chair, Black",481.568,2,0.2,54.1764,True
9661,CA-2016-160717,2016-06-06,2016-06-11,Standard Class,ME-17320,Maria Etezadi,Home Office,United States,Santa Barbara,California,93101,West,TEC-PH-10001459,Technology,Phones,Samsung Galaxy Mega 6.3,3023.928,9,0.2,226.7946,True
9662,CA-2016-160717,2016-06-06,2016-06-11,Standard Class,ME-17320,Maria Etezadi,Home Office,United States,Santa Barbara,California,93101,West,TEC-AC-10002134,Technology,Accessories,Rosewill 107 Normal Keys USB Wired Standard Keyboard,26.96,2,0.0,3.7744,False
9663,CA-2016-160717,2016-06-06,2016-06-11,Standard Class,ME-17320,Maria Etezadi,Home Office,United States,Santa Barbara,California,93101,West,TEC-PH-10001760,Technology,Phones,Bose SoundLink Bluetooth Speaker,477.6,3,0.2,161.19,True
9665,US-2015-120957,2015-12-07,2015-12-07,Same Day,KH-16690,Kristen Hastings,Corporate,United States,Riverside,California,92503,West,OFF-PA-10003953,Office Supplies,Paper,Xerox 218,12.96,2,0.0,6.2208,False
9670,CA-2017-145275,2017-04-02,2017-04-06,Standard Class,AH-10465,Amy Hunt,Consumer,United States,Decatur,Alabama,35601,South,OFF-LA-10001569,Office Supplies,Labels,Avery 499,14.94,3,0.0,6.8724,False
9676,CA-2016-137393,2016-05-06,2016-05-10,Standard Class,GM-14500,Gene McClure,Consumer,United States,Bakersfield,California,93309,West,FUR-FU-10001617,Furniture,Furnishings,"Executive Impressions 8-1/2"" Career Panel/Partition Cubicle Clock",41.6,4,0.0,14.144,False
9686,CA-2017-118668,2017-01-02,2017-01-04,Second Class,FW-14395,Fred Wasserman,Corporate,United States,Los Angeles,California,90032,West,TEC-AC-10000682,Technology,Accessories,Kensington K72356US Mouse-in-a-Box USB Desktop Mouse,16.59,1,0.0,5.8065,False
9691,CA-2017-140536,2017-04-04,2017-04-05,First Class,TA-21385,Tom Ashbrook,Home Office,United States,New York City,New York,10035,East,OFF-AR-10001545,Office Supplies,Art,Newell 326,7.04,4,0.0,2.0416,False
9698,CA-2016-122511,2016-03-11,2016-03-11,Same Day,BT-11485,Brad Thomas,Home Office,United States,Philadelphia,Pennsylvania,19140,East,FUR-FU-10001037,Furniture,Furnishings,"DAX Charcoal/Nickel-Tone Document Frame, 5 x 7",30.336,4,0.2,9.48,False
9711,CA-2014-114251,2014-11-05,2014-11-10,Standard Class,MD-17350,Maribeth Dona,Consumer,United States,Philadelphia,Pennsylvania,19143,East,FUR-FU-10001468,Furniture,Furnishings,Tenex Antistatic Computer Chair Mats,273.568,2,0.2,-34.196,False
9712,CA-2014-114251,2014-11-05,2014-11-10,Standard Class,MD-17350,Maribeth Dona,Consumer,United States,Philadelphia,Pennsylvania,19143,East,OFF-BI-10003684,Office Supplies,Binders,Wilson Jones Legal Size Ring Binders,13.194,2,0.7,-8.796,False
9713,CA-2014-114251,2014-11-05,2014-11-10,Standard Class,MD-17350,Maribeth Dona,Consumer,United States,Philadelphia,Pennsylvania,19143,East,OFF-ST-10003716,Office Supplies,Storage,Tennsco Double-Tier Lockers,1080.096,6,0.2,-94.5084,True
9714,CA-2014-114251,2014-11-05,2014-11-10,Standard Class,MD-17350,Maribeth Dona,Consumer,United States,Philadelphia,Pennsylvania,19143,East,TEC-AC-10001101,Technology,Accessories,Sony 16GB Class 10 Micro SDHC R40 Memory Card,51.56,5,0.2,-6.445,False
9715,CA-2014-114251,2014-11-05,2014-11-10,Standard Class,MD-17350,Maribeth Dona,Consumer,United States,Philadelphia,Pennsylvania,19143,East,TEC-AC-10004864,Technology,Accessories,Memorex Micro Travel Drive 32 GB,58.416,2,0.2,16.7946,False
9716,CA-2016-116379,2016-11-07,2016-11-12,Standard Class,LD-17005,Lisa DeCherney,Consumer,United States,San Francisco,California,94122,West,OFF-BI-10001543,Office Supplies,Binders,GBC VeloBinder Manual Binding System,57.584,2,0.2,20.1544,False
9725,CA-2015-117898,2015-12-05,2015-12-11,Standard Class,TB-21250,Tim Brockman,Consumer,United States,Bloomington,Illinois,61701,Central,OFF-EN-10004459,Office Supplies,Envelopes,Security-Tint Envelopes,12.224,2,0.2,4.4312,False
9727,CA-2017-167395,2017-12-02,2017-12-04,First Class,KM-16720,Kunst Miller,Consumer,United States,Lowell,Massachusetts,1852,East,OFF-AP-10001293,Office Supplies,Appliances,Belkin 8 Outlet Surge Protector,286.86,7,0.0,80.3208,False
9728,CA-2017-167395,2017-12-02,2017-12-04,First Class,KM-16720,Kunst Miller,Consumer,United States,Lowell,Massachusetts,1852,East,TEC-PH-10004977,Technology,Phones,GE 30524EE4,979.95,5,0.0,284.1855,True
9729,CA-2017-167395,2017-12-02,2017-12-04,First Class,KM-16720,Kunst Miller,Consumer,United States,Lowell,Massachusetts,1852,East,OFF-SU-10001935,Office Supplies,Supplies,Staple remover,4.36,2,0.0,0.1744,False
9742,CA-2015-117086,2015-11-08,2015-11-12,Standard Class,QJ-19255,Quincy Jones,Corporate,United States,Burlington,Vermont,5408,East,FUR-BO-10004834,Furniture,Bookcases,"Riverside Palais Royal Lawyers Bookcase, Royale Cherry Finish",4404.9,5,0.0,1013.127,True
9750,CA-2016-158358,2016-03-04,2016-03-08,Standard Class,EM-13810,Eleni McCrary,Corporate,United States,Dover,New Hampshire,3820,East,TEC-AC-10002567,Technology,Accessories,Logitech G602 Wireless Gaming Mouse,159.98,2,0.0,57.5928,False
9753,US-2016-158680,2016-07-01,2016-07-02,First Class,NZ-18565,Nick Zandusky,Home Office,United States,Seattle,Washington,98115,West,OFF-BI-10000145,Office Supplies,Binders,Zipper Ring Binder Pockets,2.496,1,0.2,0.9048,False
9761,CA-2017-159135,2017-11-04,2017-11-08,Standard Class,KM-16375,Katherine Murray,Home Office,United States,Springdale,Arkansas,72762,South,OFF-AR-10000657,Office Supplies,Art,"Binney & Smith inkTank Desk Highlighter, Chisel Tip, Yellow, 12/Box",4.3,2,0.0,1.419,False
9773,CA-2016-104983,2016-07-03,2016-07-03,Same Day,FM-14215,Filia McAdams,Corporate,United States,Philadelphia,Pennsylvania,19143,East,OFF-PA-10000167,Office Supplies,Paper,Xerox 1925,123.92,5,0.2,38.725,False
9787,US-2014-114377,2014-11-05,2014-11-05,Same Day,BG-11035,Barry Gonzalez,Consumer,United States,Hampton,Virginia,23666,South,FUR-CH-10004754,Furniture,Chairs,"Global Stack Chair with Arms, Black",149.9,5,0.0,40.473,False
9810,US-2014-139640,2014-11-07,2014-11-11,Second Class,TB-21595,Troy Blackwell,Consumer,United States,Portland,Oregon,97206,West,OFF-PA-10000304,Office Supplies,Paper,Xerox 1995,25.92,5,0.2,9.072,False
9811,US-2014-139640,2014-11-07,2014-11-11,Second Class,TB-21595,Troy Blackwell,Consumer,United States,Portland,Oregon,97206,West,OFF-AR-10002240,Office Supplies,Art,Panasonic KP-150 Electric Pencil Sharpener,120.768,4,0.2,9.0576,False
9816,CA-2015-162201,2015-06-08,2015-06-12,Standard Class,AG-10495,Andrew Gjertsen,Corporate,United States,Saint Petersburg,Florida,33710,South,OFF-PA-10002581,Office Supplies,Paper,Xerox 1951,173.488,7,0.2,54.215,False
9817,CA-2015-162201,2015-06-08,2015-06-12,Standard Class,AG-10495,Andrew Gjertsen,Corporate,United States,Saint Petersburg,Florida,33710,South,OFF-ST-10000046,Office Supplies,Storage,Fellowes Super Stor/Drawer Files,516.96,4,0.2,-6.462,True
9818,CA-2015-162201,2015-06-08,2015-06-12,Standard Class,AG-10495,Andrew Gjertsen,Corporate,United States,Saint Petersburg,Florida,33710,South,FUR-FU-10001185,Furniture,Furnishings,"Advantus Employee of the Month Certificate Frame, 11 x 13-1/2",173.208,7,0.2,45.4671,False
9819,CA-2015-162201,2015-06-08,2015-06-12,Standard Class,AG-10495,Andrew Gjertsen,Corporate,United States,Saint Petersburg,Florida,33710,South,OFF-AR-10003856,Office Supplies,Art,Newell 344,4.448,2,0.2,0.3336,False
9820,CA-2015-162201,2015-06-08,2015-06-12,Standard Class,AG-10495,Andrew Gjertsen,Corporate,United States,Saint Petersburg,Florida,33710,South,OFF-LA-10001982,Office Supplies,Labels,Smead Alpha-Z Color-Coded Name Labels First Letter Starter Set,9.0,3,0.2,3.15,False
9821,CA-2015-162201,2015-06-08,2015-06-12,Standard Class,AG-10495,Andrew Gjertsen,Corporate,United States,Saint Petersburg,Florida,33710,South,OFF-PA-10001215,Office Supplies,Paper,Xerox 1963,42.24,10,0.2,13.2,False
9822,CA-2015-162201,2015-06-08,2015-06-12,Standard Class,AG-10495,Andrew Gjertsen,Corporate,United States,Saint Petersburg,Florida,33710,South,OFF-BI-10002429,Office Supplies,Binders,"Premier Elliptical Ring Binder, Black",18.264,2,0.7,-13.3936,False
9835,CA-2016-126627,2016-10-10,2016-10-12,First Class,WB-21850,William Brown,Consumer,United States,La Porte,Texas,77571,Central,FUR-FU-10004963,Furniture,Furnishings,"Eldon 400 Class Desk Accessories, Black Carbon",14.0,4,0.6,-6.3,False
9836,CA-2016-126627,2016-10-10,2016-10-12,First Class,WB-21850,William Brown,Consumer,United States,La Porte,Texas,77571,Central,OFF-BI-10001597,Office Supplies,Binders,"Wilson Jones Ledger-Size, Piano-Hinge Binder, 2"", Blue",16.392,2,0.8,-26.2272,False
9844,CA-2014-163867,2014-06-03,2014-06-06,First Class,RE-19450,Richard Eichhorn,Consumer,United States,Decatur,Illinois,62521,Central,OFF-LA-10001771,Office Supplies,Labels,Avery 513,15.936,4,0.2,5.1792,False
9845,CA-2014-163867,2014-06-03,2014-06-06,First Class,RE-19450,Richard Eichhorn,Consumer,United States,Decatur,Illinois,62521,Central,FUR-FU-10001475,Furniture,Furnishings,"Contract Clock, 14"", Brown",61.544,7,0.6,-40.0036,False
9846,CA-2014-163867,2014-06-03,2014-06-06,First Class,RE-19450,Richard Eichhorn,Consumer,United States,Decatur,Illinois,62521,Central,OFF-ST-10000877,Office Supplies,Storage,Recycled Steel Personal File for Standard File Folders,132.696,3,0.2,9.9522,False
9847,CA-2017-169327,2017-09-02,2017-09-04,Second Class,MH-17290,Marc Harrigan,Home Office,United States,Los Angeles,California,90008,West,OFF-AP-10001492,Office Supplies,Appliances,"Acco Six-Outlet Power Strip, 4' Cord Length",43.1,5,0.0,11.206,False
9848,CA-2017-169327,2017-09-02,2017-09-04,Second Class,MH-17290,Marc Harrigan,Home Office,United States,Los Angeles,California,90008,West,FUR-FU-10004188,Furniture,Furnishings,Luxo Professional Combination Clamp-On Lamps,511.5,5,0.0,132.99,True
9849,CA-2017-169327,2017-09-02,2017-09-04,Second Class,MH-17290,Marc Harrigan,Home Office,United States,Los Angeles,California,90008,West,OFF-BI-10004330,Office Supplies,Binders,"GBC Velobind Prepunched Cover Sets, Regency Series",147.92,5,0.2,46.225,False
9851,CA-2016-158155,2016-05-02,2016-05-06,Standard Class,EH-13765,Edward Hooks,Corporate,United States,New York City,New York,10009,East,FUR-FU-10000732,Furniture,Furnishings,Eldon 200 Class Desk Accessories,12.56,2,0.0,4.0192,False
9852,CA-2016-158155,2016-05-02,2016-05-06,Standard Class,EH-13765,Edward Hooks,Corporate,United States,New York City,New York,10009,East,OFF-BI-10001670,Office Supplies,Binders,Vinyl Sectional Post Binders,90.48,3,0.2,33.93,False
9853,CA-2016-158155,2016-05-02,2016-05-06,Standard Class,EH-13765,Edward Hooks,Corporate,United States,New York City,New York,10009,East,OFF-PA-10000533,Office Supplies,Paper,Southworth Parchment Paper & Envelopes,13.08,2,0.0,6.0168,False
9854,CA-2016-158155,2016-05-02,2016-05-06,Standard Class,EH-13765,Edward Hooks,Corporate,United States,New York City,New York,10009,East,FUR-FU-10002253,Furniture,Furnishings,"Howard Miller 13"" Diameter Pewter Finish Round Wall Clock",214.7,5,0.0,83.733,False
9857,CA-2014-120950,2014-11-06,2014-11-11,Standard Class,GA-14515,George Ashbrook,Consumer,United States,Columbus,Georgia,31907,South,OFF-PA-10000587,Office Supplies,Paper,"Array Parchment Paper, Assorted Colors",43.68,6,0.0,20.9664,False
9869,CA-2014-114195,2014-11-01,2014-11-03,First Class,EA-14035,Erin Ashbrook,Corporate,United States,Mason,Ohio,45040,East,FUR-FU-10002253,Furniture,Furnishings,"Howard Miller 13"" Diameter Pewter Finish Round Wall Clock",68.704,2,0.2,16.3172,False
9870,CA-2014-114195,2014-11-01,2014-11-03,First Class,EA-14035,Erin Ashbrook,Corporate,United States,Mason,Ohio,45040,East,OFF-BI-10000494,Office Supplies,Binders,Acco Economy Flexible Poly Round Ring Binder,3.132,2,0.7,-2.61,False
9871,CA-2014-114195,2014-11-01,2014-11-03,First Class,EA-14035,Erin Ashbrook,Corporate,United States,Mason,Ohio,45040,East,OFF-BI-10001658,Office Supplies,Binders,GBC Standard Therm-A-Bind Covers,22.428,3,0.7,-17.9424,False
9872,CA-2017-146269,2017-10-06,2017-10-06,Same Day,MH-17455,Mark Hamilton,Consumer,United States,Chicago,Illinois,60623,Central,OFF-ST-10003208,Office Supplies,Storage,Adjustable Depth Letter/Legal Cart,290.336,2,0.2,32.6628,False
9873,CA-2017-146269,2017-10-06,2017-10-06,Same Day,MH-17455,Mark Hamilton,Consumer,United States,Chicago,Illinois,60623,Central,OFF-AR-10004790,Office Supplies,Art,Staples in misc. colors,19.152,2,0.2,1.197,False
9884,CA-2014-112291,2014-04-03,2014-04-08,Standard Class,KE-16420,Katrina Edelman,Corporate,United States,Los Angeles,California,90008,West,OFF-EN-10001415,Office Supplies,Envelopes,Staple envelope,11.16,2,0.0,5.58,False
9885,CA-2014-112291,2014-04-03,2014-04-08,Standard Class,KE-16420,Katrina Edelman,Corporate,United States,Los Angeles,California,90008,West,TEC-AC-10001284,Technology,Accessories,Enermax Briskie RF Wireless Keyboard and Mouse Combo,62.31,3,0.0,22.4316,False
9886,CA-2014-112291,2014-04-03,2014-04-08,Standard Class,KE-16420,Katrina Edelman,Corporate,United States,Los Angeles,California,90008,West,TEC-AC-10000736,Technology,Accessories,Logitech G600 MMO Gaming Mouse,159.98,2,0.0,57.5928,False
9889,CA-2015-127544,2015-08-08,2015-08-12,Standard Class,RD-19585,Rob Dowd,Consumer,United States,Utica,New York,13501,East,TEC-AC-10000736,Technology,Accessories,Logitech G600 MMO Gaming Mouse,79.99,1,0.0,28.7964,False
9898,CA-2016-112830,2016-06-06,2016-06-10,Standard Class,LP-17095,Liz Preis,Consumer,United States,Fairfield,Ohio,45014,East,FUR-FU-10004306,Furniture,Furnishings,Electrix Halogen Magnifier Lamp,466.32,3,0.2,34.974,False
9899,CA-2016-112830,2016-06-06,2016-06-10,Standard Class,LP-17095,Liz Preis,Consumer,United States,Fairfield,Ohio,45014,East,FUR-FU-10004845,Furniture,Furnishings,"Deflect-o EconoMat Nonstudded, No Bevel Mat",82.64,2,0.2,0.0,False
9912,US-2014-157231,2014-04-05,2014-04-09,Standard Class,RP-19855,Roy Phan,Corporate,United States,Richmond,Kentucky,40475,South,OFF-BI-10002852,Office Supplies,Binders,Ibico Standard Transparent Covers,115.36,7,0.0,56.5264,False
9913,CA-2015-132388,2015-10-10,2015-10-12,First Class,KN-16390,Katherine Nockton,Corporate,United States,Santa Barbara,California,93101,West,FUR-CH-10001714,Furniture,Chairs,"Global Leather & Oak Executive Chair, Burgundy",362.136,3,0.2,-54.3204,False
9914,CA-2015-132388,2015-10-10,2015-10-12,First Class,KN-16390,Katherine Nockton,Corporate,United States,Santa Barbara,California,93101,West,OFF-LA-10000414,Office Supplies,Labels,Avery 503,31.05,3,0.0,14.904,False
9923,US-2017-162124,2017-05-06,2017-05-10,Standard Class,JF-15490,Jeremy Farry,Consumer,United States,Chicago,Illinois,60653,Central,TEC-AC-10001990,Technology,Accessories,Kensington Orbit Wireless Mobile Trackball for PC and Mac,191.968,4,0.2,28.7952,False
9929,CA-2016-129630,2016-09-04,2016-09-04,Same Day,IM-15055,Ionia McGrath,Consumer,United States,San Francisco,California,94122,West,FUR-FU-10000260,Furniture,Furnishings,"6"" Cubicle Wall Clock, Black",24.27,3,0.0,8.7372,False
9930,CA-2016-129630,2016-09-04,2016-09-04,Same Day,IM-15055,Ionia McGrath,Consumer,United States,San Francisco,California,94122,West,TEC-CO-10003763,Technology,Copiers,Canon PC1060 Personal Laser Copier,2799.96,5,0.2,944.9865,True
9935,CA-2016-114405,2016-04-07,2016-04-12,Standard Class,AS-10240,Alan Shonely,Consumer,United States,Philadelphia,Pennsylvania,19120,East,OFF-AP-10003278,Office Supplies,Appliances,Belkin 7-Outlet SurgeMaster Home Series,33.528,3,0.2,2.5146,False
9936,CA-2016-114405,2016-04-07,2016-04-12,Standard Class,AS-10240,Alan Shonely,Consumer,United States,Philadelphia,Pennsylvania,19120,East,OFF-ST-10001627,Office Supplies,Storage,Eldon Jumbo ProFile Portable File Boxes Graphite/Black,36.744,3,0.2,3.6744,False
9938,CA-2016-164889,2016-06-03,2016-06-06,Second Class,CP-12340,Christine Phan,Corporate,United States,Los Angeles,California,90049,West,FUR-TA-10001676,Furniture,Tables,Hon 61000 Series Interactive Training Tables,71.088,2,0.2,-1.7772,False
9946,CA-2014-111157,2014-03-02,2014-03-06,Standard Class,NH-18610,Nicole Hansen,Corporate,United States,Philadelphia,Pennsylvania,19120,East,OFF-PA-10000327,Office Supplies,Paper,Xerox 1971,3.424,1,0.2,1.07,False
9947,CA-2014-111157,2014-03-02,2014-03-06,Standard Class,NH-18610,Nicole Hansen,Corporate,United States,Philadelphia,Pennsylvania,19120,East,TEC-AC-10004353,Technology,Accessories,Hypercom P1300 Pinpad,151.2,3,0.2,32.13,False
9948,CA-2017-121559,2017-06-01,2017-06-03,Second Class,HW-14935,Helen Wasserman,Corporate,United States,Indianapolis,Indiana,46203,Central,FUR-CH-10003746,Furniture,Chairs,Hon 4070 Series Pagoda Round Back Stacking Chairs,1925.88,6,0.0,539.2464,True
9949,CA-2017-121559,2017-06-01,2017-06-03,Second Class,HW-14935,Helen Wasserman,Corporate,United States,Indianapolis,Indiana,46203,Central,OFF-AP-10002945,Office Supplies,Appliances,Honeywell Enviracaire Portable HEPA Air Cleaner for 17' x 22' Room,2405.2,8,0.0,793.716,True
9950,CA-2017-121559,2017-06-01,2017-06-03,Second Class,HW-14935,Helen Wasserman,Corporate,United States,Indianapolis,Indiana,46203,Central,TEC-AC-10004568,Technology,Accessories,Maxellï¿½LTO Ultrium - 800 GB,83.97,3,0.0,15.9543,False
9951,CA-2017-121559,2017-06-01,2017-06-03,Second Class,HW-14935,Helen Wasserman,Corporate,United States,Indianapolis,Indiana,46203,Central,TEC-AC-10001714,Technology,Accessories,Logitechï¿½MX Performance Wireless Mouse,39.89,1,0.0,14.7593,False
9952,CA-2017-121559,2017-06-01,2017-06-03,Second Class,HW-14935,Helen Wasserman,Corporate,United States,Indianapolis,Indiana,46203,Central,OFF-BI-10002072,Office Supplies,Binders,Cardinal Slant-D Ring Binders,17.38,2,0.0,8.69,False
9960,CA-2017-137421,2017-10-06,2017-10-11,Standard Class,AJ-10945,Ashley Jarboe,Consumer,United States,Chandler,Arizona,85224,West,OFF-AR-10001761,Office Supplies,Art,Avery Hi-Liter Smear-Safe Highlighters,9.344,2,0.2,1.8688,False
9965,CA-2016-146374,2016-12-05,2016-12-10,Second Class,HE-14800,Harold Engle,Corporate,United States,Newark,Delaware,19711,East,FUR-FU-10002671,Furniture,Furnishings,Electrix 20W Halogen Replacement Bulb for Zoom-In Desk Lamp,13.4,1,0.0,6.432,False
9966,CA-2016-146374,2016-12-05,2016-12-10,Second Class,HE-14800,Harold Engle,Corporate,United States,Newark,Delaware,19711,East,OFF-PA-10000349,Office Supplies,Paper,Easy-staple paper,4.98,1,0.0,2.3406,False
9967,CA-2016-146374,2016-12-05,2016-12-10,Second Class,HE-14800,Harold Engle,Corporate,United States,Newark,Delaware,19711,East,OFF-EN-10004483,Office Supplies,Envelopes,"#10 White Business Envelopes,4 1/8 x 9 1/2",109.69,7,0.0,51.5543,False
9974,US-2016-103674,2016-12-06,2016-12-10,Standard Class,AP-10720,Anne Pryor,Home Office,United States,Los Angeles,California,90032,West,TEC-PH-10004080,Technology,Phones,Avaya 5410 Digital phone,271.96,5,0.2,27.196,False
9975,US-2016-103674,2016-12-06,2016-12-10,Standard Class,AP-10720,Anne Pryor,Home Office,United States,Los Angeles,California,90032,West,OFF-AR-10004752,Office Supplies,Art,Blackstonian Pencils,18.69,7,0.0,5.2332,False
9976,US-2016-103674,2016-12-06,2016-12-10,Standard Class,AP-10720,Anne Pryor,Home Office,United States,Los Angeles,California,90032,West,OFF-PA-10000743,Office Supplies,Paper,Xerox 1977,13.36,2,0.0,6.4128,False
9977,US-2016-103674,2016-12-06,2016-12-10,Standard Class,AP-10720,Anne Pryor,Home Office,United States,Los Angeles,California,90032,West,TEC-PH-10002496,Technology,Phones,Cisco SPA301,249.584,2,0.2,31.198,False
9978,US-2016-103674,2016-12-06,2016-12-10,Standard Class,AP-10720,Anne Pryor,Home Office,United States,Los Angeles,California,90032,West,OFF-FA-10003467,Office Supplies,Fasteners,"Alliance Big Bands Rubber Bands, 12/Pack",13.86,7,0.0,0.0,False
9979,US-2016-103674,2016-12-06,2016-12-10,Standard Class,AP-10720,Anne Pryor,Home Office,United States,Los Angeles,California,90032,West,OFF-BI-10003727,Office Supplies,Binders,Avery Durable Slant Ring Binders With Label Holder,13.376,4,0.2,4.6816,False
9980,US-2016-103674,2016-12-06,2016-12-10,Standard Class,AP-10720,Anne Pryor,Home Office,United States,Los Angeles,California,90032,West,OFF-BI-10002026,Office Supplies,Binders,Ibico Recycled Linen-Style Covers,437.472,14,0.2,153.1152,False
9981,US-2015-151435,2015-09-06,2015-09-09,Second Class,SW-20455,Shaun Weien,Consumer,United States,Lafayette,Louisiana,70506,South,FUR-TA-10001039,Furniture,Tables,KI Adjustable-Height Table,85.98,1,0.0,22.3548,False
9982,CA-2017-163566,2017-08-03,2017-08-06,First Class,TB-21055,Ted Butterfield,Consumer,United States,Fairfield,Ohio,45014,East,OFF-LA-10004484,Office Supplies,Labels,Avery 476,16.52,5,0.2,5.369,False
9994,CA-2017-119914,2017-05-04,2017-05-09,Second Class,CC-12220,Chris Cortes,Consumer,United States,Westminster,California,92683,West,OFF-AP-10002684,Office Supplies,Appliances,"Acco 7-Outlet Masterpiece Power Center, Wihtout Fax/Phone Line Protection",243.16,2,0.0,72.948,False
